product_id,product_name,category_main,category_sub,category_type,price_vnd,image_url,attributes
SKU000001,Điện thoại iPhone 14 128GB - Chính Hãng VN/A (Titan Trắng),Điện tử,Điện thoại,iPhone,38990000,https://picsum.photos/seed/iphone1/600/600,Hệ điều hành: iOS; Bộ nhớ: 128GB; Màu sắc: Titan Trắng; Màn hình: Super Retina XDR; Chip: Apple Bionic/A-series
SKU000002,Điện thoại iPhone 14 Pro 256GB - Chính Hãng VN/A (Titan Đen),Điện tử,Điện thoại,iPhone,35990000,https://picsum.photos/seed/iphone2/600/600,Hệ điều hành: iOS; Bộ nhớ: 256GB; Màu sắc: Titan Đen; Màn hình: Super Retina XDR; Chip: Apple Bionic/A-series
SKU000003,Điện thoại iPhone 15 512GB - Chính Hãng VN/A (Xanh Dương),Điện tử,Điện thoại,iPhone,26080000,https://picsum.photos/seed/iphone3/600/600,Hệ điều hành: iOS; Bộ nhớ: 512GB; Màu sắc: Xanh Dương; Màn hình: Super Retina XDR; Chip: Apple Bionic/A-series
SKU000004,Điện thoại iPhone 13 512GB - Chính Hãng VN/A (Titan Tự Nhiên),Điện tử,Điện thoại,iPhone,18080000,https://picsum.photos/seed/iphone4/600/600,Hệ điều hành: iOS; Bộ nhớ: 512GB; Màu sắc: Titan Tự Nhiên; Màn hình: Super Retina XDR; Chip: Apple Bionic/A-series
SKU000005,Điện thoại iPhone 13 512GB - Chính Hãng VN/A (Titan Tự Nhiên),Điện tử,Điện thoại,iPhone,36990000,https://picsum.photos/seed/iphone5/600/600,Hệ điều hành: iOS; Bộ nhớ: 512GB; Màu sắc: Titan Tự Nhiên; Màn hình: Super Retina XDR; Chip: Apple Bionic/A-series
SKU000006,Điện thoại iPhone 15 256GB - Chính Hãng VN/A (Titan Đen),Điện tử,Điện thoại,iPhone,24080000,https://picsum.photos/seed/iphone6/600/600,Hệ điều hành: iOS; Bộ nhớ: 256GB; Màu sắc: Titan Đen; Màn hình: Super Retina XDR; Chip: Apple Bionic/A-series
SKU000007,Điện thoại iPhone 16 Pro 512GB - Chính Hãng VN/A (Titan Tự Nhiên),Điện tử,Điện thoại,iPhone,19080000,https://picsum.photos/seed/iphone7/600/600,Hệ điều hành: iOS; Bộ nhớ: 512GB; Màu sắc: Titan Tự Nhiên; Màn hình: Super Retina XDR; Chip: Apple Bionic/A-series
SKU000008,Điện thoại iPhone 15 Pro Max 256GB - Chính Hãng VN/A (Titan Trắng),Điện tử,Điện thoại,iPhone,16080000,https://picsum.photos/seed/iphone8/600/600,Hệ điều hành: iOS; Bộ nhớ: 256GB; Màu sắc: Titan Trắng; Màn hình: Super Retina XDR; Chip: Apple Bionic/A-series
SKU000009,Điện thoại iPhone 13 512GB - Chính Hãng VN/A (Titan Trắng),Điện tử,Điện thoại,iPhone,23990000,https://picsum.photos/seed/iphone9/600/600,Hệ điều hành: iOS; Bộ nhớ: 512GB; Màu sắc: Titan Trắng; Màn hình: Super Retina XDR; Chip: Apple Bionic/A-series
SKU000010,Điện thoại iPhone 15 Pro Max 256GB - Chính Hãng VN/A (Đen Midnight),Điện tử,Điện thoại,iPhone,35990000,https://picsum.photos/seed/iphone10/600/600,Hệ điều hành: iOS; Bộ nhớ: 256GB; Màu sắc: Đen Midnight; Màn hình: Super Retina XDR; Chip: Apple Bionic/A-series
SKU000011,Điện thoại iPhone 16 Pro 256GB - Chính Hãng VN/A (Đen Midnight),Điện tử,Điện thoại,iPhone,44080000,https://picsum.photos/seed/iphone11/600/600,Hệ điều hành: iOS; Bộ nhớ: 256GB; Màu sắc: Đen Midnight; Màn hình: Super Retina XDR; Chip: Apple Bionic/A-series
SKU000012,Điện thoại iPhone 13 128GB - Chính Hãng VN/A (Titan Sa Mạc),Điện tử,Điện thoại,iPhone,21080000,https://picsum.photos/seed/iphone12/600/600,Hệ điều hành: iOS; Bộ nhớ: 128GB; Màu sắc: Titan Sa Mạc; Màn hình: Super Retina XDR; Chip: Apple Bionic/A-series
SKU000013,Điện thoại iPhone 16 Pro 1TB - Chính Hãng VN/A (Titan Đen),Điện tử,Điện thoại,iPhone,24990000,https://picsum.photos/seed/iphone13/600/600,Hệ điều hành: iOS; Bộ nhớ: 1TB; Màu sắc: Titan Đen; Màn hình: Super Retina XDR; Chip: Apple Bionic/A-series
SKU000014,Điện thoại iPhone 14 128GB - Chính Hãng VN/A (Titan Tự Nhiên),Điện tử,Điện thoại,iPhone,33080000,https://picsum.photos/seed/iphone14/600/600,Hệ điều hành: iOS; Bộ nhớ: 128GB; Màu sắc: Titan Tự Nhiên; Màn hình: Super Retina XDR; Chip: Apple Bionic/A-series
SKU000015,Điện thoại iPhone 15 128GB - Chính Hãng VN/A (Titan Đen),Điện tử,Điện thoại,iPhone,27990000,https://picsum.photos/seed/iphone15/600/600,Hệ điều hành: iOS; Bộ nhớ: 128GB; Màu sắc: Titan Đen; Màn hình: Super Retina XDR; Chip: Apple Bionic/A-series
SKU000016,Điện thoại iPhone 15 1TB - Chính Hãng VN/A (Titan Tự Nhiên),Điện tử,Điện thoại,iPhone,37080000,https://picsum.photos/seed/iphone16/600/600,Hệ điều hành: iOS; Bộ nhớ: 1TB; Màu sắc: Titan Tự Nhiên; Màn hình: Super Retina XDR; Chip: Apple Bionic/A-series
SKU000017,Điện thoại iPhone 15 Pro 512GB - Chính Hãng VN/A (Đen Midnight),Điện tử,Điện thoại,iPhone,31080000,https://picsum.photos/seed/iphone17/600/600,Hệ điều hành: iOS; Bộ nhớ: 512GB; Màu sắc: Đen Midnight; Màn hình: Super Retina XDR; Chip: Apple Bionic/A-series
SKU000018,Điện thoại iPhone 15 1TB - Chính Hãng VN/A (Đen Midnight),Điện tử,Điện thoại,iPhone,30990000,https://picsum.photos/seed/iphone18/600/600,Hệ điều hành: iOS; Bộ nhớ: 1TB; Màu sắc: Đen Midnight; Màn hình: Super Retina XDR; Chip: Apple Bionic/A-series
SKU000019,Điện thoại iPhone 15 128GB - Chính Hãng VN/A (Titan Trắng),Điện tử,Điện thoại,iPhone,29990000,https://picsum.photos/seed/iphone19/600/600,Hệ điều hành: iOS; Bộ nhớ: 128GB; Màu sắc: Titan Trắng; Màn hình: Super Retina XDR; Chip: Apple Bionic/A-series
SKU000020,Điện thoại iPhone 15 256GB - Chính Hãng VN/A (Đen Midnight),Điện tử,Điện thoại,iPhone,41080000,https://picsum.photos/seed/iphone20/600/600,Hệ điều hành: iOS; Bộ nhớ: 256GB; Màu sắc: Đen Midnight; Màn hình: Super Retina XDR; Chip: Apple Bionic/A-series
SKU000021,Điện thoại iPhone 15 Pro 128GB - Chính Hãng VN/A (Titan Sa Mạc),Điện tử,Điện thoại,iPhone,35990000,https://picsum.photos/seed/iphone21/600/600,Hệ điều hành: iOS; Bộ nhớ: 128GB; Màu sắc: Titan Sa Mạc; Màn hình: Super Retina XDR; Chip: Apple Bionic/A-series
SKU000022,Điện thoại iPhone 13 256GB - Chính Hãng VN/A (Titan Tự Nhiên),Điện tử,Điện thoại,iPhone,32990000,https://picsum.photos/seed/iphone22/600/600,Hệ điều hành: iOS; Bộ nhớ: 256GB; Màu sắc: Titan Tự Nhiên; Màn hình: Super Retina XDR; Chip: Apple Bionic/A-series
SKU000023,Điện thoại iPhone 16 Pro 128GB - Chính Hãng VN/A (Đen Midnight),Điện tử,Điện thoại,iPhone,39990000,https://picsum.photos/seed/iphone23/600/600,Hệ điều hành: iOS; Bộ nhớ: 128GB; Màu sắc: Đen Midnight; Màn hình: Super Retina XDR; Chip: Apple Bionic/A-series
SKU000024,Điện thoại iPhone 15 128GB - Chính Hãng VN/A (Xanh Dương),Điện tử,Điện thoại,iPhone,37990000,https://picsum.photos/seed/iphone24/600/600,Hệ điều hành: iOS; Bộ nhớ: 128GB; Màu sắc: Xanh Dương; Màn hình: Super Retina XDR; Chip: Apple Bionic/A-series
SKU000025,Điện thoại iPhone 16 Pro Max 512GB - Chính Hãng VN/A (Xanh Dương),Điện tử,Điện thoại,iPhone,39990000,https://picsum.photos/seed/iphone25/600/600,Hệ điều hành: iOS; Bộ nhớ: 512GB; Màu sắc: Xanh Dương; Màn hình: Super Retina XDR; Chip: Apple Bionic/A-series
SKU000026,Điện thoại iPhone 16 Pro 1TB - Chính Hãng VN/A (Titan Tự Nhiên),Điện tử,Điện thoại,iPhone,21080000,https://picsum.photos/seed/iphone26/600/600,Hệ điều hành: iOS; Bộ nhớ: 1TB; Màu sắc: Titan Tự Nhiên; Màn hình: Super Retina XDR; Chip: Apple Bionic/A-series
SKU000027,Điện thoại iPhone 15 1TB - Chính Hãng VN/A (Titan Đen),Điện tử,Điện thoại,iPhone,16080000,https://picsum.photos/seed/iphone27/600/600,Hệ điều hành: iOS; Bộ nhớ: 1TB; Màu sắc: Titan Đen; Màn hình: Super Retina XDR; Chip: Apple Bionic/A-series
SKU000028,Điện thoại iPhone 16 Pro Max 1TB - Chính Hãng VN/A (Titan Đen),Điện tử,Điện thoại,iPhone,19990000,https://picsum.photos/seed/iphone28/600/600,Hệ điều hành: iOS; Bộ nhớ: 1TB; Màu sắc: Titan Đen; Màn hình: Super Retina XDR; Chip: Apple Bionic/A-series
SKU000029,Điện thoại iPhone 15 Pro 128GB - Chính Hãng VN/A (Đen Midnight),Điện tử,Điện thoại,iPhone,19080000,https://picsum.photos/seed/iphone29/600/600,Hệ điều hành: iOS; Bộ nhớ: 128GB; Màu sắc: Đen Midnight; Màn hình: Super Retina XDR; Chip: Apple Bionic/A-series
SKU000030,Điện thoại iPhone 15 Pro Max 128GB - Chính Hãng VN/A (Xanh Dương),Điện tử,Điện thoại,iPhone,34990000,https://picsum.photos/seed/iphone30/600/600,Hệ điều hành: iOS; Bộ nhớ: 128GB; Màu sắc: Xanh Dương; Màn hình: Super Retina XDR; Chip: Apple Bionic/A-series
SKU000031,Điện thoại iPhone 14 Pro 512GB - Chính Hãng VN/A (Titan Sa Mạc),Điện tử,Điện thoại,iPhone,27080000,https://picsum.photos/seed/iphone31/600/600,Hệ điều hành: iOS; Bộ nhớ: 512GB; Màu sắc: Titan Sa Mạc; Màn hình: Super Retina XDR; Chip: Apple Bionic/A-series
SKU000032,Điện thoại iPhone 15 Pro Max 512GB - Chính Hãng VN/A (Titan Tự Nhiên),Điện tử,Điện thoại,iPhone,44990000,https://picsum.photos/seed/iphone32/600/600,Hệ điều hành: iOS; Bộ nhớ: 512GB; Màu sắc: Titan Tự Nhiên; Màn hình: Super Retina XDR; Chip: Apple Bionic/A-series
SKU000033,Điện thoại iPhone 15 1TB - Chính Hãng VN/A (Titan Trắng),Điện tử,Điện thoại,iPhone,24080000,https://picsum.photos/seed/iphone33/600/600,Hệ điều hành: iOS; Bộ nhớ: 1TB; Màu sắc: Titan Trắng; Màn hình: Super Retina XDR; Chip: Apple Bionic/A-series
SKU000034,Điện thoại iPhone 15 Pro Max 1TB - Chính Hãng VN/A (Titan Tự Nhiên),Điện tử,Điện thoại,iPhone,30080000,https://picsum.photos/seed/iphone34/600/600,Hệ điều hành: iOS; Bộ nhớ: 1TB; Màu sắc: Titan Tự Nhiên; Màn hình: Super Retina XDR; Chip: Apple Bionic/A-series
SKU000035,Điện thoại iPhone 16 Pro 256GB - Chính Hãng VN/A (Titan Đen),Điện tử,Điện thoại,iPhone,37990000,https://picsum.photos/seed/iphone35/600/600,Hệ điều hành: iOS; Bộ nhớ: 256GB; Màu sắc: Titan Đen; Màn hình: Super Retina XDR; Chip: Apple Bionic/A-series
SKU000036,Điện thoại iPhone 15 Pro 1TB - Chính Hãng VN/A (Titan Trắng),Điện tử,Điện thoại,iPhone,21990000,https://picsum.photos/seed/iphone36/600/600,Hệ điều hành: iOS; Bộ nhớ: 1TB; Màu sắc: Titan Trắng; Màn hình: Super Retina XDR; Chip: Apple Bionic/A-series
SKU000037,Điện thoại iPhone 14 512GB - Chính Hãng VN/A (Titan Sa Mạc),Điện tử,Điện thoại,iPhone,34990000,https://picsum.photos/seed/iphone37/600/600,Hệ điều hành: iOS; Bộ nhớ: 512GB; Màu sắc: Titan Sa Mạc; Màn hình: Super Retina XDR; Chip: Apple Bionic/A-series
SKU000038,Điện thoại iPhone 15 512GB - Chính Hãng VN/A (Titan Tự Nhiên),Điện tử,Điện thoại,iPhone,19080000,https://picsum.photos/seed/iphone38/600/600,Hệ điều hành: iOS; Bộ nhớ: 512GB; Màu sắc: Titan Tự Nhiên; Màn hình: Super Retina XDR; Chip: Apple Bionic/A-series
SKU000039,Điện thoại iPhone 14 128GB - Chính Hãng VN/A (Titan Sa Mạc),Điện tử,Điện thoại,iPhone,16990000,https://picsum.photos/seed/iphone39/600/600,Hệ điều hành: iOS; Bộ nhớ: 128GB; Màu sắc: Titan Sa Mạc; Màn hình: Super Retina XDR; Chip: Apple Bionic/A-series
SKU000040,Điện thoại iPhone 13 1TB - Chính Hãng VN/A (Titan Tự Nhiên),Điện tử,Điện thoại,iPhone,30080000,https://picsum.photos/seed/iphone40/600/600,Hệ điều hành: iOS; Bộ nhớ: 1TB; Màu sắc: Titan Tự Nhiên; Màn hình: Super Retina XDR; Chip: Apple Bionic/A-series
SKU000041,Điện thoại iPhone 16 1TB - Chính Hãng VN/A (Xanh Dương),Điện tử,Điện thoại,iPhone,34990000,https://picsum.photos/seed/iphone41/600/600,Hệ điều hành: iOS; Bộ nhớ: 1TB; Màu sắc: Xanh Dương; Màn hình: Super Retina XDR; Chip: Apple Bionic/A-series
SKU000042,Điện thoại iPhone 14 512GB - Chính Hãng VN/A (Titan Đen),Điện tử,Điện thoại,iPhone,32080000,https://picsum.photos/seed/iphone42/600/600,Hệ điều hành: iOS; Bộ nhớ: 512GB; Màu sắc: Titan Đen; Màn hình: Super Retina XDR; Chip: Apple Bionic/A-series
SKU000043,Điện thoại iPhone 13 256GB - Chính Hãng VN/A (Titan Sa Mạc),Điện tử,Điện thoại,iPhone,43080000,https://picsum.photos/seed/iphone43/600/600,Hệ điều hành: iOS; Bộ nhớ: 256GB; Màu sắc: Titan Sa Mạc; Màn hình: Super Retina XDR; Chip: Apple Bionic/A-series
SKU000044,Điện thoại iPhone 16 Pro Max 128GB - Chính Hãng VN/A (Xanh Dương),Điện tử,Điện thoại,iPhone,40080000,https://picsum.photos/seed/iphone44/600/600,Hệ điều hành: iOS; Bộ nhớ: 128GB; Màu sắc: Xanh Dương; Màn hình: Super Retina XDR; Chip: Apple Bionic/A-series
SKU000045,Điện thoại iPhone 13 512GB - Chính Hãng VN/A (Titan Tự Nhiên),Điện tử,Điện thoại,iPhone,27990000,https://picsum.photos/seed/iphone45/600/600,Hệ điều hành: iOS; Bộ nhớ: 512GB; Màu sắc: Titan Tự Nhiên; Màn hình: Super Retina XDR; Chip: Apple Bionic/A-series
SKU000046,Điện thoại iPhone 15 Pro Max 512GB - Chính Hãng VN/A (Titan Tự Nhiên),Điện tử,Điện thoại,iPhone,25990000,https://picsum.photos/seed/iphone46/600/600,Hệ điều hành: iOS; Bộ nhớ: 512GB; Màu sắc: Titan Tự Nhiên; Màn hình: Super Retina XDR; Chip: Apple Bionic/A-series
SKU000047,Điện thoại iPhone 15 1TB - Chính Hãng VN/A (Titan Sa Mạc),Điện tử,Điện thoại,iPhone,17080000,https://picsum.photos/seed/iphone47/600/600,Hệ điều hành: iOS; Bộ nhớ: 1TB; Màu sắc: Titan Sa Mạc; Màn hình: Super Retina XDR; Chip: Apple Bionic/A-series
SKU000048,Điện thoại iPhone 16 512GB - Chính Hãng VN/A (Đen Midnight),Điện tử,Điện thoại,iPhone,22990000,https://picsum.photos/seed/iphone48/600/600,Hệ điều hành: iOS; Bộ nhớ: 512GB; Màu sắc: Đen Midnight; Màn hình: Super Retina XDR; Chip: Apple Bionic/A-series
SKU000049,Điện thoại iPhone 14 Pro 256GB - Chính Hãng VN/A (Titan Trắng),Điện tử,Điện thoại,iPhone,45080000,https://picsum.photos/seed/iphone49/600/600,Hệ điều hành: iOS; Bộ nhớ: 256GB; Màu sắc: Titan Trắng; Màn hình: Super Retina XDR; Chip: Apple Bionic/A-series
SKU000050,Điện thoại iPhone 16 Pro 128GB - Chính Hãng VN/A (Titan Sa Mạc),Điện tử,Điện thoại,iPhone,20990000,https://picsum.photos/seed/iphone50/600/600,Hệ điều hành: iOS; Bộ nhớ: 128GB; Màu sắc: Titan Sa Mạc; Màn hình: Super Retina XDR; Chip: Apple Bionic/A-series
SKU000051,Điện thoại iPhone 16 128GB - Chính Hãng VN/A (Titan Trắng),Điện tử,Điện thoại,iPhone,45080000,https://picsum.photos/seed/iphone51/600/600,Hệ điều hành: iOS; Bộ nhớ: 128GB; Màu sắc: Titan Trắng; Màn hình: Super Retina XDR; Chip: Apple Bionic/A-series
SKU000052,Điện thoại iPhone 15 Pro 1TB - Chính Hãng VN/A (Đen Midnight),Điện tử,Điện thoại,iPhone,38080000,https://picsum.photos/seed/iphone52/600/600,Hệ điều hành: iOS; Bộ nhớ: 1TB; Màu sắc: Đen Midnight; Màn hình: Super Retina XDR; Chip: Apple Bionic/A-series
SKU000053,Điện thoại iPhone 16 Pro Max 256GB - Chính Hãng VN/A (Titan Đen),Điện tử,Điện thoại,iPhone,21990000,https://picsum.photos/seed/iphone53/600/600,Hệ điều hành: iOS; Bộ nhớ: 256GB; Màu sắc: Titan Đen; Màn hình: Super Retina XDR; Chip: Apple Bionic/A-series
SKU000054,Điện thoại iPhone 14 128GB - Chính Hãng VN/A (Titan Tự Nhiên),Điện tử,Điện thoại,iPhone,39080000,https://picsum.photos/seed/iphone54/600/600,Hệ điều hành: iOS; Bộ nhớ: 128GB; Màu sắc: Titan Tự Nhiên; Màn hình: Super Retina XDR; Chip: Apple Bionic/A-series
SKU000055,Điện thoại iPhone 15 512GB - Chính Hãng VN/A (Titan Trắng),Điện tử,Điện thoại,iPhone,33080000,https://picsum.photos/seed/iphone55/600/600,Hệ điều hành: iOS; Bộ nhớ: 512GB; Màu sắc: Titan Trắng; Màn hình: Super Retina XDR; Chip: Apple Bionic/A-series
SKU000056,Điện thoại iPhone 16 Pro Max 256GB - Chính Hãng VN/A (Titan Đen),Điện tử,Điện thoại,iPhone,41990000,https://picsum.photos/seed/iphone56/600/600,Hệ điều hành: iOS; Bộ nhớ: 256GB; Màu sắc: Titan Đen; Màn hình: Super Retina XDR; Chip: Apple Bionic/A-series
SKU000057,Điện thoại iPhone 15 Pro 256GB - Chính Hãng VN/A (Titan Trắng),Điện tử,Điện thoại,iPhone,40990000,https://picsum.photos/seed/iphone57/600/600,Hệ điều hành: iOS; Bộ nhớ: 256GB; Màu sắc: Titan Trắng; Màn hình: Super Retina XDR; Chip: Apple Bionic/A-series
SKU000058,Điện thoại iPhone 15 Pro Max 128GB - Chính Hãng VN/A (Titan Tự Nhiên),Điện tử,Điện thoại,iPhone,39080000,https://picsum.photos/seed/iphone58/600/600,Hệ điều hành: iOS; Bộ nhớ: 128GB; Màu sắc: Titan Tự Nhiên; Màn hình: Super Retina XDR; Chip: Apple Bionic/A-series
SKU000059,Điện thoại iPhone 14 Pro 128GB - Chính Hãng VN/A (Titan Đen),Điện tử,Điện thoại,iPhone,17990000,https://picsum.photos/seed/iphone59/600/600,Hệ điều hành: iOS; Bộ nhớ: 128GB; Màu sắc: Titan Đen; Màn hình: Super Retina XDR; Chip: Apple Bionic/A-series
SKU000060,Điện thoại iPhone 14 Pro 1TB - Chính Hãng VN/A (Đen Midnight),Điện tử,Điện thoại,iPhone,39990000,https://picsum.photos/seed/iphone60/600/600,Hệ điều hành: iOS; Bộ nhớ: 1TB; Màu sắc: Đen Midnight; Màn hình: Super Retina XDR; Chip: Apple Bionic/A-series
SKU000061,Điện thoại iPhone 16 Pro Max 512GB - Chính Hãng VN/A (Titan Tự Nhiên),Điện tử,Điện thoại,iPhone,30990000,https://picsum.photos/seed/iphone61/600/600,Hệ điều hành: iOS; Bộ nhớ: 512GB; Màu sắc: Titan Tự Nhiên; Màn hình: Super Retina XDR; Chip: Apple Bionic/A-series
SKU000062,Điện thoại iPhone 15 Pro 1TB - Chính Hãng VN/A (Xanh Dương),Điện tử,Điện thoại,iPhone,31080000,https://picsum.photos/seed/iphone62/600/600,Hệ điều hành: iOS; Bộ nhớ: 1TB; Màu sắc: Xanh Dương; Màn hình: Super Retina XDR; Chip: Apple Bionic/A-series
SKU000063,Điện thoại iPhone 15 1TB - Chính Hãng VN/A (Titan Trắng),Điện tử,Điện thoại,iPhone,33080000,https://picsum.photos/seed/iphone63/600/600,Hệ điều hành: iOS; Bộ nhớ: 1TB; Màu sắc: Titan Trắng; Màn hình: Super Retina XDR; Chip: Apple Bionic/A-series
SKU000064,Điện thoại iPhone 16 Pro Max 128GB - Chính Hãng VN/A (Titan Trắng),Điện tử,Điện thoại,iPhone,41080000,https://picsum.photos/seed/iphone64/600/600,Hệ điều hành: iOS; Bộ nhớ: 128GB; Màu sắc: Titan Trắng; Màn hình: Super Retina XDR; Chip: Apple Bionic/A-series
SKU000065,Điện thoại iPhone 16 256GB - Chính Hãng VN/A (Đen Midnight),Điện tử,Điện thoại,iPhone,36080000,https://picsum.photos/seed/iphone65/600/600,Hệ điều hành: iOS; Bộ nhớ: 256GB; Màu sắc: Đen Midnight; Màn hình: Super Retina XDR; Chip: Apple Bionic/A-series
SKU000066,Điện thoại iPhone 14 1TB - Chính Hãng VN/A (Titan Tự Nhiên),Điện tử,Điện thoại,iPhone,26990000,https://picsum.photos/seed/iphone66/600/600,Hệ điều hành: iOS; Bộ nhớ: 1TB; Màu sắc: Titan Tự Nhiên; Màn hình: Super Retina XDR; Chip: Apple Bionic/A-series
SKU000067,Điện thoại iPhone 15 1TB - Chính Hãng VN/A (Titan Sa Mạc),Điện tử,Điện thoại,iPhone,27080000,https://picsum.photos/seed/iphone67/600/600,Hệ điều hành: iOS; Bộ nhớ: 1TB; Màu sắc: Titan Sa Mạc; Màn hình: Super Retina XDR; Chip: Apple Bionic/A-series
SKU000068,Điện thoại iPhone 14 128GB - Chính Hãng VN/A (Titan Tự Nhiên),Điện tử,Điện thoại,iPhone,44080000,https://picsum.photos/seed/iphone68/600/600,Hệ điều hành: iOS; Bộ nhớ: 128GB; Màu sắc: Titan Tự Nhiên; Màn hình: Super Retina XDR; Chip: Apple Bionic/A-series
SKU000069,Điện thoại iPhone 16 256GB - Chính Hãng VN/A (Xanh Dương),Điện tử,Điện thoại,iPhone,19080000,https://picsum.photos/seed/iphone69/600/600,Hệ điều hành: iOS; Bộ nhớ: 256GB; Màu sắc: Xanh Dương; Màn hình: Super Retina XDR; Chip: Apple Bionic/A-series
SKU000070,Điện thoại iPhone 16 Pro 512GB - Chính Hãng VN/A (Titan Đen),Điện tử,Điện thoại,iPhone,24080000,https://picsum.photos/seed/iphone70/600/600,Hệ điều hành: iOS; Bộ nhớ: 512GB; Màu sắc: Titan Đen; Màn hình: Super Retina XDR; Chip: Apple Bionic/A-series
SKU000071,Điện thoại iPhone 16 Pro 1TB - Chính Hãng VN/A (Titan Tự Nhiên),Điện tử,Điện thoại,iPhone,21080000,https://picsum.photos/seed/iphone71/600/600,Hệ điều hành: iOS; Bộ nhớ: 1TB; Màu sắc: Titan Tự Nhiên; Màn hình: Super Retina XDR; Chip: Apple Bionic/A-series
SKU000072,Điện thoại iPhone 13 1TB - Chính Hãng VN/A (Titan Tự Nhiên),Điện tử,Điện thoại,iPhone,28990000,https://picsum.photos/seed/iphone72/600/600,Hệ điều hành: iOS; Bộ nhớ: 1TB; Màu sắc: Titan Tự Nhiên; Màn hình: Super Retina XDR; Chip: Apple Bionic/A-series
SKU000073,Điện thoại iPhone 14 Pro 128GB - Chính Hãng VN/A (Titan Trắng),Điện tử,Điện thoại,iPhone,39080000,https://picsum.photos/seed/iphone73/600/600,Hệ điều hành: iOS; Bộ nhớ: 128GB; Màu sắc: Titan Trắng; Màn hình: Super Retina XDR; Chip: Apple Bionic/A-series
SKU000074,Điện thoại iPhone 14 256GB - Chính Hãng VN/A (Titan Trắng),Điện tử,Điện thoại,iPhone,27990000,https://picsum.photos/seed/iphone74/600/600,Hệ điều hành: iOS; Bộ nhớ: 256GB; Màu sắc: Titan Trắng; Màn hình: Super Retina XDR; Chip: Apple Bionic/A-series
SKU000075,Điện thoại iPhone 14 1TB - Chính Hãng VN/A (Đen Midnight),Điện tử,Điện thoại,iPhone,44990000,https://picsum.photos/seed/iphone75/600/600,Hệ điều hành: iOS; Bộ nhớ: 1TB; Màu sắc: Đen Midnight; Màn hình: Super Retina XDR; Chip: Apple Bionic/A-series
SKU000076,Điện thoại iPhone 14 Pro 128GB - Chính Hãng VN/A (Titan Trắng),Điện tử,Điện thoại,iPhone,30990000,https://picsum.photos/seed/iphone76/600/600,Hệ điều hành: iOS; Bộ nhớ: 128GB; Màu sắc: Titan Trắng; Màn hình: Super Retina XDR; Chip: Apple Bionic/A-series
SKU000077,Điện thoại iPhone 15 Pro 256GB - Chính Hãng VN/A (Titan Đen),Điện tử,Điện thoại,iPhone,18080000,https://picsum.photos/seed/iphone77/600/600,Hệ điều hành: iOS; Bộ nhớ: 256GB; Màu sắc: Titan Đen; Màn hình: Super Retina XDR; Chip: Apple Bionic/A-series
SKU000078,Điện thoại iPhone 14 Pro 1TB - Chính Hãng VN/A (Xanh Dương),Điện tử,Điện thoại,iPhone,43990000,https://picsum.photos/seed/iphone78/600/600,Hệ điều hành: iOS; Bộ nhớ: 1TB; Màu sắc: Xanh Dương; Màn hình: Super Retina XDR; Chip: Apple Bionic/A-series
SKU000079,Điện thoại iPhone 14 Pro 256GB - Chính Hãng VN/A (Xanh Dương),Điện tử,Điện thoại,iPhone,44990000,https://picsum.photos/seed/iphone79/600/600,Hệ điều hành: iOS; Bộ nhớ: 256GB; Màu sắc: Xanh Dương; Màn hình: Super Retina XDR; Chip: Apple Bionic/A-series
SKU000080,Điện thoại iPhone 15 256GB - Chính Hãng VN/A (Đen Midnight),Điện tử,Điện thoại,iPhone,30990000,https://picsum.photos/seed/iphone80/600/600,Hệ điều hành: iOS; Bộ nhớ: 256GB; Màu sắc: Đen Midnight; Màn hình: Super Retina XDR; Chip: Apple Bionic/A-series
SKU000081,Điện thoại iPhone 16 Pro Max 128GB - Chính Hãng VN/A (Titan Tự Nhiên),Điện tử,Điện thoại,iPhone,16080000,https://picsum.photos/seed/iphone81/600/600,Hệ điều hành: iOS; Bộ nhớ: 128GB; Màu sắc: Titan Tự Nhiên; Màn hình: Super Retina XDR; Chip: Apple Bionic/A-series
SKU000082,Điện thoại iPhone 15 Pro Max 1TB - Chính Hãng VN/A (Titan Sa Mạc),Điện tử,Điện thoại,iPhone,43080000,https://picsum.photos/seed/iphone82/600/600,Hệ điều hành: iOS; Bộ nhớ: 1TB; Màu sắc: Titan Sa Mạc; Màn hình: Super Retina XDR; Chip: Apple Bionic/A-series
SKU000083,Điện thoại iPhone 13 512GB - Chính Hãng VN/A (Titan Đen),Điện tử,Điện thoại,iPhone,37080000,https://picsum.photos/seed/iphone83/600/600,Hệ điều hành: iOS; Bộ nhớ: 512GB; Màu sắc: Titan Đen; Màn hình: Super Retina XDR; Chip: Apple Bionic/A-series
SKU000084,Điện thoại iPhone 16 Pro Max 512GB - Chính Hãng VN/A (Titan Đen),Điện tử,Điện thoại,iPhone,23990000,https://picsum.photos/seed/iphone84/600/600,Hệ điều hành: iOS; Bộ nhớ: 512GB; Màu sắc: Titan Đen; Màn hình: Super Retina XDR; Chip: Apple Bionic/A-series
SKU000085,Điện thoại iPhone 15 1TB - Chính Hãng VN/A (Đen Midnight),Điện tử,Điện thoại,iPhone,36080000,https://picsum.photos/seed/iphone85/600/600,Hệ điều hành: iOS; Bộ nhớ: 1TB; Màu sắc: Đen Midnight; Màn hình: Super Retina XDR; Chip: Apple Bionic/A-series
SKU000086,Điện thoại iPhone 14 1TB - Chính Hãng VN/A (Titan Đen),Điện tử,Điện thoại,iPhone,31990000,https://picsum.photos/seed/iphone86/600/600,Hệ điều hành: iOS; Bộ nhớ: 1TB; Màu sắc: Titan Đen; Màn hình: Super Retina XDR; Chip: Apple Bionic/A-series
SKU000087,Điện thoại iPhone 14 Pro 1TB - Chính Hãng VN/A (Titan Tự Nhiên),Điện tử,Điện thoại,iPhone,24990000,https://picsum.photos/seed/iphone87/600/600,Hệ điều hành: iOS; Bộ nhớ: 1TB; Màu sắc: Titan Tự Nhiên; Màn hình: Super Retina XDR; Chip: Apple Bionic/A-series
SKU000088,Điện thoại iPhone 13 512GB - Chính Hãng VN/A (Titan Trắng),Điện tử,Điện thoại,iPhone,29990000,https://picsum.photos/seed/iphone88/600/600,Hệ điều hành: iOS; Bộ nhớ: 512GB; Màu sắc: Titan Trắng; Màn hình: Super Retina XDR; Chip: Apple Bionic/A-series
SKU000089,Điện thoại iPhone 15 Pro Max 256GB - Chính Hãng VN/A (Titan Sa Mạc),Điện tử,Điện thoại,iPhone,28080000,https://picsum.photos/seed/iphone89/600/600,Hệ điều hành: iOS; Bộ nhớ: 256GB; Màu sắc: Titan Sa Mạc; Màn hình: Super Retina XDR; Chip: Apple Bionic/A-series
SKU000090,Điện thoại iPhone 14 Pro 256GB - Chính Hãng VN/A (Đen Midnight),Điện tử,Điện thoại,iPhone,43990000,https://picsum.photos/seed/iphone90/600/600,Hệ điều hành: iOS; Bộ nhớ: 256GB; Màu sắc: Đen Midnight; Màn hình: Super Retina XDR; Chip: Apple Bionic/A-series
SKU000091,Điện thoại iPhone 14 1TB - Chính Hãng VN/A (Titan Sa Mạc),Điện tử,Điện thoại,iPhone,44080000,https://picsum.photos/seed/iphone91/600/600,Hệ điều hành: iOS; Bộ nhớ: 1TB; Màu sắc: Titan Sa Mạc; Màn hình: Super Retina XDR; Chip: Apple Bionic/A-series
SKU000092,Điện thoại iPhone 16 Pro Max 1TB - Chính Hãng VN/A (Titan Tự Nhiên),Điện tử,Điện thoại,iPhone,23990000,https://picsum.photos/seed/iphone92/600/600,Hệ điều hành: iOS; Bộ nhớ: 1TB; Màu sắc: Titan Tự Nhiên; Màn hình: Super Retina XDR; Chip: Apple Bionic/A-series
SKU000093,Điện thoại iPhone 15 128GB - Chính Hãng VN/A (Titan Trắng),Điện tử,Điện thoại,iPhone,26990000,https://picsum.photos/seed/iphone93/600/600,Hệ điều hành: iOS; Bộ nhớ: 128GB; Màu sắc: Titan Trắng; Màn hình: Super Retina XDR; Chip: Apple Bionic/A-series
SKU000094,Điện thoại iPhone 15 Pro 128GB - Chính Hãng VN/A (Titan Sa Mạc),Điện tử,Điện thoại,iPhone,32080000,https://picsum.photos/seed/iphone94/600/600,Hệ điều hành: iOS; Bộ nhớ: 128GB; Màu sắc: Titan Sa Mạc; Màn hình: Super Retina XDR; Chip: Apple Bionic/A-series
SKU000095,Điện thoại iPhone 16 Pro Max 1TB - Chính Hãng VN/A (Titan Tự Nhiên),Điện tử,Điện thoại,iPhone,28990000,https://picsum.photos/seed/iphone95/600/600,Hệ điều hành: iOS; Bộ nhớ: 1TB; Màu sắc: Titan Tự Nhiên; Màn hình: Super Retina XDR; Chip: Apple Bionic/A-series
SKU000096,Điện thoại iPhone 15 Pro 128GB - Chính Hãng VN/A (Titan Trắng),Điện tử,Điện thoại,iPhone,24080000,https://picsum.photos/seed/iphone96/600/600,Hệ điều hành: iOS; Bộ nhớ: 128GB; Màu sắc: Titan Trắng; Màn hình: Super Retina XDR; Chip: Apple Bionic/A-series
SKU000097,Điện thoại iPhone 15 Pro 512GB - Chính Hãng VN/A (Titan Trắng),Điện tử,Điện thoại,iPhone,19990000,https://picsum.photos/seed/iphone97/600/600,Hệ điều hành: iOS; Bộ nhớ: 512GB; Màu sắc: Titan Trắng; Màn hình: Super Retina XDR; Chip: Apple Bionic/A-series
SKU000098,Điện thoại iPhone 15 Pro 128GB - Chính Hãng VN/A (Đen Midnight),Điện tử,Điện thoại,iPhone,16990000,https://picsum.photos/seed/iphone98/600/600,Hệ điều hành: iOS; Bộ nhớ: 128GB; Màu sắc: Đen Midnight; Màn hình: Super Retina XDR; Chip: Apple Bionic/A-series
SKU000099,Điện thoại iPhone 15 Pro Max 256GB - Chính Hãng VN/A (Titan Tự Nhiên),Điện tử,Điện thoại,iPhone,25990000,https://picsum.photos/seed/iphone99/600/600,Hệ điều hành: iOS; Bộ nhớ: 256GB; Màu sắc: Titan Tự Nhiên; Màn hình: Super Retina XDR; Chip: Apple Bionic/A-series
SKU000100,Điện thoại iPhone 13 1TB - Chính Hãng VN/A (Titan Trắng),Điện tử,Điện thoại,iPhone,25080000,https://picsum.photos/seed/iphone100/600/600,Hệ điều hành: iOS; Bộ nhớ: 1TB; Màu sắc: Titan Trắng; Màn hình: Super Retina XDR; Chip: Apple Bionic/A-series
SKU000101,Điện thoại iPhone 15 512GB - Chính Hãng VN/A (Đen Midnight),Điện tử,Điện thoại,iPhone,19990000,https://picsum.photos/seed/iphone101/600/600,Hệ điều hành: iOS; Bộ nhớ: 512GB; Màu sắc: Đen Midnight; Màn hình: Super Retina XDR; Chip: Apple Bionic/A-series
SKU000102,Điện thoại iPhone 16 Pro 256GB - Chính Hãng VN/A (Xanh Dương),Điện tử,Điện thoại,iPhone,33080000,https://picsum.photos/seed/iphone102/600/600,Hệ điều hành: iOS; Bộ nhớ: 256GB; Màu sắc: Xanh Dương; Màn hình: Super Retina XDR; Chip: Apple Bionic/A-series
SKU000103,Điện thoại iPhone 14 Pro 512GB - Chính Hãng VN/A (Titan Sa Mạc),Điện tử,Điện thoại,iPhone,16990000,https://picsum.photos/seed/iphone103/600/600,Hệ điều hành: iOS; Bộ nhớ: 512GB; Màu sắc: Titan Sa Mạc; Màn hình: Super Retina XDR; Chip: Apple Bionic/A-series
SKU000104,Điện thoại iPhone 13 512GB - Chính Hãng VN/A (Titan Trắng),Điện tử,Điện thoại,iPhone,32990000,https://picsum.photos/seed/iphone104/600/600,Hệ điều hành: iOS; Bộ nhớ: 512GB; Màu sắc: Titan Trắng; Màn hình: Super Retina XDR; Chip: Apple Bionic/A-series
SKU000105,Điện thoại iPhone 16 Pro 1TB - Chính Hãng VN/A (Xanh Dương),Điện tử,Điện thoại,iPhone,41990000,https://picsum.photos/seed/iphone105/600/600,Hệ điều hành: iOS; Bộ nhớ: 1TB; Màu sắc: Xanh Dương; Màn hình: Super Retina XDR; Chip: Apple Bionic/A-series
SKU000106,Điện thoại iPhone 16 Pro Max 128GB - Chính Hãng VN/A (Titan Đen),Điện tử,Điện thoại,iPhone,23080000,https://picsum.photos/seed/iphone106/600/600,Hệ điều hành: iOS; Bộ nhớ: 128GB; Màu sắc: Titan Đen; Màn hình: Super Retina XDR; Chip: Apple Bionic/A-series
SKU000107,Điện thoại iPhone 15 1TB - Chính Hãng VN/A (Titan Sa Mạc),Điện tử,Điện thoại,iPhone,22080000,https://picsum.photos/seed/iphone107/600/600,Hệ điều hành: iOS; Bộ nhớ: 1TB; Màu sắc: Titan Sa Mạc; Màn hình: Super Retina XDR; Chip: Apple Bionic/A-series
SKU000108,Điện thoại iPhone 15 Pro Max 1TB - Chính Hãng VN/A (Titan Sa Mạc),Điện tử,Điện thoại,iPhone,43080000,https://picsum.photos/seed/iphone108/600/600,Hệ điều hành: iOS; Bộ nhớ: 1TB; Màu sắc: Titan Sa Mạc; Màn hình: Super Retina XDR; Chip: Apple Bionic/A-series
SKU000109,Điện thoại iPhone 16 Pro Max 128GB - Chính Hãng VN/A (Titan Tự Nhiên),Điện tử,Điện thoại,iPhone,18080000,https://picsum.photos/seed/iphone109/600/600,Hệ điều hành: iOS; Bộ nhớ: 128GB; Màu sắc: Titan Tự Nhiên; Màn hình: Super Retina XDR; Chip: Apple Bionic/A-series
SKU000110,Điện thoại iPhone 14 Pro 256GB - Chính Hãng VN/A (Titan Trắng),Điện tử,Điện thoại,iPhone,17990000,https://picsum.photos/seed/iphone110/600/600,Hệ điều hành: iOS; Bộ nhớ: 256GB; Màu sắc: Titan Trắng; Màn hình: Super Retina XDR; Chip: Apple Bionic/A-series
SKU000111,Điện thoại iPhone 16 Pro 128GB - Chính Hãng VN/A (Titan Sa Mạc),Điện tử,Điện thoại,iPhone,21990000,https://picsum.photos/seed/iphone111/600/600,Hệ điều hành: iOS; Bộ nhớ: 128GB; Màu sắc: Titan Sa Mạc; Màn hình: Super Retina XDR; Chip: Apple Bionic/A-series
SKU000112,Điện thoại iPhone 14 1TB - Chính Hãng VN/A (Xanh Dương),Điện tử,Điện thoại,iPhone,21990000,https://picsum.photos/seed/iphone112/600/600,Hệ điều hành: iOS; Bộ nhớ: 1TB; Màu sắc: Xanh Dương; Màn hình: Super Retina XDR; Chip: Apple Bionic/A-series
SKU000113,Điện thoại iPhone 15 Pro 1TB - Chính Hãng VN/A (Titan Đen),Điện tử,Điện thoại,iPhone,21080000,https://picsum.photos/seed/iphone113/600/600,Hệ điều hành: iOS; Bộ nhớ: 1TB; Màu sắc: Titan Đen; Màn hình: Super Retina XDR; Chip: Apple Bionic/A-series
SKU000114,Điện thoại iPhone 14 256GB - Chính Hãng VN/A (Xanh Dương),Điện tử,Điện thoại,iPhone,15990000,https://picsum.photos/seed/iphone114/600/600,Hệ điều hành: iOS; Bộ nhớ: 256GB; Màu sắc: Xanh Dương; Màn hình: Super Retina XDR; Chip: Apple Bionic/A-series
SKU000115,Điện thoại iPhone 16 Pro 256GB - Chính Hãng VN/A (Titan Trắng),Điện tử,Điện thoại,iPhone,40990000,https://picsum.photos/seed/iphone115/600/600,Hệ điều hành: iOS; Bộ nhớ: 256GB; Màu sắc: Titan Trắng; Màn hình: Super Retina XDR; Chip: Apple Bionic/A-series
SKU000116,Điện thoại iPhone 16 Pro 128GB - Chính Hãng VN/A (Titan Tự Nhiên),Điện tử,Điện thoại,iPhone,40990000,https://picsum.photos/seed/iphone116/600/600,Hệ điều hành: iOS; Bộ nhớ: 128GB; Màu sắc: Titan Tự Nhiên; Màn hình: Super Retina XDR; Chip: Apple Bionic/A-series
SKU000117,Điện thoại iPhone 15 Pro 256GB - Chính Hãng VN/A (Titan Tự Nhiên),Điện tử,Điện thoại,iPhone,21990000,https://picsum.photos/seed/iphone117/600/600,Hệ điều hành: iOS; Bộ nhớ: 256GB; Màu sắc: Titan Tự Nhiên; Màn hình: Super Retina XDR; Chip: Apple Bionic/A-series
SKU000118,Điện thoại iPhone 15 Pro Max 1TB - Chính Hãng VN/A (Đen Midnight),Điện tử,Điện thoại,iPhone,33990000,https://picsum.photos/seed/iphone118/600/600,Hệ điều hành: iOS; Bộ nhớ: 1TB; Màu sắc: Đen Midnight; Màn hình: Super Retina XDR; Chip: Apple Bionic/A-series
SKU000119,Điện thoại iPhone 16 256GB - Chính Hãng VN/A (Titan Đen),Điện tử,Điện thoại,iPhone,33990000,https://picsum.photos/seed/iphone119/600/600,Hệ điều hành: iOS; Bộ nhớ: 256GB; Màu sắc: Titan Đen; Màn hình: Super Retina XDR; Chip: Apple Bionic/A-series
SKU000120,Điện thoại iPhone 15 256GB - Chính Hãng VN/A (Xanh Dương),Điện tử,Điện thoại,iPhone,28990000,https://picsum.photos/seed/iphone120/600/600,Hệ điều hành: iOS; Bộ nhớ: 256GB; Màu sắc: Xanh Dương; Màn hình: Super Retina XDR; Chip: Apple Bionic/A-series
SKU000121,Điện thoại iPhone 14 256GB - Chính Hãng VN/A (Titan Tự Nhiên),Điện tử,Điện thoại,iPhone,20990000,https://picsum.photos/seed/iphone121/600/600,Hệ điều hành: iOS; Bộ nhớ: 256GB; Màu sắc: Titan Tự Nhiên; Màn hình: Super Retina XDR; Chip: Apple Bionic/A-series
SKU000122,Điện thoại iPhone 16 1TB - Chính Hãng VN/A (Titan Đen),Điện tử,Điện thoại,iPhone,26990000,https://picsum.photos/seed/iphone122/600/600,Hệ điều hành: iOS; Bộ nhớ: 1TB; Màu sắc: Titan Đen; Màn hình: Super Retina XDR; Chip: Apple Bionic/A-series
SKU000123,Điện thoại iPhone 14 Pro 256GB - Chính Hãng VN/A (Titan Đen),Điện tử,Điện thoại,iPhone,20990000,https://picsum.photos/seed/iphone123/600/600,Hệ điều hành: iOS; Bộ nhớ: 256GB; Màu sắc: Titan Đen; Màn hình: Super Retina XDR; Chip: Apple Bionic/A-series
SKU000124,Điện thoại iPhone 16 Pro 256GB - Chính Hãng VN/A (Titan Tự Nhiên),Điện tử,Điện thoại,iPhone,40990000,https://picsum.photos/seed/iphone124/600/600,Hệ điều hành: iOS; Bộ nhớ: 256GB; Màu sắc: Titan Tự Nhiên; Màn hình: Super Retina XDR; Chip: Apple Bionic/A-series
SKU000125,Điện thoại iPhone 15 Pro Max 128GB - Chính Hãng VN/A (Xanh Dương),Điện tử,Điện thoại,iPhone,26080000,https://picsum.photos/seed/iphone125/600/600,Hệ điều hành: iOS; Bộ nhớ: 128GB; Màu sắc: Xanh Dương; Màn hình: Super Retina XDR; Chip: Apple Bionic/A-series
SKU000126,Điện thoại iPhone 16 Pro 256GB - Chính Hãng VN/A (Xanh Dương),Điện tử,Điện thoại,iPhone,30990000,https://picsum.photos/seed/iphone126/600/600,Hệ điều hành: iOS; Bộ nhớ: 256GB; Màu sắc: Xanh Dương; Màn hình: Super Retina XDR; Chip: Apple Bionic/A-series
SKU000127,Điện thoại iPhone 14 Pro 256GB - Chính Hãng VN/A (Titan Trắng),Điện tử,Điện thoại,iPhone,43990000,https://picsum.photos/seed/iphone127/600/600,Hệ điều hành: iOS; Bộ nhớ: 256GB; Màu sắc: Titan Trắng; Màn hình: Super Retina XDR; Chip: Apple Bionic/A-series
SKU000128,Điện thoại iPhone 13 256GB - Chính Hãng VN/A (Titan Tự Nhiên),Điện tử,Điện thoại,iPhone,31990000,https://picsum.photos/seed/iphone128/600/600,Hệ điều hành: iOS; Bộ nhớ: 256GB; Màu sắc: Titan Tự Nhiên; Màn hình: Super Retina XDR; Chip: Apple Bionic/A-series
SKU000129,Điện thoại iPhone 15 Pro 1TB - Chính Hãng VN/A (Titan Trắng),Điện tử,Điện thoại,iPhone,20990000,https://picsum.photos/seed/iphone129/600/600,Hệ điều hành: iOS; Bộ nhớ: 1TB; Màu sắc: Titan Trắng; Màn hình: Super Retina XDR; Chip: Apple Bionic/A-series
SKU000130,Điện thoại iPhone 16 Pro Max 256GB - Chính Hãng VN/A (Titan Sa Mạc),Điện tử,Điện thoại,iPhone,22080000,https://picsum.photos/seed/iphone130/600/600,Hệ điều hành: iOS; Bộ nhớ: 256GB; Màu sắc: Titan Sa Mạc; Màn hình: Super Retina XDR; Chip: Apple Bionic/A-series
SKU000131,Điện thoại iPhone 15 Pro 128GB - Chính Hãng VN/A (Xanh Dương),Điện tử,Điện thoại,iPhone,44990000,https://picsum.photos/seed/iphone131/600/600,Hệ điều hành: iOS; Bộ nhớ: 128GB; Màu sắc: Xanh Dương; Màn hình: Super Retina XDR; Chip: Apple Bionic/A-series
SKU000132,Điện thoại iPhone 14 Pro 1TB - Chính Hãng VN/A (Titan Trắng),Điện tử,Điện thoại,iPhone,24080000,https://picsum.photos/seed/iphone132/600/600,Hệ điều hành: iOS; Bộ nhớ: 1TB; Màu sắc: Titan Trắng; Màn hình: Super Retina XDR; Chip: Apple Bionic/A-series
SKU000133,Điện thoại iPhone 14 Pro 512GB - Chính Hãng VN/A (Titan Trắng),Điện tử,Điện thoại,iPhone,25080000,https://picsum.photos/seed/iphone133/600/600,Hệ điều hành: iOS; Bộ nhớ: 512GB; Màu sắc: Titan Trắng; Màn hình: Super Retina XDR; Chip: Apple Bionic/A-series
SKU000134,Điện thoại iPhone 13 512GB - Chính Hãng VN/A (Xanh Dương),Điện tử,Điện thoại,iPhone,43990000,https://picsum.photos/seed/iphone134/600/600,Hệ điều hành: iOS; Bộ nhớ: 512GB; Màu sắc: Xanh Dương; Màn hình: Super Retina XDR; Chip: Apple Bionic/A-series
SKU000135,Điện thoại iPhone 15 Pro Max 1TB - Chính Hãng VN/A (Titan Đen),Điện tử,Điện thoại,iPhone,36990000,https://picsum.photos/seed/iphone135/600/600,Hệ điều hành: iOS; Bộ nhớ: 1TB; Màu sắc: Titan Đen; Màn hình: Super Retina XDR; Chip: Apple Bionic/A-series
SKU000136,Điện thoại iPhone 16 Pro 1TB - Chính Hãng VN/A (Đen Midnight),Điện tử,Điện thoại,iPhone,24990000,https://picsum.photos/seed/iphone136/600/600,Hệ điều hành: iOS; Bộ nhớ: 1TB; Màu sắc: Đen Midnight; Màn hình: Super Retina XDR; Chip: Apple Bionic/A-series
SKU000137,Điện thoại iPhone 15 Pro Max 1TB - Chính Hãng VN/A (Đen Midnight),Điện tử,Điện thoại,iPhone,40080000,https://picsum.photos/seed/iphone137/600/600,Hệ điều hành: iOS; Bộ nhớ: 1TB; Màu sắc: Đen Midnight; Màn hình: Super Retina XDR; Chip: Apple Bionic/A-series
SKU000138,Điện thoại iPhone 13 256GB - Chính Hãng VN/A (Đen Midnight),Điện tử,Điện thoại,iPhone,19080000,https://picsum.photos/seed/iphone138/600/600,Hệ điều hành: iOS; Bộ nhớ: 256GB; Màu sắc: Đen Midnight; Màn hình: Super Retina XDR; Chip: Apple Bionic/A-series
SKU000139,Điện thoại iPhone 13 128GB - Chính Hãng VN/A (Xanh Dương),Điện tử,Điện thoại,iPhone,40080000,https://picsum.photos/seed/iphone139/600/600,Hệ điều hành: iOS; Bộ nhớ: 128GB; Màu sắc: Xanh Dương; Màn hình: Super Retina XDR; Chip: Apple Bionic/A-series
SKU000140,Điện thoại iPhone 14 Pro 512GB - Chính Hãng VN/A (Xanh Dương),Điện tử,Điện thoại,iPhone,29080000,https://picsum.photos/seed/iphone140/600/600,Hệ điều hành: iOS; Bộ nhớ: 512GB; Màu sắc: Xanh Dương; Màn hình: Super Retina XDR; Chip: Apple Bionic/A-series
SKU000141,Điện thoại iPhone 16 Pro Max 128GB - Chính Hãng VN/A (Đen Midnight),Điện tử,Điện thoại,iPhone,41990000,https://picsum.photos/seed/iphone141/600/600,Hệ điều hành: iOS; Bộ nhớ: 128GB; Màu sắc: Đen Midnight; Màn hình: Super Retina XDR; Chip: Apple Bionic/A-series
SKU000142,Điện thoại iPhone 16 Pro Max 128GB - Chính Hãng VN/A (Titan Sa Mạc),Điện tử,Điện thoại,iPhone,34990000,https://picsum.photos/seed/iphone142/600/600,Hệ điều hành: iOS; Bộ nhớ: 128GB; Màu sắc: Titan Sa Mạc; Màn hình: Super Retina XDR; Chip: Apple Bionic/A-series
SKU000143,Điện thoại iPhone 14 1TB - Chính Hãng VN/A (Titan Trắng),Điện tử,Điện thoại,iPhone,40080000,https://picsum.photos/seed/iphone143/600/600,Hệ điều hành: iOS; Bộ nhớ: 1TB; Màu sắc: Titan Trắng; Màn hình: Super Retina XDR; Chip: Apple Bionic/A-series
SKU000144,Điện thoại iPhone 14 Pro 128GB - Chính Hãng VN/A (Xanh Dương),Điện tử,Điện thoại,iPhone,18080000,https://picsum.photos/seed/iphone144/600/600,Hệ điều hành: iOS; Bộ nhớ: 128GB; Màu sắc: Xanh Dương; Màn hình: Super Retina XDR; Chip: Apple Bionic/A-series
SKU000145,Điện thoại iPhone 15 Pro Max 128GB - Chính Hãng VN/A (Titan Đen),Điện tử,Điện thoại,iPhone,45080000,https://picsum.photos/seed/iphone145/600/600,Hệ điều hành: iOS; Bộ nhớ: 128GB; Màu sắc: Titan Đen; Màn hình: Super Retina XDR; Chip: Apple Bionic/A-series
SKU000146,Điện thoại iPhone 14 Pro 256GB - Chính Hãng VN/A (Titan Sa Mạc),Điện tử,Điện thoại,iPhone,30080000,https://picsum.photos/seed/iphone146/600/600,Hệ điều hành: iOS; Bộ nhớ: 256GB; Màu sắc: Titan Sa Mạc; Màn hình: Super Retina XDR; Chip: Apple Bionic/A-series
SKU000147,Điện thoại iPhone 16 Pro Max 1TB - Chính Hãng VN/A (Đen Midnight),Điện tử,Điện thoại,iPhone,39990000,https://picsum.photos/seed/iphone147/600/600,Hệ điều hành: iOS; Bộ nhớ: 1TB; Màu sắc: Đen Midnight; Màn hình: Super Retina XDR; Chip: Apple Bionic/A-series
SKU000148,Điện thoại iPhone 16 Pro Max 512GB - Chính Hãng VN/A (Titan Trắng),Điện tử,Điện thoại,iPhone,29080000,https://picsum.photos/seed/iphone148/600/600,Hệ điều hành: iOS; Bộ nhớ: 512GB; Màu sắc: Titan Trắng; Màn hình: Super Retina XDR; Chip: Apple Bionic/A-series
SKU000149,Điện thoại iPhone 15 Pro Max 1TB - Chính Hãng VN/A (Titan Đen),Điện tử,Điện thoại,iPhone,18080000,https://picsum.photos/seed/iphone149/600/600,Hệ điều hành: iOS; Bộ nhớ: 1TB; Màu sắc: Titan Đen; Màn hình: Super Retina XDR; Chip: Apple Bionic/A-series
SKU000150,Điện thoại iPhone 16 Pro 128GB - Chính Hãng VN/A (Titan Sa Mạc),Điện tử,Điện thoại,iPhone,33990000,https://picsum.photos/seed/iphone150/600/600,Hệ điều hành: iOS; Bộ nhớ: 128GB; Màu sắc: Titan Sa Mạc; Màn hình: Super Retina XDR; Chip: Apple Bionic/A-series
SKU000151,Điện thoại iPhone 15 Pro 1TB - Chính Hãng VN/A (Đen Midnight),Điện tử,Điện thoại,iPhone,38990000,https://picsum.photos/seed/iphone151/600/600,Hệ điều hành: iOS; Bộ nhớ: 1TB; Màu sắc: Đen Midnight; Màn hình: Super Retina XDR; Chip: Apple Bionic/A-series
SKU000152,Điện thoại iPhone 16 Pro Max 512GB - Chính Hãng VN/A (Đen Midnight),Điện tử,Điện thoại,iPhone,32080000,https://picsum.photos/seed/iphone152/600/600,Hệ điều hành: iOS; Bộ nhớ: 512GB; Màu sắc: Đen Midnight; Màn hình: Super Retina XDR; Chip: Apple Bionic/A-series
SKU000153,Điện thoại iPhone 14 128GB - Chính Hãng VN/A (Titan Đen),Điện tử,Điện thoại,iPhone,29080000,https://picsum.photos/seed/iphone153/600/600,Hệ điều hành: iOS; Bộ nhớ: 128GB; Màu sắc: Titan Đen; Màn hình: Super Retina XDR; Chip: Apple Bionic/A-series
SKU000154,Điện thoại iPhone 16 Pro Max 1TB - Chính Hãng VN/A (Titan Đen),Điện tử,Điện thoại,iPhone,29080000,https://picsum.photos/seed/iphone154/600/600,Hệ điều hành: iOS; Bộ nhớ: 1TB; Màu sắc: Titan Đen; Màn hình: Super Retina XDR; Chip: Apple Bionic/A-series
SKU000155,Điện thoại iPhone 15 512GB - Chính Hãng VN/A (Titan Tự Nhiên),Điện tử,Điện thoại,iPhone,40990000,https://picsum.photos/seed/iphone155/600/600,Hệ điều hành: iOS; Bộ nhớ: 512GB; Màu sắc: Titan Tự Nhiên; Màn hình: Super Retina XDR; Chip: Apple Bionic/A-series
SKU000156,Điện thoại iPhone 14 128GB - Chính Hãng VN/A (Titan Tự Nhiên),Điện tử,Điện thoại,iPhone,18990000,https://picsum.photos/seed/iphone156/600/600,Hệ điều hành: iOS; Bộ nhớ: 128GB; Màu sắc: Titan Tự Nhiên; Màn hình: Super Retina XDR; Chip: Apple Bionic/A-series
SKU000157,Điện thoại iPhone 16 Pro 512GB - Chính Hãng VN/A (Đen Midnight),Điện tử,Điện thoại,iPhone,40990000,https://picsum.photos/seed/iphone157/600/600,Hệ điều hành: iOS; Bộ nhớ: 512GB; Màu sắc: Đen Midnight; Màn hình: Super Retina XDR; Chip: Apple Bionic/A-series
SKU000158,Điện thoại iPhone 15 256GB - Chính Hãng VN/A (Titan Sa Mạc),Điện tử,Điện thoại,iPhone,18080000,https://picsum.photos/seed/iphone158/600/600,Hệ điều hành: iOS; Bộ nhớ: 256GB; Màu sắc: Titan Sa Mạc; Màn hình: Super Retina XDR; Chip: Apple Bionic/A-series
SKU000159,Điện thoại iPhone 14 128GB - Chính Hãng VN/A (Đen Midnight),Điện tử,Điện thoại,iPhone,36080000,https://picsum.photos/seed/iphone159/600/600,Hệ điều hành: iOS; Bộ nhớ: 128GB; Màu sắc: Đen Midnight; Màn hình: Super Retina XDR; Chip: Apple Bionic/A-series
SKU000160,Điện thoại iPhone 13 128GB - Chính Hãng VN/A (Xanh Dương),Điện tử,Điện thoại,iPhone,17990000,https://picsum.photos/seed/iphone160/600/600,Hệ điều hành: iOS; Bộ nhớ: 128GB; Màu sắc: Xanh Dương; Màn hình: Super Retina XDR; Chip: Apple Bionic/A-series
SKU000161,Điện thoại iPhone 15 Pro Max 256GB - Chính Hãng VN/A (Titan Trắng),Điện tử,Điện thoại,iPhone,35990000,https://picsum.photos/seed/iphone161/600/600,Hệ điều hành: iOS; Bộ nhớ: 256GB; Màu sắc: Titan Trắng; Màn hình: Super Retina XDR; Chip: Apple Bionic/A-series
SKU000162,Điện thoại iPhone 16 256GB - Chính Hãng VN/A (Titan Tự Nhiên),Điện tử,Điện thoại,iPhone,23990000,https://picsum.photos/seed/iphone162/600/600,Hệ điều hành: iOS; Bộ nhớ: 256GB; Màu sắc: Titan Tự Nhiên; Màn hình: Super Retina XDR; Chip: Apple Bionic/A-series
SKU000163,Điện thoại iPhone 14 256GB - Chính Hãng VN/A (Titan Đen),Điện tử,Điện thoại,iPhone,28990000,https://picsum.photos/seed/iphone163/600/600,Hệ điều hành: iOS; Bộ nhớ: 256GB; Màu sắc: Titan Đen; Màn hình: Super Retina XDR; Chip: Apple Bionic/A-series
SKU000164,Điện thoại iPhone 14 512GB - Chính Hãng VN/A (Titan Tự Nhiên),Điện tử,Điện thoại,iPhone,19990000,https://picsum.photos/seed/iphone164/600/600,Hệ điều hành: iOS; Bộ nhớ: 512GB; Màu sắc: Titan Tự Nhiên; Màn hình: Super Retina XDR; Chip: Apple Bionic/A-series
SKU000165,Điện thoại iPhone 16 Pro 1TB - Chính Hãng VN/A (Titan Trắng),Điện tử,Điện thoại,iPhone,23080000,https://picsum.photos/seed/iphone165/600/600,Hệ điều hành: iOS; Bộ nhớ: 1TB; Màu sắc: Titan Trắng; Màn hình: Super Retina XDR; Chip: Apple Bionic/A-series
SKU000166,Điện thoại iPhone 15 Pro Max 1TB - Chính Hãng VN/A (Titan Trắng),Điện tử,Điện thoại,iPhone,22080000,https://picsum.photos/seed/iphone166/600/600,Hệ điều hành: iOS; Bộ nhớ: 1TB; Màu sắc: Titan Trắng; Màn hình: Super Retina XDR; Chip: Apple Bionic/A-series
SKU000167,Điện thoại iPhone 16 Pro 512GB - Chính Hãng VN/A (Titan Sa Mạc),Điện tử,Điện thoại,iPhone,20990000,https://picsum.photos/seed/iphone167/600/600,Hệ điều hành: iOS; Bộ nhớ: 512GB; Màu sắc: Titan Sa Mạc; Màn hình: Super Retina XDR; Chip: Apple Bionic/A-series
SKU000168,Điện thoại iPhone 14 1TB - Chính Hãng VN/A (Titan Tự Nhiên),Điện tử,Điện thoại,iPhone,44080000,https://picsum.photos/seed/iphone168/600/600,Hệ điều hành: iOS; Bộ nhớ: 1TB; Màu sắc: Titan Tự Nhiên; Màn hình: Super Retina XDR; Chip: Apple Bionic/A-series
SKU000169,Điện thoại iPhone 14 256GB - Chính Hãng VN/A (Titan Tự Nhiên),Điện tử,Điện thoại,iPhone,23080000,https://picsum.photos/seed/iphone169/600/600,Hệ điều hành: iOS; Bộ nhớ: 256GB; Màu sắc: Titan Tự Nhiên; Màn hình: Super Retina XDR; Chip: Apple Bionic/A-series
SKU000170,Điện thoại iPhone 15 256GB - Chính Hãng VN/A (Đen Midnight),Điện tử,Điện thoại,iPhone,15990000,https://picsum.photos/seed/iphone170/600/600,Hệ điều hành: iOS; Bộ nhớ: 256GB; Màu sắc: Đen Midnight; Màn hình: Super Retina XDR; Chip: Apple Bionic/A-series
SKU000171,Điện thoại iPhone 15 Pro 1TB - Chính Hãng VN/A (Titan Đen),Điện tử,Điện thoại,iPhone,35080000,https://picsum.photos/seed/iphone171/600/600,Hệ điều hành: iOS; Bộ nhớ: 1TB; Màu sắc: Titan Đen; Màn hình: Super Retina XDR; Chip: Apple Bionic/A-series
SKU000172,Điện thoại iPhone 16 512GB - Chính Hãng VN/A (Titan Tự Nhiên),Điện tử,Điện thoại,iPhone,33990000,https://picsum.photos/seed/iphone172/600/600,Hệ điều hành: iOS; Bộ nhớ: 512GB; Màu sắc: Titan Tự Nhiên; Màn hình: Super Retina XDR; Chip: Apple Bionic/A-series
SKU000173,Điện thoại iPhone 16 Pro Max 128GB - Chính Hãng VN/A (Titan Tự Nhiên),Điện tử,Điện thoại,iPhone,36080000,https://picsum.photos/seed/iphone173/600/600,Hệ điều hành: iOS; Bộ nhớ: 128GB; Màu sắc: Titan Tự Nhiên; Màn hình: Super Retina XDR; Chip: Apple Bionic/A-series
SKU000174,Điện thoại iPhone 16 Pro Max 256GB - Chính Hãng VN/A (Titan Trắng),Điện tử,Điện thoại,iPhone,44080000,https://picsum.photos/seed/iphone174/600/600,Hệ điều hành: iOS; Bộ nhớ: 256GB; Màu sắc: Titan Trắng; Màn hình: Super Retina XDR; Chip: Apple Bionic/A-series
SKU000175,Điện thoại iPhone 14 512GB - Chính Hãng VN/A (Titan Đen),Điện tử,Điện thoại,iPhone,28990000,https://picsum.photos/seed/iphone175/600/600,Hệ điều hành: iOS; Bộ nhớ: 512GB; Màu sắc: Titan Đen; Màn hình: Super Retina XDR; Chip: Apple Bionic/A-series
SKU000176,Điện thoại iPhone 13 256GB - Chính Hãng VN/A (Titan Sa Mạc),Điện tử,Điện thoại,iPhone,20990000,https://picsum.photos/seed/iphone176/600/600,Hệ điều hành: iOS; Bộ nhớ: 256GB; Màu sắc: Titan Sa Mạc; Màn hình: Super Retina XDR; Chip: Apple Bionic/A-series
SKU000177,Điện thoại iPhone 13 256GB - Chính Hãng VN/A (Xanh Dương),Điện tử,Điện thoại,iPhone,19990000,https://picsum.photos/seed/iphone177/600/600,Hệ điều hành: iOS; Bộ nhớ: 256GB; Màu sắc: Xanh Dương; Màn hình: Super Retina XDR; Chip: Apple Bionic/A-series
SKU000178,Điện thoại iPhone 14 256GB - Chính Hãng VN/A (Đen Midnight),Điện tử,Điện thoại,iPhone,39080000,https://picsum.photos/seed/iphone178/600/600,Hệ điều hành: iOS; Bộ nhớ: 256GB; Màu sắc: Đen Midnight; Màn hình: Super Retina XDR; Chip: Apple Bionic/A-series
SKU000179,Điện thoại iPhone 16 128GB - Chính Hãng VN/A (Titan Đen),Điện tử,Điện thoại,iPhone,16080000,https://picsum.photos/seed/iphone179/600/600,Hệ điều hành: iOS; Bộ nhớ: 128GB; Màu sắc: Titan Đen; Màn hình: Super Retina XDR; Chip: Apple Bionic/A-series
SKU000180,Điện thoại iPhone 15 Pro Max 128GB - Chính Hãng VN/A (Titan Tự Nhiên),Điện tử,Điện thoại,iPhone,31080000,https://picsum.photos/seed/iphone180/600/600,Hệ điều hành: iOS; Bộ nhớ: 128GB; Màu sắc: Titan Tự Nhiên; Màn hình: Super Retina XDR; Chip: Apple Bionic/A-series
SKU000181,Điện thoại iPhone 13 512GB - Chính Hãng VN/A (Titan Đen),Điện tử,Điện thoại,iPhone,16080000,https://picsum.photos/seed/iphone181/600/600,Hệ điều hành: iOS; Bộ nhớ: 512GB; Màu sắc: Titan Đen; Màn hình: Super Retina XDR; Chip: Apple Bionic/A-series
SKU000182,Điện thoại iPhone 15 Pro Max 512GB - Chính Hãng VN/A (Titan Trắng),Điện tử,Điện thoại,iPhone,23990000,https://picsum.photos/seed/iphone182/600/600,Hệ điều hành: iOS; Bộ nhớ: 512GB; Màu sắc: Titan Trắng; Màn hình: Super Retina XDR; Chip: Apple Bionic/A-series
SKU000183,Điện thoại iPhone 16 Pro 1TB - Chính Hãng VN/A (Đen Midnight),Điện tử,Điện thoại,iPhone,24080000,https://picsum.photos/seed/iphone183/600/600,Hệ điều hành: iOS; Bộ nhớ: 1TB; Màu sắc: Đen Midnight; Màn hình: Super Retina XDR; Chip: Apple Bionic/A-series
SKU000184,Điện thoại iPhone 16 Pro 256GB - Chính Hãng VN/A (Titan Sa Mạc),Điện tử,Điện thoại,iPhone,42990000,https://picsum.photos/seed/iphone184/600/600,Hệ điều hành: iOS; Bộ nhớ: 256GB; Màu sắc: Titan Sa Mạc; Màn hình: Super Retina XDR; Chip: Apple Bionic/A-series
SKU000185,Điện thoại iPhone 16 1TB - Chính Hãng VN/A (Xanh Dương),Điện tử,Điện thoại,iPhone,23080000,https://picsum.photos/seed/iphone185/600/600,Hệ điều hành: iOS; Bộ nhớ: 1TB; Màu sắc: Xanh Dương; Màn hình: Super Retina XDR; Chip: Apple Bionic/A-series
SKU000186,Điện thoại iPhone 15 256GB - Chính Hãng VN/A (Xanh Dương),Điện tử,Điện thoại,iPhone,18990000,https://picsum.photos/seed/iphone186/600/600,Hệ điều hành: iOS; Bộ nhớ: 256GB; Màu sắc: Xanh Dương; Màn hình: Super Retina XDR; Chip: Apple Bionic/A-series
SKU000187,Điện thoại iPhone 14 Pro 256GB - Chính Hãng VN/A (Titan Tự Nhiên),Điện tử,Điện thoại,iPhone,16990000,https://picsum.photos/seed/iphone187/600/600,Hệ điều hành: iOS; Bộ nhớ: 256GB; Màu sắc: Titan Tự Nhiên; Màn hình: Super Retina XDR; Chip: Apple Bionic/A-series
SKU000188,Điện thoại iPhone 16 128GB - Chính Hãng VN/A (Đen Midnight),Điện tử,Điện thoại,iPhone,43990000,https://picsum.photos/seed/iphone188/600/600,Hệ điều hành: iOS; Bộ nhớ: 128GB; Màu sắc: Đen Midnight; Màn hình: Super Retina XDR; Chip: Apple Bionic/A-series
SKU000189,Điện thoại iPhone 14 512GB - Chính Hãng VN/A (Xanh Dương),Điện tử,Điện thoại,iPhone,37990000,https://picsum.photos/seed/iphone189/600/600,Hệ điều hành: iOS; Bộ nhớ: 512GB; Màu sắc: Xanh Dương; Màn hình: Super Retina XDR; Chip: Apple Bionic/A-series
SKU000190,Điện thoại iPhone 16 Pro Max 128GB - Chính Hãng VN/A (Titan Tự Nhiên),Điện tử,Điện thoại,iPhone,27990000,https://picsum.photos/seed/iphone190/600/600,Hệ điều hành: iOS; Bộ nhớ: 128GB; Màu sắc: Titan Tự Nhiên; Màn hình: Super Retina XDR; Chip: Apple Bionic/A-series
SKU000191,Điện thoại iPhone 14 Pro 256GB - Chính Hãng VN/A (Titan Tự Nhiên),Điện tử,Điện thoại,iPhone,40080000,https://picsum.photos/seed/iphone191/600/600,Hệ điều hành: iOS; Bộ nhớ: 256GB; Màu sắc: Titan Tự Nhiên; Màn hình: Super Retina XDR; Chip: Apple Bionic/A-series
SKU000192,Điện thoại iPhone 14 Pro 256GB - Chính Hãng VN/A (Titan Tự Nhiên),Điện tử,Điện thoại,iPhone,27080000,https://picsum.photos/seed/iphone192/600/600,Hệ điều hành: iOS; Bộ nhớ: 256GB; Màu sắc: Titan Tự Nhiên; Màn hình: Super Retina XDR; Chip: Apple Bionic/A-series
SKU000193,Điện thoại iPhone 14 Pro 128GB - Chính Hãng VN/A (Titan Sa Mạc),Điện tử,Điện thoại,iPhone,37080000,https://picsum.photos/seed/iphone193/600/600,Hệ điều hành: iOS; Bộ nhớ: 128GB; Màu sắc: Titan Sa Mạc; Màn hình: Super Retina XDR; Chip: Apple Bionic/A-series
SKU000194,Điện thoại iPhone 14 1TB - Chính Hãng VN/A (Titan Sa Mạc),Điện tử,Điện thoại,iPhone,17990000,https://picsum.photos/seed/iphone194/600/600,Hệ điều hành: iOS; Bộ nhớ: 1TB; Màu sắc: Titan Sa Mạc; Màn hình: Super Retina XDR; Chip: Apple Bionic/A-series
SKU000195,Điện thoại iPhone 15 256GB - Chính Hãng VN/A (Titan Sa Mạc),Điện tử,Điện thoại,iPhone,42080000,https://picsum.photos/seed/iphone195/600/600,Hệ điều hành: iOS; Bộ nhớ: 256GB; Màu sắc: Titan Sa Mạc; Màn hình: Super Retina XDR; Chip: Apple Bionic/A-series
SKU000196,Điện thoại iPhone 16 Pro 1TB - Chính Hãng VN/A (Titan Trắng),Điện tử,Điện thoại,iPhone,37080000,https://picsum.photos/seed/iphone196/600/600,Hệ điều hành: iOS; Bộ nhớ: 1TB; Màu sắc: Titan Trắng; Màn hình: Super Retina XDR; Chip: Apple Bionic/A-series
SKU000197,Điện thoại iPhone 14 Pro 128GB - Chính Hãng VN/A (Titan Đen),Điện tử,Điện thoại,iPhone,28990000,https://picsum.photos/seed/iphone197/600/600,Hệ điều hành: iOS; Bộ nhớ: 128GB; Màu sắc: Titan Đen; Màn hình: Super Retina XDR; Chip: Apple Bionic/A-series
SKU000198,Điện thoại iPhone 13 1TB - Chính Hãng VN/A (Titan Tự Nhiên),Điện tử,Điện thoại,iPhone,24080000,https://picsum.photos/seed/iphone198/600/600,Hệ điều hành: iOS; Bộ nhớ: 1TB; Màu sắc: Titan Tự Nhiên; Màn hình: Super Retina XDR; Chip: Apple Bionic/A-series
SKU000199,Điện thoại iPhone 15 Pro Max 1TB - Chính Hãng VN/A (Titan Trắng),Điện tử,Điện thoại,iPhone,34080000,https://picsum.photos/seed/iphone199/600/600,Hệ điều hành: iOS; Bộ nhớ: 1TB; Màu sắc: Titan Trắng; Màn hình: Super Retina XDR; Chip: Apple Bionic/A-series
SKU000200,Điện thoại iPhone 14 Pro 128GB - Chính Hãng VN/A (Xanh Dương),Điện tử,Điện thoại,iPhone,31990000,https://picsum.photos/seed/iphone200/600/600,Hệ điều hành: iOS; Bộ nhớ: 128GB; Màu sắc: Xanh Dương; Màn hình: Super Retina XDR; Chip: Apple Bionic/A-series
SKU000201,Điện thoại iPhone 15 Pro 256GB - Chính Hãng VN/A (Titan Đen),Điện tử,Điện thoại,iPhone,33990000,https://picsum.photos/seed/iphone201/600/600,Hệ điều hành: iOS; Bộ nhớ: 256GB; Màu sắc: Titan Đen; Màn hình: Super Retina XDR; Chip: Apple Bionic/A-series
SKU000202,Điện thoại iPhone 14 Pro 1TB - Chính Hãng VN/A (Titan Sa Mạc),Điện tử,Điện thoại,iPhone,24990000,https://picsum.photos/seed/iphone202/600/600,Hệ điều hành: iOS; Bộ nhớ: 1TB; Màu sắc: Titan Sa Mạc; Màn hình: Super Retina XDR; Chip: Apple Bionic/A-series
SKU000203,Điện thoại iPhone 16 Pro 1TB - Chính Hãng VN/A (Titan Trắng),Điện tử,Điện thoại,iPhone,22080000,https://picsum.photos/seed/iphone203/600/600,Hệ điều hành: iOS; Bộ nhớ: 1TB; Màu sắc: Titan Trắng; Màn hình: Super Retina XDR; Chip: Apple Bionic/A-series
SKU000204,Điện thoại iPhone 16 Pro 256GB - Chính Hãng VN/A (Titan Tự Nhiên),Điện tử,Điện thoại,iPhone,40990000,https://picsum.photos/seed/iphone204/600/600,Hệ điều hành: iOS; Bộ nhớ: 256GB; Màu sắc: Titan Tự Nhiên; Màn hình: Super Retina XDR; Chip: Apple Bionic/A-series
SKU000205,Điện thoại iPhone 13 512GB - Chính Hãng VN/A (Titan Sa Mạc),Điện tử,Điện thoại,iPhone,36990000,https://picsum.photos/seed/iphone205/600/600,Hệ điều hành: iOS; Bộ nhớ: 512GB; Màu sắc: Titan Sa Mạc; Màn hình: Super Retina XDR; Chip: Apple Bionic/A-series
SKU000206,Điện thoại iPhone 14 128GB - Chính Hãng VN/A (Titan Đen),Điện tử,Điện thoại,iPhone,19080000,https://picsum.photos/seed/iphone206/600/600,Hệ điều hành: iOS; Bộ nhớ: 128GB; Màu sắc: Titan Đen; Màn hình: Super Retina XDR; Chip: Apple Bionic/A-series
SKU000207,Điện thoại iPhone 15 128GB - Chính Hãng VN/A (Titan Tự Nhiên),Điện tử,Điện thoại,iPhone,18080000,https://picsum.photos/seed/iphone207/600/600,Hệ điều hành: iOS; Bộ nhớ: 128GB; Màu sắc: Titan Tự Nhiên; Màn hình: Super Retina XDR; Chip: Apple Bionic/A-series
SKU000208,Điện thoại iPhone 14 128GB - Chính Hãng VN/A (Titan Tự Nhiên),Điện tử,Điện thoại,iPhone,41990000,https://picsum.photos/seed/iphone208/600/600,Hệ điều hành: iOS; Bộ nhớ: 128GB; Màu sắc: Titan Tự Nhiên; Màn hình: Super Retina XDR; Chip: Apple Bionic/A-series
SKU000209,Điện thoại iPhone 15 512GB - Chính Hãng VN/A (Titan Tự Nhiên),Điện tử,Điện thoại,iPhone,15990000,https://picsum.photos/seed/iphone209/600/600,Hệ điều hành: iOS; Bộ nhớ: 512GB; Màu sắc: Titan Tự Nhiên; Màn hình: Super Retina XDR; Chip: Apple Bionic/A-series
SKU000210,Điện thoại iPhone 14 Pro 1TB - Chính Hãng VN/A (Titan Tự Nhiên),Điện tử,Điện thoại,iPhone,26990000,https://picsum.photos/seed/iphone210/600/600,Hệ điều hành: iOS; Bộ nhớ: 1TB; Màu sắc: Titan Tự Nhiên; Màn hình: Super Retina XDR; Chip: Apple Bionic/A-series
SKU000211,Điện thoại iPhone 16 256GB - Chính Hãng VN/A (Titan Trắng),Điện tử,Điện thoại,iPhone,19080000,https://picsum.photos/seed/iphone211/600/600,Hệ điều hành: iOS; Bộ nhớ: 256GB; Màu sắc: Titan Trắng; Màn hình: Super Retina XDR; Chip: Apple Bionic/A-series
SKU000212,Điện thoại iPhone 16 Pro 256GB - Chính Hãng VN/A (Titan Tự Nhiên),Điện tử,Điện thoại,iPhone,36990000,https://picsum.photos/seed/iphone212/600/600,Hệ điều hành: iOS; Bộ nhớ: 256GB; Màu sắc: Titan Tự Nhiên; Màn hình: Super Retina XDR; Chip: Apple Bionic/A-series
SKU000213,Điện thoại iPhone 15 Pro Max 256GB - Chính Hãng VN/A (Titan Đen),Điện tử,Điện thoại,iPhone,34990000,https://picsum.photos/seed/iphone213/600/600,Hệ điều hành: iOS; Bộ nhớ: 256GB; Màu sắc: Titan Đen; Màn hình: Super Retina XDR; Chip: Apple Bionic/A-series
SKU000214,Điện thoại iPhone 13 1TB - Chính Hãng VN/A (Titan Đen),Điện tử,Điện thoại,iPhone,28990000,https://picsum.photos/seed/iphone214/600/600,Hệ điều hành: iOS; Bộ nhớ: 1TB; Màu sắc: Titan Đen; Màn hình: Super Retina XDR; Chip: Apple Bionic/A-series
SKU000215,Điện thoại iPhone 14 Pro 1TB - Chính Hãng VN/A (Titan Tự Nhiên),Điện tử,Điện thoại,iPhone,17080000,https://picsum.photos/seed/iphone215/600/600,Hệ điều hành: iOS; Bộ nhớ: 1TB; Màu sắc: Titan Tự Nhiên; Màn hình: Super Retina XDR; Chip: Apple Bionic/A-series
SKU000216,Điện thoại iPhone 14 Pro 256GB - Chính Hãng VN/A (Titan Tự Nhiên),Điện tử,Điện thoại,iPhone,45080000,https://picsum.photos/seed/iphone216/600/600,Hệ điều hành: iOS; Bộ nhớ: 256GB; Màu sắc: Titan Tự Nhiên; Màn hình: Super Retina XDR; Chip: Apple Bionic/A-series
SKU000217,Điện thoại iPhone 15 Pro Max 128GB - Chính Hãng VN/A (Titan Đen),Điện tử,Điện thoại,iPhone,19080000,https://picsum.photos/seed/iphone217/600/600,Hệ điều hành: iOS; Bộ nhớ: 128GB; Màu sắc: Titan Đen; Màn hình: Super Retina XDR; Chip: Apple Bionic/A-series
SKU000218,Điện thoại iPhone 14 Pro 512GB - Chính Hãng VN/A (Titan Trắng),Điện tử,Điện thoại,iPhone,18990000,https://picsum.photos/seed/iphone218/600/600,Hệ điều hành: iOS; Bộ nhớ: 512GB; Màu sắc: Titan Trắng; Màn hình: Super Retina XDR; Chip: Apple Bionic/A-series
SKU000219,Điện thoại iPhone 14 Pro 128GB - Chính Hãng VN/A (Đen Midnight),Điện tử,Điện thoại,iPhone,40080000,https://picsum.photos/seed/iphone219/600/600,Hệ điều hành: iOS; Bộ nhớ: 128GB; Màu sắc: Đen Midnight; Màn hình: Super Retina XDR; Chip: Apple Bionic/A-series
SKU000220,Điện thoại iPhone 15 256GB - Chính Hãng VN/A (Titan Trắng),Điện tử,Điện thoại,iPhone,35990000,https://picsum.photos/seed/iphone220/600/600,Hệ điều hành: iOS; Bộ nhớ: 256GB; Màu sắc: Titan Trắng; Màn hình: Super Retina XDR; Chip: Apple Bionic/A-series
SKU000221,Điện thoại iPhone 14 1TB - Chính Hãng VN/A (Titan Trắng),Điện tử,Điện thoại,iPhone,37990000,https://picsum.photos/seed/iphone221/600/600,Hệ điều hành: iOS; Bộ nhớ: 1TB; Màu sắc: Titan Trắng; Màn hình: Super Retina XDR; Chip: Apple Bionic/A-series
SKU000222,Điện thoại iPhone 15 Pro 1TB - Chính Hãng VN/A (Titan Tự Nhiên),Điện tử,Điện thoại,iPhone,29080000,https://picsum.photos/seed/iphone222/600/600,Hệ điều hành: iOS; Bộ nhớ: 1TB; Màu sắc: Titan Tự Nhiên; Màn hình: Super Retina XDR; Chip: Apple Bionic/A-series
SKU000223,Điện thoại iPhone 15 Pro 1TB - Chính Hãng VN/A (Titan Tự Nhiên),Điện tử,Điện thoại,iPhone,19990000,https://picsum.photos/seed/iphone223/600/600,Hệ điều hành: iOS; Bộ nhớ: 1TB; Màu sắc: Titan Tự Nhiên; Màn hình: Super Retina XDR; Chip: Apple Bionic/A-series
SKU000224,Điện thoại iPhone 15 Pro Max 512GB - Chính Hãng VN/A (Xanh Dương),Điện tử,Điện thoại,iPhone,34990000,https://picsum.photos/seed/iphone224/600/600,Hệ điều hành: iOS; Bộ nhớ: 512GB; Màu sắc: Xanh Dương; Màn hình: Super Retina XDR; Chip: Apple Bionic/A-series
SKU000225,Điện thoại iPhone 14 Pro 512GB - Chính Hãng VN/A (Xanh Dương),Điện tử,Điện thoại,iPhone,17080000,https://picsum.photos/seed/iphone225/600/600,Hệ điều hành: iOS; Bộ nhớ: 512GB; Màu sắc: Xanh Dương; Màn hình: Super Retina XDR; Chip: Apple Bionic/A-series
SKU000226,Điện thoại iPhone 15 512GB - Chính Hãng VN/A (Titan Tự Nhiên),Điện tử,Điện thoại,iPhone,43080000,https://picsum.photos/seed/iphone226/600/600,Hệ điều hành: iOS; Bộ nhớ: 512GB; Màu sắc: Titan Tự Nhiên; Màn hình: Super Retina XDR; Chip: Apple Bionic/A-series
SKU000227,Điện thoại iPhone 16 Pro Max 256GB - Chính Hãng VN/A (Titan Sa Mạc),Điện tử,Điện thoại,iPhone,22080000,https://picsum.photos/seed/iphone227/600/600,Hệ điều hành: iOS; Bộ nhớ: 256GB; Màu sắc: Titan Sa Mạc; Màn hình: Super Retina XDR; Chip: Apple Bionic/A-series
SKU000228,Điện thoại iPhone 14 128GB - Chính Hãng VN/A (Xanh Dương),Điện tử,Điện thoại,iPhone,36080000,https://picsum.photos/seed/iphone228/600/600,Hệ điều hành: iOS; Bộ nhớ: 128GB; Màu sắc: Xanh Dương; Màn hình: Super Retina XDR; Chip: Apple Bionic/A-series
SKU000229,Điện thoại iPhone 16 Pro Max 256GB - Chính Hãng VN/A (Titan Tự Nhiên),Điện tử,Điện thoại,iPhone,19990000,https://picsum.photos/seed/iphone229/600/600,Hệ điều hành: iOS; Bộ nhớ: 256GB; Màu sắc: Titan Tự Nhiên; Màn hình: Super Retina XDR; Chip: Apple Bionic/A-series
SKU000230,Điện thoại iPhone 13 512GB - Chính Hãng VN/A (Titan Đen),Điện tử,Điện thoại,iPhone,17990000,https://picsum.photos/seed/iphone230/600/600,Hệ điều hành: iOS; Bộ nhớ: 512GB; Màu sắc: Titan Đen; Màn hình: Super Retina XDR; Chip: Apple Bionic/A-series
SKU000231,Điện thoại iPhone 14 128GB - Chính Hãng VN/A (Titan Sa Mạc),Điện tử,Điện thoại,iPhone,45080000,https://picsum.photos/seed/iphone231/600/600,Hệ điều hành: iOS; Bộ nhớ: 128GB; Màu sắc: Titan Sa Mạc; Màn hình: Super Retina XDR; Chip: Apple Bionic/A-series
SKU000232,Điện thoại iPhone 16 Pro Max 1TB - Chính Hãng VN/A (Titan Sa Mạc),Điện tử,Điện thoại,iPhone,34990000,https://picsum.photos/seed/iphone232/600/600,Hệ điều hành: iOS; Bộ nhớ: 1TB; Màu sắc: Titan Sa Mạc; Màn hình: Super Retina XDR; Chip: Apple Bionic/A-series
SKU000233,Điện thoại iPhone 14 256GB - Chính Hãng VN/A (Titan Trắng),Điện tử,Điện thoại,iPhone,22990000,https://picsum.photos/seed/iphone233/600/600,Hệ điều hành: iOS; Bộ nhớ: 256GB; Màu sắc: Titan Trắng; Màn hình: Super Retina XDR; Chip: Apple Bionic/A-series
SKU000234,Điện thoại iPhone 16 Pro 256GB - Chính Hãng VN/A (Titan Trắng),Điện tử,Điện thoại,iPhone,27990000,https://picsum.photos/seed/iphone234/600/600,Hệ điều hành: iOS; Bộ nhớ: 256GB; Màu sắc: Titan Trắng; Màn hình: Super Retina XDR; Chip: Apple Bionic/A-series
SKU000235,Điện thoại iPhone 14 Pro 256GB - Chính Hãng VN/A (Xanh Dương),Điện tử,Điện thoại,iPhone,23990000,https://picsum.photos/seed/iphone235/600/600,Hệ điều hành: iOS; Bộ nhớ: 256GB; Màu sắc: Xanh Dương; Màn hình: Super Retina XDR; Chip: Apple Bionic/A-series
SKU000236,Điện thoại iPhone 15 128GB - Chính Hãng VN/A (Đen Midnight),Điện tử,Điện thoại,iPhone,41990000,https://picsum.photos/seed/iphone236/600/600,Hệ điều hành: iOS; Bộ nhớ: 128GB; Màu sắc: Đen Midnight; Màn hình: Super Retina XDR; Chip: Apple Bionic/A-series
SKU000237,Điện thoại iPhone 14 Pro 1TB - Chính Hãng VN/A (Titan Sa Mạc),Điện tử,Điện thoại,iPhone,17990000,https://picsum.photos/seed/iphone237/600/600,Hệ điều hành: iOS; Bộ nhớ: 1TB; Màu sắc: Titan Sa Mạc; Màn hình: Super Retina XDR; Chip: Apple Bionic/A-series
SKU000238,Điện thoại iPhone 16 Pro Max 512GB - Chính Hãng VN/A (Đen Midnight),Điện tử,Điện thoại,iPhone,29080000,https://picsum.photos/seed/iphone238/600/600,Hệ điều hành: iOS; Bộ nhớ: 512GB; Màu sắc: Đen Midnight; Màn hình: Super Retina XDR; Chip: Apple Bionic/A-series
SKU000239,Điện thoại iPhone 14 Pro 256GB - Chính Hãng VN/A (Titan Tự Nhiên),Điện tử,Điện thoại,iPhone,23990000,https://picsum.photos/seed/iphone239/600/600,Hệ điều hành: iOS; Bộ nhớ: 256GB; Màu sắc: Titan Tự Nhiên; Màn hình: Super Retina XDR; Chip: Apple Bionic/A-series
SKU000240,Điện thoại iPhone 13 1TB - Chính Hãng VN/A (Đen Midnight),Điện tử,Điện thoại,iPhone,18990000,https://picsum.photos/seed/iphone240/600/600,Hệ điều hành: iOS; Bộ nhớ: 1TB; Màu sắc: Đen Midnight; Màn hình: Super Retina XDR; Chip: Apple Bionic/A-series
SKU000241,Điện thoại iPhone 14 128GB - Chính Hãng VN/A (Titan Đen),Điện tử,Điện thoại,iPhone,39990000,https://picsum.photos/seed/iphone241/600/600,Hệ điều hành: iOS; Bộ nhớ: 128GB; Màu sắc: Titan Đen; Màn hình: Super Retina XDR; Chip: Apple Bionic/A-series
SKU000242,Điện thoại iPhone 15 Pro Max 128GB - Chính Hãng VN/A (Titan Tự Nhiên),Điện tử,Điện thoại,iPhone,42080000,https://picsum.photos/seed/iphone242/600/600,Hệ điều hành: iOS; Bộ nhớ: 128GB; Màu sắc: Titan Tự Nhiên; Màn hình: Super Retina XDR; Chip: Apple Bionic/A-series
SKU000243,Điện thoại iPhone 15 Pro 1TB - Chính Hãng VN/A (Titan Tự Nhiên),Điện tử,Điện thoại,iPhone,36080000,https://picsum.photos/seed/iphone243/600/600,Hệ điều hành: iOS; Bộ nhớ: 1TB; Màu sắc: Titan Tự Nhiên; Màn hình: Super Retina XDR; Chip: Apple Bionic/A-series
SKU000244,Điện thoại iPhone 16 128GB - Chính Hãng VN/A (Đen Midnight),Điện tử,Điện thoại,iPhone,44990000,https://picsum.photos/seed/iphone244/600/600,Hệ điều hành: iOS; Bộ nhớ: 128GB; Màu sắc: Đen Midnight; Màn hình: Super Retina XDR; Chip: Apple Bionic/A-series
SKU000245,Điện thoại iPhone 16 Pro 128GB - Chính Hãng VN/A (Titan Sa Mạc),Điện tử,Điện thoại,iPhone,31990000,https://picsum.photos/seed/iphone245/600/600,Hệ điều hành: iOS; Bộ nhớ: 128GB; Màu sắc: Titan Sa Mạc; Màn hình: Super Retina XDR; Chip: Apple Bionic/A-series
SKU000246,Điện thoại iPhone 15 Pro Max 512GB - Chính Hãng VN/A (Titan Trắng),Điện tử,Điện thoại,iPhone,44990000,https://picsum.photos/seed/iphone246/600/600,Hệ điều hành: iOS; Bộ nhớ: 512GB; Màu sắc: Titan Trắng; Màn hình: Super Retina XDR; Chip: Apple Bionic/A-series
SKU000247,Điện thoại iPhone 16 Pro 1TB - Chính Hãng VN/A (Đen Midnight),Điện tử,Điện thoại,iPhone,41080000,https://picsum.photos/seed/iphone247/600/600,Hệ điều hành: iOS; Bộ nhớ: 1TB; Màu sắc: Đen Midnight; Màn hình: Super Retina XDR; Chip: Apple Bionic/A-series
SKU000248,Điện thoại iPhone 15 512GB - Chính Hãng VN/A (Titan Tự Nhiên),Điện tử,Điện thoại,iPhone,19080000,https://picsum.photos/seed/iphone248/600/600,Hệ điều hành: iOS; Bộ nhớ: 512GB; Màu sắc: Titan Tự Nhiên; Màn hình: Super Retina XDR; Chip: Apple Bionic/A-series
SKU000249,Điện thoại iPhone 16 1TB - Chính Hãng VN/A (Xanh Dương),Điện tử,Điện thoại,iPhone,40990000,https://picsum.photos/seed/iphone249/600/600,Hệ điều hành: iOS; Bộ nhớ: 1TB; Màu sắc: Xanh Dương; Màn hình: Super Retina XDR; Chip: Apple Bionic/A-series
SKU000250,Điện thoại iPhone 16 Pro Max 512GB - Chính Hãng VN/A (Titan Đen),Điện tử,Điện thoại,iPhone,25080000,https://picsum.photos/seed/iphone250/600/600,Hệ điều hành: iOS; Bộ nhớ: 512GB; Màu sắc: Titan Đen; Màn hình: Super Retina XDR; Chip: Apple Bionic/A-series
SKU000251,Điện thoại Xiaomi Xiaomi 14 (12GB/256GB),Điện tử,Điện thoại,Android,28290000,https://picsum.photos/seed/android251/600/600,Hệ điều hành: Android; RAM: 12GB; ROM: 256GB; Pin: 5000mAh; Màn hình: 120Hz AMOLED
SKU000252,Điện thoại Realme C65 (12GB/128GB),Điện tử,Điện thoại,Android,28490000,https://picsum.photos/seed/android252/600/600,Hệ điều hành: Android; RAM: 12GB; ROM: 128GB; Pin: 4500mAh; Màn hình: 120Hz AMOLED
SKU000253,Điện thoại Samsung Galaxy A35 (12GB/128GB),Điện tử,Điện thoại,Android,28000000,https://picsum.photos/seed/android253/600/600,Hệ điều hành: Android; RAM: 12GB; ROM: 128GB; Pin: 5500mAh; Màn hình: 120Hz AMOLED
SKU000254,Điện thoại Samsung Galaxy A55 5G (12GB/256GB),Điện tử,Điện thoại,Android,34000000,https://picsum.photos/seed/android254/600/600,Hệ điều hành: Android; RAM: 12GB; ROM: 256GB; Pin: 5500mAh; Màn hình: 120Hz AMOLED
SKU000255,Điện thoại Oppo Find X7 Ultra (16GB/128GB),Điện tử,Điện thoại,Android,16290000,https://picsum.photos/seed/android255/600/600,Hệ điều hành: Android; RAM: 16GB; ROM: 128GB; Pin: 5500mAh; Màn hình: 120Hz AMOLED
SKU000256,Điện thoại Vivo Y28 (8GB/512GB),Điện tử,Điện thoại,Android,8000000,https://picsum.photos/seed/android256/600/600,Hệ điều hành: Android; RAM: 8GB; ROM: 512GB; Pin: 5000mAh; Màn hình: 120Hz AMOLED
SKU000257,Điện thoại Vivo Y28 (12GB/256GB),Điện tử,Điện thoại,Android,12490000,https://picsum.photos/seed/android257/600/600,Hệ điều hành: Android; RAM: 12GB; ROM: 256GB; Pin: 5000mAh; Màn hình: 120Hz AMOLED
SKU000258,Điện thoại Vivo Y28 (8GB/128GB),Điện tử,Điện thoại,Android,19290000,https://picsum.photos/seed/android258/600/600,Hệ điều hành: Android; RAM: 8GB; ROM: 128GB; Pin: 4500mAh; Màn hình: 120Hz AMOLED
SKU000259,Điện thoại Realme C65 (12GB/512GB),Điện tử,Điện thoại,Android,34290000,https://picsum.photos/seed/android259/600/600,Hệ điều hành: Android; RAM: 12GB; ROM: 512GB; Pin: 5000mAh; Màn hình: 120Hz AMOLED
SKU000260,Điện thoại Realme GT Neo 6 (12GB/512GB),Điện tử,Điện thoại,Android,30000000,https://picsum.photos/seed/android260/600/600,Hệ điều hành: Android; RAM: 12GB; ROM: 512GB; Pin: 4500mAh; Màn hình: 120Hz AMOLED
SKU000261,Điện thoại Asus ROG ROG Phone 7 Ultimate (12GB/256GB),Điện tử,Điện thoại,Android,20000000,https://picsum.photos/seed/android261/600/600,Hệ điều hành: Android; RAM: 12GB; ROM: 256GB; Pin: 5500mAh; Màn hình: 120Hz AMOLED
SKU000262,Điện thoại Vivo V30e 5G (12GB/256GB),Điện tử,Điện thoại,Android,28190000,https://picsum.photos/seed/android262/600/600,Hệ điều hành: Android; RAM: 12GB; ROM: 256GB; Pin: 5500mAh; Màn hình: 120Hz AMOLED
SKU000263,Điện thoại Realme C65 (8GB/512GB),Điện tử,Điện thoại,Android,21290000,https://picsum.photos/seed/android263/600/600,Hệ điều hành: Android; RAM: 8GB; ROM: 512GB; Pin: 5500mAh; Màn hình: 120Hz AMOLED
SKU000264,Điện thoại Vivo V30e 5G (12GB/128GB),Điện tử,Điện thoại,Android,9000000,https://picsum.photos/seed/android264/600/600,Hệ điều hành: Android; RAM: 12GB; ROM: 128GB; Pin: 4500mAh; Màn hình: 120Hz AMOLED
SKU000265,Điện thoại Realme Realme 12 Pro+ (12GB/256GB),Điện tử,Điện thoại,Android,34290000,https://picsum.photos/seed/android265/600/600,Hệ điều hành: Android; RAM: 12GB; ROM: 256GB; Pin: 4500mAh; Màn hình: 120Hz AMOLED
SKU000266,Điện thoại Xiaomi Xiaomi 14 Ultra (12GB/128GB),Điện tử,Điện thoại,Android,5000000,https://picsum.photos/seed/android266/600/600,Hệ điều hành: Android; RAM: 12GB; ROM: 128GB; Pin: 5500mAh; Màn hình: 120Hz AMOLED
SKU000267,Điện thoại Samsung Galaxy A55 5G (8GB/512GB),Điện tử,Điện thoại,Android,17000000,https://picsum.photos/seed/android267/600/600,Hệ điều hành: Android; RAM: 8GB; ROM: 512GB; Pin: 4500mAh; Màn hình: 120Hz AMOLED
SKU000268,Điện thoại Oppo A58 (12GB/256GB),Điện tử,Điện thoại,Android,28190000,https://picsum.photos/seed/android268/600/600,Hệ điều hành: Android; RAM: 12GB; ROM: 256GB; Pin: 4500mAh; Màn hình: 120Hz AMOLED
SKU000269,Điện thoại Realme GT Neo 6 (16GB/128GB),Điện tử,Điện thoại,Android,19490000,https://picsum.photos/seed/android269/600/600,Hệ điều hành: Android; RAM: 16GB; ROM: 128GB; Pin: 5000mAh; Màn hình: 120Hz AMOLED
SKU000270,Điện thoại Samsung Galaxy A55 5G (12GB/256GB),Điện tử,Điện thoại,Android,26190000,https://picsum.photos/seed/android270/600/600,Hệ điều hành: Android; RAM: 12GB; ROM: 256GB; Pin: 5500mAh; Màn hình: 120Hz AMOLED
SKU000271,Điện thoại Xiaomi Poco F6 Pro (8GB/512GB),Điện tử,Điện thoại,Android,20190000,https://picsum.photos/seed/android271/600/600,Hệ điều hành: Android; RAM: 8GB; ROM: 512GB; Pin: 4500mAh; Màn hình: 120Hz AMOLED
SKU000272,Điện thoại Realme C65 (8GB/512GB),Điện tử,Điện thoại,Android,27290000,https://picsum.photos/seed/android272/600/600,Hệ điều hành: Android; RAM: 8GB; ROM: 512GB; Pin: 5500mAh; Màn hình: 120Hz AMOLED
SKU000273,Điện thoại Oppo Find X7 Ultra (12GB/256GB),Điện tử,Điện thoại,Android,26190000,https://picsum.photos/seed/android273/600/600,Hệ điều hành: Android; RAM: 12GB; ROM: 256GB; Pin: 4500mAh; Màn hình: 120Hz AMOLED
SKU000274,Điện thoại Xiaomi Poco F6 Pro (16GB/512GB),Điện tử,Điện thoại,Android,19000000,https://picsum.photos/seed/android274/600/600,Hệ điều hành: Android; RAM: 16GB; ROM: 512GB; Pin: 5000mAh; Màn hình: 120Hz AMOLED
SKU000275,Điện thoại Vivo X100 Pro (12GB/512GB),Điện tử,Điện thoại,Android,17190000,https://picsum.photos/seed/android275/600/600,Hệ điều hành: Android; RAM: 12GB; ROM: 512GB; Pin: 5500mAh; Màn hình: 120Hz AMOLED
SKU000276,Điện thoại Oppo A58 (8GB/128GB),Điện tử,Điện thoại,Android,13290000,https://picsum.photos/seed/android276/600/600,Hệ điều hành: Android; RAM: 8GB; ROM: 128GB; Pin: 4500mAh; Màn hình: 120Hz AMOLED
SKU000277,Điện thoại Vivo Y28 (12GB/256GB),Điện tử,Điện thoại,Android,20290000,https://picsum.photos/seed/android277/600/600,Hệ điều hành: Android; RAM: 12GB; ROM: 256GB; Pin: 4500mAh; Màn hình: 120Hz AMOLED
SKU000278,Điện thoại Xiaomi Xiaomi 14 Ultra (12GB/512GB),Điện tử,Điện thoại,Android,10290000,https://picsum.photos/seed/android278/600/600,Hệ điều hành: Android; RAM: 12GB; ROM: 512GB; Pin: 5000mAh; Màn hình: 120Hz AMOLED
SKU000279,Điện thoại Xiaomi Redmi Note 13 Pro (12GB/256GB),Điện tử,Điện thoại,Android,20190000,https://picsum.photos/seed/android279/600/600,Hệ điều hành: Android; RAM: 12GB; ROM: 256GB; Pin: 5500mAh; Màn hình: 120Hz AMOLED
SKU000280,Điện thoại Oppo A79 5G (12GB/512GB),Điện tử,Điện thoại,Android,32190000,https://picsum.photos/seed/android280/600/600,Hệ điều hành: Android; RAM: 12GB; ROM: 512GB; Pin: 5000mAh; Màn hình: 120Hz AMOLED
SKU000281,Điện thoại Realme GT Neo 6 (12GB/256GB),Điện tử,Điện thoại,Android,25000000,https://picsum.photos/seed/android281/600/600,Hệ điều hành: Android; RAM: 12GB; ROM: 256GB; Pin: 4500mAh; Màn hình: 120Hz AMOLED
SKU000282,Điện thoại Samsung Galaxy S24 Ultra (12GB/512GB),Điện tử,Điện thoại,Android,12490000,https://picsum.photos/seed/android282/600/600,Hệ điều hành: Android; RAM: 12GB; ROM: 512GB; Pin: 4500mAh; Màn hình: 120Hz AMOLED
SKU000283,Điện thoại Samsung Galaxy Z Fold6 (12GB/128GB),Điện tử,Điện thoại,Android,6000000,https://picsum.photos/seed/android283/600/600,Hệ điều hành: Android; RAM: 12GB; ROM: 128GB; Pin: 5000mAh; Màn hình: 120Hz AMOLED
SKU000284,Điện thoại Realme Realme 12 Pro+ (8GB/256GB),Điện tử,Điện thoại,Android,26290000,https://picsum.photos/seed/android284/600/600,Hệ điều hành: Android; RAM: 8GB; ROM: 256GB; Pin: 5000mAh; Màn hình: 120Hz AMOLED
SKU000285,Điện thoại Oppo Find X7 Ultra (12GB/256GB),Điện tử,Điện thoại,Android,27290000,https://picsum.photos/seed/android285/600/600,Hệ điều hành: Android; RAM: 12GB; ROM: 256GB; Pin: 5500mAh; Màn hình: 120Hz AMOLED
SKU000286,Điện thoại Xiaomi Xiaomi 14 (12GB/256GB),Điện tử,Điện thoại,Android,13000000,https://picsum.photos/seed/android286/600/600,Hệ điều hành: Android; RAM: 12GB; ROM: 256GB; Pin: 5000mAh; Màn hình: 120Hz AMOLED
SKU000287,Điện thoại Vivo Y28 (16GB/256GB),Điện tử,Điện thoại,Android,9290000,https://picsum.photos/seed/android287/600/600,Hệ điều hành: Android; RAM: 16GB; ROM: 256GB; Pin: 5500mAh; Màn hình: 120Hz AMOLED
SKU000288,Điện thoại Samsung Galaxy S24+ (8GB/128GB),Điện tử,Điện thoại,Android,33290000,https://picsum.photos/seed/android288/600/600,Hệ điều hành: Android; RAM: 8GB; ROM: 128GB; Pin: 5500mAh; Màn hình: 120Hz AMOLED
SKU000289,Điện thoại Samsung Galaxy Z Flip6 (12GB/256GB),Điện tử,Điện thoại,Android,13490000,https://picsum.photos/seed/android289/600/600,Hệ điều hành: Android; RAM: 12GB; ROM: 256GB; Pin: 5000mAh; Màn hình: 120Hz AMOLED
SKU000290,Điện thoại Xiaomi Redmi Note 13 Pro (16GB/256GB),Điện tử,Điện thoại,Android,32190000,https://picsum.photos/seed/android290/600/600,Hệ điều hành: Android; RAM: 16GB; ROM: 256GB; Pin: 5000mAh; Màn hình: 120Hz AMOLED
SKU000291,Điện thoại Realme Realme 12 Pro+ (16GB/128GB),Điện tử,Điện thoại,Android,12000000,https://picsum.photos/seed/android291/600/600,Hệ điều hành: Android; RAM: 16GB; ROM: 128GB; Pin: 5500mAh; Màn hình: 120Hz AMOLED
SKU000292,Điện thoại Oppo Reno 12 Pro (8GB/512GB),Điện tử,Điện thoại,Android,30290000,https://picsum.photos/seed/android292/600/600,Hệ điều hành: Android; RAM: 8GB; ROM: 512GB; Pin: 5500mAh; Màn hình: 120Hz AMOLED
SKU000293,Điện thoại Xiaomi Xiaomi 14 Ultra (8GB/256GB),Điện tử,Điện thoại,Android,35000000,https://picsum.photos/seed/android293/600/600,Hệ điều hành: Android; RAM: 8GB; ROM: 256GB; Pin: 4500mAh; Màn hình: 120Hz AMOLED
SKU000294,Điện thoại Vivo X100 Pro (8GB/128GB),Điện tử,Điện thoại,Android,18490000,https://picsum.photos/seed/android294/600/600,Hệ điều hành: Android; RAM: 8GB; ROM: 128GB; Pin: 4500mAh; Màn hình: 120Hz AMOLED
SKU000295,Điện thoại Vivo X100 Pro (12GB/256GB),Điện tử,Điện thoại,Android,18290000,https://picsum.photos/seed/android295/600/600,Hệ điều hành: Android; RAM: 12GB; ROM: 256GB; Pin: 5500mAh; Màn hình: 120Hz AMOLED
SKU000296,Điện thoại Samsung Galaxy Z Flip6 (12GB/128GB),Điện tử,Điện thoại,Android,33190000,https://picsum.photos/seed/android296/600/600,Hệ điều hành: Android; RAM: 12GB; ROM: 128GB; Pin: 4500mAh; Màn hình: 120Hz AMOLED
SKU000297,Điện thoại Samsung Galaxy Z Flip6 (8GB/128GB),Điện tử,Điện thoại,Android,28000000,https://picsum.photos/seed/android297/600/600,Hệ điều hành: Android; RAM: 8GB; ROM: 128GB; Pin: 5500mAh; Màn hình: 120Hz AMOLED
SKU000298,Điện thoại Asus ROG ROG Phone 7 Ultimate (16GB/128GB),Điện tử,Điện thoại,Android,30190000,https://picsum.photos/seed/android298/600/600,Hệ điều hành: Android; RAM: 16GB; ROM: 128GB; Pin: 4500mAh; Màn hình: 120Hz AMOLED
SKU000299,Điện thoại Realme GT Neo 6 (16GB/512GB),Điện tử,Điện thoại,Android,35190000,https://picsum.photos/seed/android299/600/600,Hệ điều hành: Android; RAM: 16GB; ROM: 512GB; Pin: 5000mAh; Màn hình: 120Hz AMOLED
SKU000300,Điện thoại Asus ROG ROG Phone 7 Ultimate (12GB/256GB),Điện tử,Điện thoại,Android,9190000,https://picsum.photos/seed/android300/600/600,Hệ điều hành: Android; RAM: 12GB; ROM: 256GB; Pin: 4500mAh; Màn hình: 120Hz AMOLED
SKU000301,Điện thoại Xiaomi Xiaomi 14 (12GB/256GB),Điện tử,Điện thoại,Android,9190000,https://picsum.photos/seed/android301/600/600,Hệ điều hành: Android; RAM: 12GB; ROM: 256GB; Pin: 4500mAh; Màn hình: 120Hz AMOLED
SKU000302,Điện thoại Asus ROG ROG Phone 8 Pro (12GB/512GB),Điện tử,Điện thoại,Android,12290000,https://picsum.photos/seed/android302/600/600,Hệ điều hành: Android; RAM: 12GB; ROM: 512GB; Pin: 5000mAh; Màn hình: 120Hz AMOLED
SKU000303,Điện thoại Vivo X100 Pro (12GB/512GB),Điện tử,Điện thoại,Android,12190000,https://picsum.photos/seed/android303/600/600,Hệ điều hành: Android; RAM: 12GB; ROM: 512GB; Pin: 4500mAh; Màn hình: 120Hz AMOLED
SKU000304,Điện thoại Realme GT Neo 6 (12GB/128GB),Điện tử,Điện thoại,Android,15000000,https://picsum.photos/seed/android304/600/600,Hệ điều hành: Android; RAM: 12GB; ROM: 128GB; Pin: 5500mAh; Màn hình: 120Hz AMOLED
SKU000305,Điện thoại Realme GT Neo 6 (12GB/256GB),Điện tử,Điện thoại,Android,29000000,https://picsum.photos/seed/android305/600/600,Hệ điều hành: Android; RAM: 12GB; ROM: 256GB; Pin: 5000mAh; Màn hình: 120Hz AMOLED
SKU000306,Điện thoại Vivo V30e 5G (12GB/128GB),Điện tử,Điện thoại,Android,23190000,https://picsum.photos/seed/android306/600/600,Hệ điều hành: Android; RAM: 12GB; ROM: 128GB; Pin: 4500mAh; Màn hình: 120Hz AMOLED
SKU000307,Điện thoại Vivo X100 Pro (16GB/512GB),Điện tử,Điện thoại,Android,34290000,https://picsum.photos/seed/android307/600/600,Hệ điều hành: Android; RAM: 16GB; ROM: 512GB; Pin: 5000mAh; Màn hình: 120Hz AMOLED
SKU000308,Điện thoại Asus ROG ROG Phone 7 Ultimate (12GB/256GB),Điện tử,Điện thoại,Android,32000000,https://picsum.photos/seed/android308/600/600,Hệ điều hành: Android; RAM: 12GB; ROM: 256GB; Pin: 5500mAh; Màn hình: 120Hz AMOLED
SKU000309,Điện thoại Vivo V30e 5G (8GB/256GB),Điện tử,Điện thoại,Android,34000000,https://picsum.photos/seed/android309/600/600,Hệ điều hành: Android; RAM: 8GB; ROM: 256GB; Pin: 4500mAh; Màn hình: 120Hz AMOLED
SKU000310,Điện thoại Samsung Galaxy A55 5G (8GB/512GB),Điện tử,Điện thoại,Android,32290000,https://picsum.photos/seed/android310/600/600,Hệ điều hành: Android; RAM: 8GB; ROM: 512GB; Pin: 5000mAh; Màn hình: 120Hz AMOLED
SKU000311,Điện thoại Asus ROG ROG Phone 7 Ultimate (16GB/512GB),Điện tử,Điện thoại,Android,20490000,https://picsum.photos/seed/android311/600/600,Hệ điều hành: Android; RAM: 16GB; ROM: 512GB; Pin: 4500mAh; Màn hình: 120Hz AMOLED
SKU000312,Điện thoại Asus ROG ROG Phone 7 Ultimate (16GB/256GB),Điện tử,Điện thoại,Android,13000000,https://picsum.photos/seed/android312/600/600,Hệ điều hành: Android; RAM: 16GB; ROM: 256GB; Pin: 5500mAh; Màn hình: 120Hz AMOLED
SKU000313,Điện thoại Samsung Galaxy S24+ (8GB/512GB),Điện tử,Điện thoại,Android,5490000,https://picsum.photos/seed/android313/600/600,Hệ điều hành: Android; RAM: 8GB; ROM: 512GB; Pin: 4500mAh; Màn hình: 120Hz AMOLED
SKU000314,Điện thoại Oppo A79 5G (12GB/512GB),Điện tử,Điện thoại,Android,10490000,https://picsum.photos/seed/android314/600/600,Hệ điều hành: Android; RAM: 12GB; ROM: 512GB; Pin: 5500mAh; Màn hình: 120Hz AMOLED
SKU000315,Điện thoại Realme Realme 12 Pro+ (8GB/128GB),Điện tử,Điện thoại,Android,4290000,https://picsum.photos/seed/android315/600/600,Hệ điều hành: Android; RAM: 8GB; ROM: 128GB; Pin: 5000mAh; Màn hình: 120Hz AMOLED
SKU000316,Điện thoại Oppo A58 (16GB/128GB),Điện tử,Điện thoại,Android,31490000,https://picsum.photos/seed/android316/600/600,Hệ điều hành: Android; RAM: 16GB; ROM: 128GB; Pin: 5000mAh; Màn hình: 120Hz AMOLED
SKU000317,Điện thoại Samsung Galaxy S24 Ultra (12GB/128GB),Điện tử,Điện thoại,Android,12190000,https://picsum.photos/seed/android317/600/600,Hệ điều hành: Android; RAM: 12GB; ROM: 128GB; Pin: 4500mAh; Màn hình: 120Hz AMOLED
SKU000318,Điện thoại Oppo Find X7 Ultra (8GB/128GB),Điện tử,Điện thoại,Android,18190000,https://picsum.photos/seed/android318/600/600,Hệ điều hành: Android; RAM: 8GB; ROM: 128GB; Pin: 5000mAh; Màn hình: 120Hz AMOLED
SKU000319,Điện thoại Vivo V30e 5G (8GB/256GB),Điện tử,Điện thoại,Android,24490000,https://picsum.photos/seed/android319/600/600,Hệ điều hành: Android; RAM: 8GB; ROM: 256GB; Pin: 5500mAh; Màn hình: 120Hz AMOLED
SKU000320,Điện thoại Realme Realme 12 Pro+ (8GB/256GB),Điện tử,Điện thoại,Android,12000000,https://picsum.photos/seed/android320/600/600,Hệ điều hành: Android; RAM: 8GB; ROM: 256GB; Pin: 4500mAh; Màn hình: 120Hz AMOLED
SKU000321,Điện thoại Oppo A58 (16GB/256GB),Điện tử,Điện thoại,Android,30490000,https://picsum.photos/seed/android321/600/600,Hệ điều hành: Android; RAM: 16GB; ROM: 256GB; Pin: 5000mAh; Màn hình: 120Hz AMOLED
SKU000322,Điện thoại Realme Realme 12 Pro+ (16GB/512GB),Điện tử,Điện thoại,Android,20190000,https://picsum.photos/seed/android322/600/600,Hệ điều hành: Android; RAM: 16GB; ROM: 512GB; Pin: 4500mAh; Màn hình: 120Hz AMOLED
SKU000323,Điện thoại Samsung Galaxy Z Fold6 (12GB/256GB),Điện tử,Điện thoại,Android,14490000,https://picsum.photos/seed/android323/600/600,Hệ điều hành: Android; RAM: 12GB; ROM: 256GB; Pin: 4500mAh; Màn hình: 120Hz AMOLED
SKU000324,Điện thoại Asus ROG ROG Phone 8 Pro (8GB/256GB),Điện tử,Điện thoại,Android,35290000,https://picsum.photos/seed/android324/600/600,Hệ điều hành: Android; RAM: 8GB; ROM: 256GB; Pin: 5500mAh; Màn hình: 120Hz AMOLED
SKU000325,Điện thoại Samsung Galaxy S24+ (12GB/128GB),Điện tử,Điện thoại,Android,6290000,https://picsum.photos/seed/android325/600/600,Hệ điều hành: Android; RAM: 12GB; ROM: 128GB; Pin: 5500mAh; Màn hình: 120Hz AMOLED
SKU000326,Điện thoại Realme C65 (8GB/256GB),Điện tử,Điện thoại,Android,28190000,https://picsum.photos/seed/android326/600/600,Hệ điều hành: Android; RAM: 8GB; ROM: 256GB; Pin: 5000mAh; Màn hình: 120Hz AMOLED
SKU000327,Điện thoại Realme GT Neo 6 (16GB/256GB),Điện tử,Điện thoại,Android,27290000,https://picsum.photos/seed/android327/600/600,Hệ điều hành: Android; RAM: 16GB; ROM: 256GB; Pin: 5500mAh; Màn hình: 120Hz AMOLED
SKU000328,Điện thoại Asus ROG ROG Phone 8 Pro (8GB/256GB),Điện tử,Điện thoại,Android,6290000,https://picsum.photos/seed/android328/600/600,Hệ điều hành: Android; RAM: 8GB; ROM: 256GB; Pin: 5000mAh; Màn hình: 120Hz AMOLED
SKU000329,Điện thoại Xiaomi Redmi 13 (16GB/512GB),Điện tử,Điện thoại,Android,30190000,https://picsum.photos/seed/android329/600/600,Hệ điều hành: Android; RAM: 16GB; ROM: 512GB; Pin: 5000mAh; Màn hình: 120Hz AMOLED
SKU000330,Điện thoại Oppo A79 5G (8GB/512GB),Điện tử,Điện thoại,Android,29490000,https://picsum.photos/seed/android330/600/600,Hệ điều hành: Android; RAM: 8GB; ROM: 512GB; Pin: 4500mAh; Màn hình: 120Hz AMOLED
SKU000331,Điện thoại Realme C65 (16GB/512GB),Điện tử,Điện thoại,Android,28290000,https://picsum.photos/seed/android331/600/600,Hệ điều hành: Android; RAM: 16GB; ROM: 512GB; Pin: 4500mAh; Màn hình: 120Hz AMOLED
SKU000332,Điện thoại Samsung Galaxy Z Fold6 (8GB/128GB),Điện tử,Điện thoại,Android,12290000,https://picsum.photos/seed/android332/600/600,Hệ điều hành: Android; RAM: 8GB; ROM: 128GB; Pin: 5500mAh; Màn hình: 120Hz AMOLED
SKU000333,Điện thoại Asus ROG ROG Phone 7 Ultimate (8GB/512GB),Điện tử,Điện thoại,Android,13290000,https://picsum.photos/seed/android333/600/600,Hệ điều hành: Android; RAM: 8GB; ROM: 512GB; Pin: 4500mAh; Màn hình: 120Hz AMOLED
SKU000334,Điện thoại Xiaomi Poco F6 Pro (8GB/256GB),Điện tử,Điện thoại,Android,6190000,https://picsum.photos/seed/android334/600/600,Hệ điều hành: Android; RAM: 8GB; ROM: 256GB; Pin: 5000mAh; Màn hình: 120Hz AMOLED
SKU000335,Điện thoại Oppo A79 5G (8GB/512GB),Điện tử,Điện thoại,Android,13290000,https://picsum.photos/seed/android335/600/600,Hệ điều hành: Android; RAM: 8GB; ROM: 512GB; Pin: 5500mAh; Màn hình: 120Hz AMOLED
SKU000336,Điện thoại Asus ROG ROG Phone 7 Ultimate (12GB/128GB),Điện tử,Điện thoại,Android,7490000,https://picsum.photos/seed/android336/600/600,Hệ điều hành: Android; RAM: 12GB; ROM: 128GB; Pin: 5500mAh; Màn hình: 120Hz AMOLED
SKU000337,Điện thoại Realme Realme 12 Pro+ (16GB/256GB),Điện tử,Điện thoại,Android,19290000,https://picsum.photos/seed/android337/600/600,Hệ điều hành: Android; RAM: 16GB; ROM: 256GB; Pin: 5000mAh; Màn hình: 120Hz AMOLED
SKU000338,Điện thoại Asus ROG ROG Phone 8 Pro (16GB/256GB),Điện tử,Điện thoại,Android,29290000,https://picsum.photos/seed/android338/600/600,Hệ điều hành: Android; RAM: 16GB; ROM: 256GB; Pin: 4500mAh; Màn hình: 120Hz AMOLED
SKU000339,Điện thoại Oppo Reno 12 Pro (8GB/256GB),Điện tử,Điện thoại,Android,17190000,https://picsum.photos/seed/android339/600/600,Hệ điều hành: Android; RAM: 8GB; ROM: 256GB; Pin: 5500mAh; Màn hình: 120Hz AMOLED
SKU000340,Điện thoại Realme GT Neo 6 (8GB/256GB),Điện tử,Điện thoại,Android,25000000,https://picsum.photos/seed/android340/600/600,Hệ điều hành: Android; RAM: 8GB; ROM: 256GB; Pin: 4500mAh; Màn hình: 120Hz AMOLED
SKU000341,Điện thoại Xiaomi Redmi Note 13 Pro (8GB/128GB),Điện tử,Điện thoại,Android,12000000,https://picsum.photos/seed/android341/600/600,Hệ điều hành: Android; RAM: 8GB; ROM: 128GB; Pin: 5500mAh; Màn hình: 120Hz AMOLED
SKU000342,Điện thoại Realme GT Neo 6 (12GB/512GB),Điện tử,Điện thoại,Android,30490000,https://picsum.photos/seed/android342/600/600,Hệ điều hành: Android; RAM: 12GB; ROM: 512GB; Pin: 5500mAh; Màn hình: 120Hz AMOLED
SKU000343,Điện thoại Vivo Y28 (16GB/128GB),Điện tử,Điện thoại,Android,17190000,https://picsum.photos/seed/android343/600/600,Hệ điều hành: Android; RAM: 16GB; ROM: 128GB; Pin: 5000mAh; Màn hình: 120Hz AMOLED
SKU000344,Điện thoại Asus ROG ROG Phone 8 Pro (8GB/128GB),Điện tử,Điện thoại,Android,33290000,https://picsum.photos/seed/android344/600/600,Hệ điều hành: Android; RAM: 8GB; ROM: 128GB; Pin: 4500mAh; Màn hình: 120Hz AMOLED
SKU000345,Điện thoại Realme C65 (12GB/256GB),Điện tử,Điện thoại,Android,35490000,https://picsum.photos/seed/android345/600/600,Hệ điều hành: Android; RAM: 12GB; ROM: 256GB; Pin: 4500mAh; Màn hình: 120Hz AMOLED
SKU000346,Điện thoại Asus ROG ROG Phone 7 Ultimate (8GB/256GB),Điện tử,Điện thoại,Android,14190000,https://picsum.photos/seed/android346/600/600,Hệ điều hành: Android; RAM: 8GB; ROM: 256GB; Pin: 5000mAh; Màn hình: 120Hz AMOLED
SKU000347,Điện thoại Asus ROG ROG Phone 7 Ultimate (16GB/256GB),Điện tử,Điện thoại,Android,32190000,https://picsum.photos/seed/android347/600/600,Hệ điều hành: Android; RAM: 16GB; ROM: 256GB; Pin: 4500mAh; Màn hình: 120Hz AMOLED
SKU000348,Điện thoại Asus ROG ROG Phone 7 Ultimate (12GB/128GB),Điện tử,Điện thoại,Android,6000000,https://picsum.photos/seed/android348/600/600,Hệ điều hành: Android; RAM: 12GB; ROM: 128GB; Pin: 5000mAh; Màn hình: 120Hz AMOLED
SKU000349,Điện thoại Realme Realme 12 Pro+ (12GB/512GB),Điện tử,Điện thoại,Android,25290000,https://picsum.photos/seed/android349/600/600,Hệ điều hành: Android; RAM: 12GB; ROM: 512GB; Pin: 4500mAh; Màn hình: 120Hz AMOLED
SKU000350,Điện thoại Oppo A79 5G (12GB/256GB),Điện tử,Điện thoại,Android,32000000,https://picsum.photos/seed/android350/600/600,Hệ điều hành: Android; RAM: 12GB; ROM: 256GB; Pin: 4500mAh; Màn hình: 120Hz AMOLED
SKU000351,Điện thoại Samsung Galaxy A55 5G (8GB/256GB),Điện tử,Điện thoại,Android,7190000,https://picsum.photos/seed/android351/600/600,Hệ điều hành: Android; RAM: 8GB; ROM: 256GB; Pin: 5000mAh; Màn hình: 120Hz AMOLED
SKU000352,Điện thoại Oppo A79 5G (16GB/256GB),Điện tử,Điện thoại,Android,13000000,https://picsum.photos/seed/android352/600/600,Hệ điều hành: Android; RAM: 16GB; ROM: 256GB; Pin: 5500mAh; Màn hình: 120Hz AMOLED
SKU000353,Điện thoại Vivo X100 Pro (16GB/128GB),Điện tử,Điện thoại,Android,15290000,https://picsum.photos/seed/android353/600/600,Hệ điều hành: Android; RAM: 16GB; ROM: 128GB; Pin: 5500mAh; Màn hình: 120Hz AMOLED
SKU000354,Điện thoại Xiaomi Poco F6 Pro (16GB/256GB),Điện tử,Điện thoại,Android,9290000,https://picsum.photos/seed/android354/600/600,Hệ điều hành: Android; RAM: 16GB; ROM: 256GB; Pin: 5500mAh; Màn hình: 120Hz AMOLED
SKU000355,Điện thoại Samsung Galaxy A55 5G (8GB/128GB),Điện tử,Điện thoại,Android,13290000,https://picsum.photos/seed/android355/600/600,Hệ điều hành: Android; RAM: 8GB; ROM: 128GB; Pin: 4500mAh; Màn hình: 120Hz AMOLED
SKU000356,Điện thoại Asus ROG ROG Phone 7 Ultimate (12GB/512GB),Điện tử,Điện thoại,Android,31290000,https://picsum.photos/seed/android356/600/600,Hệ điều hành: Android; RAM: 12GB; ROM: 512GB; Pin: 4500mAh; Màn hình: 120Hz AMOLED
SKU000357,Điện thoại Samsung Galaxy S24 Ultra (12GB/128GB),Điện tử,Điện thoại,Android,21490000,https://picsum.photos/seed/android357/600/600,Hệ điều hành: Android; RAM: 12GB; ROM: 128GB; Pin: 5500mAh; Màn hình: 120Hz AMOLED
SKU000358,Điện thoại Vivo V30e 5G (8GB/256GB),Điện tử,Điện thoại,Android,25490000,https://picsum.photos/seed/android358/600/600,Hệ điều hành: Android; RAM: 8GB; ROM: 256GB; Pin: 4500mAh; Màn hình: 120Hz AMOLED
SKU000359,Điện thoại Asus ROG ROG Phone 7 Ultimate (16GB/128GB),Điện tử,Điện thoại,Android,7290000,https://picsum.photos/seed/android359/600/600,Hệ điều hành: Android; RAM: 16GB; ROM: 128GB; Pin: 5000mAh; Màn hình: 120Hz AMOLED
SKU000360,Điện thoại Xiaomi Redmi Note 13 Pro (16GB/128GB),Điện tử,Điện thoại,Android,32490000,https://picsum.photos/seed/android360/600/600,Hệ điều hành: Android; RAM: 16GB; ROM: 128GB; Pin: 5000mAh; Màn hình: 120Hz AMOLED
SKU000361,Điện thoại Oppo A79 5G (16GB/512GB),Điện tử,Điện thoại,Android,18490000,https://picsum.photos/seed/android361/600/600,Hệ điều hành: Android; RAM: 16GB; ROM: 512GB; Pin: 5500mAh; Màn hình: 120Hz AMOLED
SKU000362,Điện thoại Samsung Galaxy Z Fold6 (8GB/128GB),Điện tử,Điện thoại,Android,32490000,https://picsum.photos/seed/android362/600/600,Hệ điều hành: Android; RAM: 8GB; ROM: 128GB; Pin: 4500mAh; Màn hình: 120Hz AMOLED
SKU000363,Điện thoại Oppo A79 5G (12GB/512GB),Điện tử,Điện thoại,Android,33190000,https://picsum.photos/seed/android363/600/600,Hệ điều hành: Android; RAM: 12GB; ROM: 512GB; Pin: 4500mAh; Màn hình: 120Hz AMOLED
SKU000364,Điện thoại Xiaomi Redmi Note 13 Pro (12GB/128GB),Điện tử,Điện thoại,Android,7290000,https://picsum.photos/seed/android364/600/600,Hệ điều hành: Android; RAM: 12GB; ROM: 128GB; Pin: 5000mAh; Màn hình: 120Hz AMOLED
SKU000365,Điện thoại Vivo Y28 (8GB/512GB),Điện tử,Điện thoại,Android,21290000,https://picsum.photos/seed/android365/600/600,Hệ điều hành: Android; RAM: 8GB; ROM: 512GB; Pin: 4500mAh; Màn hình: 120Hz AMOLED
SKU000366,Điện thoại Samsung Galaxy A35 (8GB/128GB),Điện tử,Điện thoại,Android,30000000,https://picsum.photos/seed/android366/600/600,Hệ điều hành: Android; RAM: 8GB; ROM: 128GB; Pin: 4500mAh; Màn hình: 120Hz AMOLED
SKU000367,Điện thoại Oppo Find X7 Ultra (12GB/512GB),Điện tử,Điện thoại,Android,24290000,https://picsum.photos/seed/android367/600/600,Hệ điều hành: Android; RAM: 12GB; ROM: 512GB; Pin: 5000mAh; Màn hình: 120Hz AMOLED
SKU000368,Điện thoại Xiaomi Xiaomi 14 Ultra (8GB/128GB),Điện tử,Điện thoại,Android,17000000,https://picsum.photos/seed/android368/600/600,Hệ điều hành: Android; RAM: 8GB; ROM: 128GB; Pin: 5500mAh; Màn hình: 120Hz AMOLED
SKU000369,Điện thoại Asus ROG ROG Phone 8 Pro (16GB/256GB),Điện tử,Điện thoại,Android,4490000,https://picsum.photos/seed/android369/600/600,Hệ điều hành: Android; RAM: 16GB; ROM: 256GB; Pin: 4500mAh; Màn hình: 120Hz AMOLED
SKU000370,Điện thoại Oppo Reno 12 Pro (16GB/128GB),Điện tử,Điện thoại,Android,33290000,https://picsum.photos/seed/android370/600/600,Hệ điều hành: Android; RAM: 16GB; ROM: 128GB; Pin: 5000mAh; Màn hình: 120Hz AMOLED
SKU000371,Điện thoại Vivo X100 Pro (12GB/512GB),Điện tử,Điện thoại,Android,12490000,https://picsum.photos/seed/android371/600/600,Hệ điều hành: Android; RAM: 12GB; ROM: 512GB; Pin: 5000mAh; Màn hình: 120Hz AMOLED
SKU000372,Điện thoại Samsung Galaxy Z Flip6 (8GB/512GB),Điện tử,Điện thoại,Android,35190000,https://picsum.photos/seed/android372/600/600,Hệ điều hành: Android; RAM: 8GB; ROM: 512GB; Pin: 5500mAh; Màn hình: 120Hz AMOLED
SKU000373,Điện thoại Samsung Galaxy Z Flip6 (8GB/128GB),Điện tử,Điện thoại,Android,27490000,https://picsum.photos/seed/android373/600/600,Hệ điều hành: Android; RAM: 8GB; ROM: 128GB; Pin: 5500mAh; Màn hình: 120Hz AMOLED
SKU000374,Điện thoại Asus ROG ROG Phone 8 Pro (12GB/128GB),Điện tử,Điện thoại,Android,11290000,https://picsum.photos/seed/android374/600/600,Hệ điều hành: Android; RAM: 12GB; ROM: 128GB; Pin: 4500mAh; Màn hình: 120Hz AMOLED
SKU000375,Điện thoại Vivo X100 Pro (16GB/512GB),Điện tử,Điện thoại,Android,4290000,https://picsum.photos/seed/android375/600/600,Hệ điều hành: Android; RAM: 16GB; ROM: 512GB; Pin: 5500mAh; Màn hình: 120Hz AMOLED
SKU000376,Điện thoại Oppo Reno 12 Pro (8GB/128GB),Điện tử,Điện thoại,Android,8490000,https://picsum.photos/seed/android376/600/600,Hệ điều hành: Android; RAM: 8GB; ROM: 128GB; Pin: 5000mAh; Màn hình: 120Hz AMOLED
SKU000377,Điện thoại Samsung Galaxy S24 Ultra (12GB/128GB),Điện tử,Điện thoại,Android,15000000,https://picsum.photos/seed/android377/600/600,Hệ điều hành: Android; RAM: 12GB; ROM: 128GB; Pin: 4500mAh; Màn hình: 120Hz AMOLED
SKU000378,Điện thoại Asus ROG ROG Phone 7 Ultimate (16GB/256GB),Điện tử,Điện thoại,Android,32490000,https://picsum.photos/seed/android378/600/600,Hệ điều hành: Android; RAM: 16GB; ROM: 256GB; Pin: 5500mAh; Màn hình: 120Hz AMOLED
SKU000379,Điện thoại Asus ROG ROG Phone 8 Pro (8GB/512GB),Điện tử,Điện thoại,Android,21190000,https://picsum.photos/seed/android379/600/600,Hệ điều hành: Android; RAM: 8GB; ROM: 512GB; Pin: 4500mAh; Màn hình: 120Hz AMOLED
SKU000380,Điện thoại Xiaomi Redmi 13 (16GB/256GB),Điện tử,Điện thoại,Android,28490000,https://picsum.photos/seed/android380/600/600,Hệ điều hành: Android; RAM: 16GB; ROM: 256GB; Pin: 5500mAh; Màn hình: 120Hz AMOLED
SKU000381,Điện thoại Realme C65 (12GB/256GB),Điện tử,Điện thoại,Android,19000000,https://picsum.photos/seed/android381/600/600,Hệ điều hành: Android; RAM: 12GB; ROM: 256GB; Pin: 5500mAh; Màn hình: 120Hz AMOLED
SKU000382,Điện thoại Realme GT Neo 6 (12GB/512GB),Điện tử,Điện thoại,Android,21000000,https://picsum.photos/seed/android382/600/600,Hệ điều hành: Android; RAM: 12GB; ROM: 512GB; Pin: 5000mAh; Màn hình: 120Hz AMOLED
SKU000383,Điện thoại Realme C65 (16GB/256GB),Điện tử,Điện thoại,Android,15190000,https://picsum.photos/seed/android383/600/600,Hệ điều hành: Android; RAM: 16GB; ROM: 256GB; Pin: 5000mAh; Màn hình: 120Hz AMOLED
SKU000384,Điện thoại Vivo Y28 (12GB/256GB),Điện tử,Điện thoại,Android,32000000,https://picsum.photos/seed/android384/600/600,Hệ điều hành: Android; RAM: 12GB; ROM: 256GB; Pin: 5500mAh; Màn hình: 120Hz AMOLED
SKU000385,Điện thoại Samsung Galaxy A55 5G (16GB/128GB),Điện tử,Điện thoại,Android,22490000,https://picsum.photos/seed/android385/600/600,Hệ điều hành: Android; RAM: 16GB; ROM: 128GB; Pin: 5500mAh; Màn hình: 120Hz AMOLED
SKU000386,Điện thoại Vivo Y28 (16GB/128GB),Điện tử,Điện thoại,Android,12490000,https://picsum.photos/seed/android386/600/600,Hệ điều hành: Android; RAM: 16GB; ROM: 128GB; Pin: 4500mAh; Màn hình: 120Hz AMOLED
SKU000387,Điện thoại Samsung Galaxy S24 Ultra (16GB/256GB),Điện tử,Điện thoại,Android,32290000,https://picsum.photos/seed/android387/600/600,Hệ điều hành: Android; RAM: 16GB; ROM: 256GB; Pin: 5500mAh; Màn hình: 120Hz AMOLED
SKU000388,Điện thoại Samsung Galaxy A55 5G (16GB/512GB),Điện tử,Điện thoại,Android,32490000,https://picsum.photos/seed/android388/600/600,Hệ điều hành: Android; RAM: 16GB; ROM: 512GB; Pin: 4500mAh; Màn hình: 120Hz AMOLED
SKU000389,Điện thoại Samsung Galaxy A55 5G (16GB/512GB),Điện tử,Điện thoại,Android,22290000,https://picsum.photos/seed/android389/600/600,Hệ điều hành: Android; RAM: 16GB; ROM: 512GB; Pin: 4500mAh; Màn hình: 120Hz AMOLED
SKU000390,Điện thoại Oppo Find X7 Ultra (12GB/128GB),Điện tử,Điện thoại,Android,34190000,https://picsum.photos/seed/android390/600/600,Hệ điều hành: Android; RAM: 12GB; ROM: 128GB; Pin: 5000mAh; Màn hình: 120Hz AMOLED
SKU000391,Điện thoại Oppo A79 5G (12GB/512GB),Điện tử,Điện thoại,Android,10290000,https://picsum.photos/seed/android391/600/600,Hệ điều hành: Android; RAM: 12GB; ROM: 512GB; Pin: 5500mAh; Màn hình: 120Hz AMOLED
SKU000392,Điện thoại Asus ROG ROG Phone 7 Ultimate (16GB/512GB),Điện tử,Điện thoại,Android,33190000,https://picsum.photos/seed/android392/600/600,Hệ điều hành: Android; RAM: 16GB; ROM: 512GB; Pin: 5500mAh; Màn hình: 120Hz AMOLED
SKU000393,Điện thoại Samsung Galaxy A55 5G (16GB/256GB),Điện tử,Điện thoại,Android,10000000,https://picsum.photos/seed/android393/600/600,Hệ điều hành: Android; RAM: 16GB; ROM: 256GB; Pin: 5000mAh; Màn hình: 120Hz AMOLED
SKU000394,Điện thoại Oppo A58 (16GB/256GB),Điện tử,Điện thoại,Android,17490000,https://picsum.photos/seed/android394/600/600,Hệ điều hành: Android; RAM: 16GB; ROM: 256GB; Pin: 4500mAh; Màn hình: 120Hz AMOLED
SKU000395,Điện thoại Samsung Galaxy S24+ (16GB/512GB),Điện tử,Điện thoại,Android,18190000,https://picsum.photos/seed/android395/600/600,Hệ điều hành: Android; RAM: 16GB; ROM: 512GB; Pin: 4500mAh; Màn hình: 120Hz AMOLED
SKU000396,Điện thoại Samsung Galaxy S24 Ultra (8GB/256GB),Điện tử,Điện thoại,Android,20000000,https://picsum.photos/seed/android396/600/600,Hệ điều hành: Android; RAM: 8GB; ROM: 256GB; Pin: 5000mAh; Màn hình: 120Hz AMOLED
SKU000397,Điện thoại Asus ROG ROG Phone 8 Pro (16GB/128GB),Điện tử,Điện thoại,Android,7290000,https://picsum.photos/seed/android397/600/600,Hệ điều hành: Android; RAM: 16GB; ROM: 128GB; Pin: 5500mAh; Màn hình: 120Hz AMOLED
SKU000398,Điện thoại Vivo Y28 (12GB/256GB),Điện tử,Điện thoại,Android,22000000,https://picsum.photos/seed/android398/600/600,Hệ điều hành: Android; RAM: 12GB; ROM: 256GB; Pin: 5500mAh; Màn hình: 120Hz AMOLED
SKU000399,Điện thoại Xiaomi Xiaomi 14 (8GB/256GB),Điện tử,Điện thoại,Android,26190000,https://picsum.photos/seed/android399/600/600,Hệ điều hành: Android; RAM: 8GB; ROM: 256GB; Pin: 4500mAh; Màn hình: 120Hz AMOLED
SKU000400,Điện thoại Oppo A79 5G (12GB/512GB),Điện tử,Điện thoại,Android,29190000,https://picsum.photos/seed/android400/600/600,Hệ điều hành: Android; RAM: 12GB; ROM: 512GB; Pin: 4500mAh; Màn hình: 120Hz AMOLED
SKU000401,Điện thoại Vivo X100 Pro (12GB/128GB),Điện tử,Điện thoại,Android,10000000,https://picsum.photos/seed/android401/600/600,Hệ điều hành: Android; RAM: 12GB; ROM: 128GB; Pin: 4500mAh; Màn hình: 120Hz AMOLED
SKU000402,Điện thoại Asus ROG ROG Phone 7 Ultimate (16GB/512GB),Điện tử,Điện thoại,Android,10490000,https://picsum.photos/seed/android402/600/600,Hệ điều hành: Android; RAM: 16GB; ROM: 512GB; Pin: 4500mAh; Màn hình: 120Hz AMOLED
SKU000403,Điện thoại Samsung Galaxy S24+ (16GB/128GB),Điện tử,Điện thoại,Android,23290000,https://picsum.photos/seed/android403/600/600,Hệ điều hành: Android; RAM: 16GB; ROM: 128GB; Pin: 5000mAh; Màn hình: 120Hz AMOLED
SKU000404,Điện thoại Realme C65 (8GB/512GB),Điện tử,Điện thoại,Android,30290000,https://picsum.photos/seed/android404/600/600,Hệ điều hành: Android; RAM: 8GB; ROM: 512GB; Pin: 4500mAh; Màn hình: 120Hz AMOLED
SKU000405,Điện thoại Oppo A58 (8GB/128GB),Điện tử,Điện thoại,Android,6000000,https://picsum.photos/seed/android405/600/600,Hệ điều hành: Android; RAM: 8GB; ROM: 128GB; Pin: 5000mAh; Màn hình: 120Hz AMOLED
SKU000406,Điện thoại Oppo A58 (12GB/512GB),Điện tử,Điện thoại,Android,16290000,https://picsum.photos/seed/android406/600/600,Hệ điều hành: Android; RAM: 12GB; ROM: 512GB; Pin: 5000mAh; Màn hình: 120Hz AMOLED
SKU000407,Điện thoại Xiaomi Redmi 13 (12GB/256GB),Điện tử,Điện thoại,Android,19290000,https://picsum.photos/seed/android407/600/600,Hệ điều hành: Android; RAM: 12GB; ROM: 256GB; Pin: 5500mAh; Màn hình: 120Hz AMOLED
SKU000408,Điện thoại Xiaomi Redmi Note 13 Pro (8GB/256GB),Điện tử,Điện thoại,Android,6190000,https://picsum.photos/seed/android408/600/600,Hệ điều hành: Android; RAM: 8GB; ROM: 256GB; Pin: 5000mAh; Màn hình: 120Hz AMOLED
SKU000409,Điện thoại Oppo A79 5G (12GB/256GB),Điện tử,Điện thoại,Android,30000000,https://picsum.photos/seed/android409/600/600,Hệ điều hành: Android; RAM: 12GB; ROM: 256GB; Pin: 5500mAh; Màn hình: 120Hz AMOLED
SKU000410,Điện thoại Vivo X100 Pro (16GB/512GB),Điện tử,Điện thoại,Android,13190000,https://picsum.photos/seed/android410/600/600,Hệ điều hành: Android; RAM: 16GB; ROM: 512GB; Pin: 5500mAh; Màn hình: 120Hz AMOLED
SKU000411,Điện thoại Oppo A58 (16GB/512GB),Điện tử,Điện thoại,Android,17000000,https://picsum.photos/seed/android411/600/600,Hệ điều hành: Android; RAM: 16GB; ROM: 512GB; Pin: 4500mAh; Màn hình: 120Hz AMOLED
SKU000412,Điện thoại Vivo V30e 5G (12GB/512GB),Điện tử,Điện thoại,Android,21000000,https://picsum.photos/seed/android412/600/600,Hệ điều hành: Android; RAM: 12GB; ROM: 512GB; Pin: 5000mAh; Màn hình: 120Hz AMOLED
SKU000413,Điện thoại Oppo Find X7 Ultra (8GB/128GB),Điện tử,Điện thoại,Android,31290000,https://picsum.photos/seed/android413/600/600,Hệ điều hành: Android; RAM: 8GB; ROM: 128GB; Pin: 5000mAh; Màn hình: 120Hz AMOLED
SKU000414,Điện thoại Realme GT Neo 6 (12GB/512GB),Điện tử,Điện thoại,Android,24000000,https://picsum.photos/seed/android414/600/600,Hệ điều hành: Android; RAM: 12GB; ROM: 512GB; Pin: 4500mAh; Màn hình: 120Hz AMOLED
SKU000415,Điện thoại Oppo Find X7 Ultra (16GB/128GB),Điện tử,Điện thoại,Android,25000000,https://picsum.photos/seed/android415/600/600,Hệ điều hành: Android; RAM: 16GB; ROM: 128GB; Pin: 5500mAh; Màn hình: 120Hz AMOLED
SKU000416,Điện thoại Samsung Galaxy S24 Ultra (8GB/128GB),Điện tử,Điện thoại,Android,22490000,https://picsum.photos/seed/android416/600/600,Hệ điều hành: Android; RAM: 8GB; ROM: 128GB; Pin: 5500mAh; Màn hình: 120Hz AMOLED
SKU000417,Điện thoại Asus ROG ROG Phone 7 Ultimate (12GB/128GB),Điện tử,Điện thoại,Android,10490000,https://picsum.photos/seed/android417/600/600,Hệ điều hành: Android; RAM: 12GB; ROM: 128GB; Pin: 5500mAh; Màn hình: 120Hz AMOLED
SKU000418,Điện thoại Samsung Galaxy Z Flip6 (12GB/512GB),Điện tử,Điện thoại,Android,25000000,https://picsum.photos/seed/android418/600/600,Hệ điều hành: Android; RAM: 12GB; ROM: 512GB; Pin: 4500mAh; Màn hình: 120Hz AMOLED
SKU000419,Điện thoại Samsung Galaxy A55 5G (12GB/512GB),Điện tử,Điện thoại,Android,20190000,https://picsum.photos/seed/android419/600/600,Hệ điều hành: Android; RAM: 12GB; ROM: 512GB; Pin: 5000mAh; Màn hình: 120Hz AMOLED
SKU000420,Điện thoại Samsung Galaxy S24 Ultra (16GB/128GB),Điện tử,Điện thoại,Android,16190000,https://picsum.photos/seed/android420/600/600,Hệ điều hành: Android; RAM: 16GB; ROM: 128GB; Pin: 5500mAh; Màn hình: 120Hz AMOLED
SKU000421,Điện thoại Xiaomi Xiaomi 14 Ultra (12GB/512GB),Điện tử,Điện thoại,Android,28490000,https://picsum.photos/seed/android421/600/600,Hệ điều hành: Android; RAM: 12GB; ROM: 512GB; Pin: 5000mAh; Màn hình: 120Hz AMOLED
SKU000422,Điện thoại Samsung Galaxy Z Fold6 (8GB/128GB),Điện tử,Điện thoại,Android,8490000,https://picsum.photos/seed/android422/600/600,Hệ điều hành: Android; RAM: 8GB; ROM: 128GB; Pin: 5500mAh; Màn hình: 120Hz AMOLED
SKU000423,Điện thoại Samsung Galaxy A35 (12GB/256GB),Điện tử,Điện thoại,Android,33490000,https://picsum.photos/seed/android423/600/600,Hệ điều hành: Android; RAM: 12GB; ROM: 256GB; Pin: 5500mAh; Màn hình: 120Hz AMOLED
SKU000424,Điện thoại Oppo Find X7 Ultra (8GB/128GB),Điện tử,Điện thoại,Android,30290000,https://picsum.photos/seed/android424/600/600,Hệ điều hành: Android; RAM: 8GB; ROM: 128GB; Pin: 5500mAh; Màn hình: 120Hz AMOLED
SKU000425,Điện thoại Oppo A79 5G (12GB/128GB),Điện tử,Điện thoại,Android,31290000,https://picsum.photos/seed/android425/600/600,Hệ điều hành: Android; RAM: 12GB; ROM: 128GB; Pin: 4500mAh; Màn hình: 120Hz AMOLED
SKU000426,Điện thoại Realme C65 (12GB/256GB),Điện tử,Điện thoại,Android,16490000,https://picsum.photos/seed/android426/600/600,Hệ điều hành: Android; RAM: 12GB; ROM: 256GB; Pin: 5000mAh; Màn hình: 120Hz AMOLED
SKU000427,Điện thoại Xiaomi Redmi 13 (16GB/128GB),Điện tử,Điện thoại,Android,26190000,https://picsum.photos/seed/android427/600/600,Hệ điều hành: Android; RAM: 16GB; ROM: 128GB; Pin: 4500mAh; Màn hình: 120Hz AMOLED
SKU000428,Điện thoại Samsung Galaxy Z Flip6 (16GB/256GB),Điện tử,Điện thoại,Android,20000000,https://picsum.photos/seed/android428/600/600,Hệ điều hành: Android; RAM: 16GB; ROM: 256GB; Pin: 5000mAh; Màn hình: 120Hz AMOLED
SKU000429,Điện thoại Vivo X100 Pro (12GB/256GB),Điện tử,Điện thoại,Android,16290000,https://picsum.photos/seed/android429/600/600,Hệ điều hành: Android; RAM: 12GB; ROM: 256GB; Pin: 5000mAh; Màn hình: 120Hz AMOLED
SKU000430,Điện thoại Realme GT Neo 6 (16GB/512GB),Điện tử,Điện thoại,Android,9490000,https://picsum.photos/seed/android430/600/600,Hệ điều hành: Android; RAM: 16GB; ROM: 512GB; Pin: 5000mAh; Màn hình: 120Hz AMOLED
SKU000431,Điện thoại Xiaomi Redmi 13 (12GB/256GB),Điện tử,Điện thoại,Android,16490000,https://picsum.photos/seed/android431/600/600,Hệ điều hành: Android; RAM: 12GB; ROM: 256GB; Pin: 5500mAh; Màn hình: 120Hz AMOLED
SKU000432,Điện thoại Oppo Reno 12 Pro (8GB/512GB),Điện tử,Điện thoại,Android,15490000,https://picsum.photos/seed/android432/600/600,Hệ điều hành: Android; RAM: 8GB; ROM: 512GB; Pin: 4500mAh; Màn hình: 120Hz AMOLED
SKU000433,Điện thoại Xiaomi Redmi 13 (16GB/512GB),Điện tử,Điện thoại,Android,20190000,https://picsum.photos/seed/android433/600/600,Hệ điều hành: Android; RAM: 16GB; ROM: 512GB; Pin: 5000mAh; Màn hình: 120Hz AMOLED
SKU000434,Điện thoại Asus ROG ROG Phone 8 Pro (12GB/128GB),Điện tử,Điện thoại,Android,26190000,https://picsum.photos/seed/android434/600/600,Hệ điều hành: Android; RAM: 12GB; ROM: 128GB; Pin: 5000mAh; Màn hình: 120Hz AMOLED
SKU000435,Điện thoại Realme C65 (16GB/256GB),Điện tử,Điện thoại,Android,19490000,https://picsum.photos/seed/android435/600/600,Hệ điều hành: Android; RAM: 16GB; ROM: 256GB; Pin: 5500mAh; Màn hình: 120Hz AMOLED
SKU000436,Điện thoại Asus ROG ROG Phone 8 Pro (16GB/128GB),Điện tử,Điện thoại,Android,11190000,https://picsum.photos/seed/android436/600/600,Hệ điều hành: Android; RAM: 16GB; ROM: 128GB; Pin: 4500mAh; Màn hình: 120Hz AMOLED
SKU000437,Điện thoại Vivo Y28 (16GB/128GB),Điện tử,Điện thoại,Android,8290000,https://picsum.photos/seed/android437/600/600,Hệ điều hành: Android; RAM: 16GB; ROM: 128GB; Pin: 4500mAh; Màn hình: 120Hz AMOLED
SKU000438,Điện thoại Oppo A79 5G (16GB/256GB),Điện tử,Điện thoại,Android,33190000,https://picsum.photos/seed/android438/600/600,Hệ điều hành: Android; RAM: 16GB; ROM: 256GB; Pin: 5500mAh; Màn hình: 120Hz AMOLED
SKU000439,Điện thoại Vivo Y28 (8GB/128GB),Điện tử,Điện thoại,Android,4000000,https://picsum.photos/seed/android439/600/600,Hệ điều hành: Android; RAM: 8GB; ROM: 128GB; Pin: 5000mAh; Màn hình: 120Hz AMOLED
SKU000440,Điện thoại Realme C65 (12GB/128GB),Điện tử,Điện thoại,Android,35290000,https://picsum.photos/seed/android440/600/600,Hệ điều hành: Android; RAM: 12GB; ROM: 128GB; Pin: 4500mAh; Màn hình: 120Hz AMOLED
SKU000441,Điện thoại Vivo Y28 (16GB/128GB),Điện tử,Điện thoại,Android,14290000,https://picsum.photos/seed/android441/600/600,Hệ điều hành: Android; RAM: 16GB; ROM: 128GB; Pin: 4500mAh; Màn hình: 120Hz AMOLED
SKU000442,Điện thoại Xiaomi Xiaomi 14 Ultra (12GB/512GB),Điện tử,Điện thoại,Android,15290000,https://picsum.photos/seed/android442/600/600,Hệ điều hành: Android; RAM: 12GB; ROM: 512GB; Pin: 5500mAh; Màn hình: 120Hz AMOLED
SKU000443,Điện thoại Asus ROG ROG Phone 7 Ultimate (16GB/128GB),Điện tử,Điện thoại,Android,10000000,https://picsum.photos/seed/android443/600/600,Hệ điều hành: Android; RAM: 16GB; ROM: 128GB; Pin: 5000mAh; Màn hình: 120Hz AMOLED
SKU000444,Điện thoại Samsung Galaxy Z Flip6 (8GB/256GB),Điện tử,Điện thoại,Android,13000000,https://picsum.photos/seed/android444/600/600,Hệ điều hành: Android; RAM: 8GB; ROM: 256GB; Pin: 5000mAh; Màn hình: 120Hz AMOLED
SKU000445,Điện thoại Xiaomi Redmi 13 (12GB/128GB),Điện tử,Điện thoại,Android,10000000,https://picsum.photos/seed/android445/600/600,Hệ điều hành: Android; RAM: 12GB; ROM: 128GB; Pin: 5000mAh; Màn hình: 120Hz AMOLED
SKU000446,Điện thoại Xiaomi Xiaomi 14 (16GB/512GB),Điện tử,Điện thoại,Android,25000000,https://picsum.photos/seed/android446/600/600,Hệ điều hành: Android; RAM: 16GB; ROM: 512GB; Pin: 4500mAh; Màn hình: 120Hz AMOLED
SKU000447,Điện thoại Asus ROG ROG Phone 8 Pro (8GB/512GB),Điện tử,Điện thoại,Android,8290000,https://picsum.photos/seed/android447/600/600,Hệ điều hành: Android; RAM: 8GB; ROM: 512GB; Pin: 5000mAh; Màn hình: 120Hz AMOLED
SKU000448,Điện thoại Vivo X100 Pro (16GB/128GB),Điện tử,Điện thoại,Android,7000000,https://picsum.photos/seed/android448/600/600,Hệ điều hành: Android; RAM: 16GB; ROM: 128GB; Pin: 5500mAh; Màn hình: 120Hz AMOLED
SKU000449,Điện thoại Vivo X100 Pro (12GB/128GB),Điện tử,Điện thoại,Android,35190000,https://picsum.photos/seed/android449/600/600,Hệ điều hành: Android; RAM: 12GB; ROM: 128GB; Pin: 5500mAh; Màn hình: 120Hz AMOLED
SKU000450,Điện thoại Oppo Find X7 Ultra (12GB/128GB),Điện tử,Điện thoại,Android,23190000,https://picsum.photos/seed/android450/600/600,Hệ điều hành: Android; RAM: 12GB; ROM: 128GB; Pin: 5500mAh; Màn hình: 120Hz AMOLED
SKU000451,Điện thoại Realme C65 (8GB/256GB),Điện tử,Điện thoại,Android,21190000,https://picsum.photos/seed/android451/600/600,Hệ điều hành: Android; RAM: 8GB; ROM: 256GB; Pin: 4500mAh; Màn hình: 120Hz AMOLED
SKU000452,Điện thoại Oppo Reno 12 Pro (16GB/512GB),Điện tử,Điện thoại,Android,32290000,https://picsum.photos/seed/android452/600/600,Hệ điều hành: Android; RAM: 16GB; ROM: 512GB; Pin: 5000mAh; Màn hình: 120Hz AMOLED
SKU000453,Điện thoại Realme C65 (12GB/128GB),Điện tử,Điện thoại,Android,31490000,https://picsum.photos/seed/android453/600/600,Hệ điều hành: Android; RAM: 12GB; ROM: 128GB; Pin: 4500mAh; Màn hình: 120Hz AMOLED
SKU000454,Điện thoại Xiaomi Poco F6 Pro (16GB/256GB),Điện tử,Điện thoại,Android,30000000,https://picsum.photos/seed/android454/600/600,Hệ điều hành: Android; RAM: 16GB; ROM: 256GB; Pin: 5500mAh; Màn hình: 120Hz AMOLED
SKU000455,Điện thoại Vivo Y28 (12GB/512GB),Điện tử,Điện thoại,Android,34490000,https://picsum.photos/seed/android455/600/600,Hệ điều hành: Android; RAM: 12GB; ROM: 512GB; Pin: 5000mAh; Màn hình: 120Hz AMOLED
SKU000456,Điện thoại Xiaomi Redmi 13 (16GB/256GB),Điện tử,Điện thoại,Android,11490000,https://picsum.photos/seed/android456/600/600,Hệ điều hành: Android; RAM: 16GB; ROM: 256GB; Pin: 5500mAh; Màn hình: 120Hz AMOLED
SKU000457,Điện thoại Vivo V30e 5G (16GB/512GB),Điện tử,Điện thoại,Android,29290000,https://picsum.photos/seed/android457/600/600,Hệ điều hành: Android; RAM: 16GB; ROM: 512GB; Pin: 5000mAh; Màn hình: 120Hz AMOLED
SKU000458,Điện thoại Vivo V30e 5G (12GB/256GB),Điện tử,Điện thoại,Android,6290000,https://picsum.photos/seed/android458/600/600,Hệ điều hành: Android; RAM: 12GB; ROM: 256GB; Pin: 5000mAh; Màn hình: 120Hz AMOLED
SKU000459,Điện thoại Samsung Galaxy S24+ (8GB/256GB),Điện tử,Điện thoại,Android,19290000,https://picsum.photos/seed/android459/600/600,Hệ điều hành: Android; RAM: 8GB; ROM: 256GB; Pin: 5500mAh; Màn hình: 120Hz AMOLED
SKU000460,Điện thoại Asus ROG ROG Phone 7 Ultimate (12GB/128GB),Điện tử,Điện thoại,Android,11190000,https://picsum.photos/seed/android460/600/600,Hệ điều hành: Android; RAM: 12GB; ROM: 128GB; Pin: 5500mAh; Màn hình: 120Hz AMOLED
SKU000461,Điện thoại Realme GT Neo 6 (12GB/512GB),Điện tử,Điện thoại,Android,13290000,https://picsum.photos/seed/android461/600/600,Hệ điều hành: Android; RAM: 12GB; ROM: 512GB; Pin: 5000mAh; Màn hình: 120Hz AMOLED
SKU000462,Điện thoại Oppo Reno 12 Pro (16GB/128GB),Điện tử,Điện thoại,Android,25290000,https://picsum.photos/seed/android462/600/600,Hệ điều hành: Android; RAM: 16GB; ROM: 128GB; Pin: 5000mAh; Màn hình: 120Hz AMOLED
SKU000463,Điện thoại Oppo A58 (8GB/256GB),Điện tử,Điện thoại,Android,6290000,https://picsum.photos/seed/android463/600/600,Hệ điều hành: Android; RAM: 8GB; ROM: 256GB; Pin: 5500mAh; Màn hình: 120Hz AMOLED
SKU000464,Điện thoại Samsung Galaxy Z Flip6 (16GB/256GB),Điện tử,Điện thoại,Android,26190000,https://picsum.photos/seed/android464/600/600,Hệ điều hành: Android; RAM: 16GB; ROM: 256GB; Pin: 5000mAh; Màn hình: 120Hz AMOLED
SKU000465,Điện thoại Asus ROG ROG Phone 8 Pro (12GB/128GB),Điện tử,Điện thoại,Android,29000000,https://picsum.photos/seed/android465/600/600,Hệ điều hành: Android; RAM: 12GB; ROM: 128GB; Pin: 5000mAh; Màn hình: 120Hz AMOLED
SKU000466,Điện thoại Oppo A79 5G (16GB/128GB),Điện tử,Điện thoại,Android,20000000,https://picsum.photos/seed/android466/600/600,Hệ điều hành: Android; RAM: 16GB; ROM: 128GB; Pin: 5500mAh; Màn hình: 120Hz AMOLED
SKU000467,Điện thoại Oppo Find X7 Ultra (12GB/512GB),Điện tử,Điện thoại,Android,28000000,https://picsum.photos/seed/android467/600/600,Hệ điều hành: Android; RAM: 12GB; ROM: 512GB; Pin: 5500mAh; Màn hình: 120Hz AMOLED
SKU000468,Điện thoại Samsung Galaxy S24+ (16GB/128GB),Điện tử,Điện thoại,Android,4290000,https://picsum.photos/seed/android468/600/600,Hệ điều hành: Android; RAM: 16GB; ROM: 128GB; Pin: 5500mAh; Màn hình: 120Hz AMOLED
SKU000469,Điện thoại Oppo A79 5G (16GB/128GB),Điện tử,Điện thoại,Android,35190000,https://picsum.photos/seed/android469/600/600,Hệ điều hành: Android; RAM: 16GB; ROM: 128GB; Pin: 4500mAh; Màn hình: 120Hz AMOLED
SKU000470,Điện thoại Xiaomi Redmi Note 13 Pro (16GB/256GB),Điện tử,Điện thoại,Android,25190000,https://picsum.photos/seed/android470/600/600,Hệ điều hành: Android; RAM: 16GB; ROM: 256GB; Pin: 5000mAh; Màn hình: 120Hz AMOLED
SKU000471,Điện thoại Samsung Galaxy Z Flip6 (12GB/256GB),Điện tử,Điện thoại,Android,8000000,https://picsum.photos/seed/android471/600/600,Hệ điều hành: Android; RAM: 12GB; ROM: 256GB; Pin: 5000mAh; Màn hình: 120Hz AMOLED
SKU000472,Điện thoại Vivo X100 Pro (8GB/128GB),Điện tử,Điện thoại,Android,11290000,https://picsum.photos/seed/android472/600/600,Hệ điều hành: Android; RAM: 8GB; ROM: 128GB; Pin: 5500mAh; Màn hình: 120Hz AMOLED
SKU000473,Điện thoại Asus ROG ROG Phone 7 Ultimate (16GB/512GB),Điện tử,Điện thoại,Android,22290000,https://picsum.photos/seed/android473/600/600,Hệ điều hành: Android; RAM: 16GB; ROM: 512GB; Pin: 5000mAh; Màn hình: 120Hz AMOLED
SKU000474,Điện thoại Asus ROG ROG Phone 7 Ultimate (12GB/256GB),Điện tử,Điện thoại,Android,11290000,https://picsum.photos/seed/android474/600/600,Hệ điều hành: Android; RAM: 12GB; ROM: 256GB; Pin: 5500mAh; Màn hình: 120Hz AMOLED
SKU000475,Điện thoại Oppo Reno 12 Pro (16GB/256GB),Điện tử,Điện thoại,Android,27000000,https://picsum.photos/seed/android475/600/600,Hệ điều hành: Android; RAM: 16GB; ROM: 256GB; Pin: 4500mAh; Màn hình: 120Hz AMOLED
SKU000476,Điện thoại Asus ROG ROG Phone 7 Ultimate (8GB/512GB),Điện tử,Điện thoại,Android,32000000,https://picsum.photos/seed/android476/600/600,Hệ điều hành: Android; RAM: 8GB; ROM: 512GB; Pin: 5500mAh; Màn hình: 120Hz AMOLED
SKU000477,Điện thoại Realme Realme 12 Pro+ (8GB/512GB),Điện tử,Điện thoại,Android,32190000,https://picsum.photos/seed/android477/600/600,Hệ điều hành: Android; RAM: 8GB; ROM: 512GB; Pin: 5000mAh; Màn hình: 120Hz AMOLED
SKU000478,Điện thoại Vivo X100 Pro (12GB/512GB),Điện tử,Điện thoại,Android,33190000,https://picsum.photos/seed/android478/600/600,Hệ điều hành: Android; RAM: 12GB; ROM: 512GB; Pin: 4500mAh; Màn hình: 120Hz AMOLED
SKU000479,Điện thoại Xiaomi Xiaomi 14 (12GB/128GB),Điện tử,Điện thoại,Android,29000000,https://picsum.photos/seed/android479/600/600,Hệ điều hành: Android; RAM: 12GB; ROM: 128GB; Pin: 5000mAh; Màn hình: 120Hz AMOLED
SKU000480,Điện thoại Xiaomi Xiaomi 14 Ultra (16GB/128GB),Điện tử,Điện thoại,Android,9290000,https://picsum.photos/seed/android480/600/600,Hệ điều hành: Android; RAM: 16GB; ROM: 128GB; Pin: 5500mAh; Màn hình: 120Hz AMOLED
SKU000481,Điện thoại Xiaomi Xiaomi 14 Ultra (12GB/256GB),Điện tử,Điện thoại,Android,16490000,https://picsum.photos/seed/android481/600/600,Hệ điều hành: Android; RAM: 12GB; ROM: 256GB; Pin: 5500mAh; Màn hình: 120Hz AMOLED
SKU000482,Điện thoại Asus ROG ROG Phone 8 Pro (16GB/256GB),Điện tử,Điện thoại,Android,4190000,https://picsum.photos/seed/android482/600/600,Hệ điều hành: Android; RAM: 16GB; ROM: 256GB; Pin: 5500mAh; Màn hình: 120Hz AMOLED
SKU000483,Điện thoại Vivo X100 Pro (8GB/256GB),Điện tử,Điện thoại,Android,7190000,https://picsum.photos/seed/android483/600/600,Hệ điều hành: Android; RAM: 8GB; ROM: 256GB; Pin: 5000mAh; Màn hình: 120Hz AMOLED
SKU000484,Điện thoại Vivo V30e 5G (8GB/512GB),Điện tử,Điện thoại,Android,12490000,https://picsum.photos/seed/android484/600/600,Hệ điều hành: Android; RAM: 8GB; ROM: 512GB; Pin: 4500mAh; Màn hình: 120Hz AMOLED
SKU000485,Điện thoại Asus ROG ROG Phone 7 Ultimate (12GB/512GB),Điện tử,Điện thoại,Android,18490000,https://picsum.photos/seed/android485/600/600,Hệ điều hành: Android; RAM: 12GB; ROM: 512GB; Pin: 4500mAh; Màn hình: 120Hz AMOLED
SKU000486,Điện thoại Asus ROG ROG Phone 8 Pro (16GB/128GB),Điện tử,Điện thoại,Android,4190000,https://picsum.photos/seed/android486/600/600,Hệ điều hành: Android; RAM: 16GB; ROM: 128GB; Pin: 5000mAh; Màn hình: 120Hz AMOLED
SKU000487,Điện thoại Realme GT Neo 6 (12GB/256GB),Điện tử,Điện thoại,Android,23190000,https://picsum.photos/seed/android487/600/600,Hệ điều hành: Android; RAM: 12GB; ROM: 256GB; Pin: 4500mAh; Màn hình: 120Hz AMOLED
SKU000488,Điện thoại Oppo A58 (8GB/512GB),Điện tử,Điện thoại,Android,32290000,https://picsum.photos/seed/android488/600/600,Hệ điều hành: Android; RAM: 8GB; ROM: 512GB; Pin: 4500mAh; Màn hình: 120Hz AMOLED
SKU000489,Điện thoại Samsung Galaxy A55 5G (8GB/128GB),Điện tử,Điện thoại,Android,27190000,https://picsum.photos/seed/android489/600/600,Hệ điều hành: Android; RAM: 8GB; ROM: 128GB; Pin: 5000mAh; Màn hình: 120Hz AMOLED
SKU000490,Điện thoại Oppo Reno 12 Pro (8GB/512GB),Điện tử,Điện thoại,Android,25000000,https://picsum.photos/seed/android490/600/600,Hệ điều hành: Android; RAM: 8GB; ROM: 512GB; Pin: 4500mAh; Màn hình: 120Hz AMOLED
SKU000491,Điện thoại Xiaomi Poco F6 Pro (16GB/256GB),Điện tử,Điện thoại,Android,23000000,https://picsum.photos/seed/android491/600/600,Hệ điều hành: Android; RAM: 16GB; ROM: 256GB; Pin: 5500mAh; Màn hình: 120Hz AMOLED
SKU000492,Điện thoại Oppo Find X7 Ultra (8GB/512GB),Điện tử,Điện thoại,Android,5000000,https://picsum.photos/seed/android492/600/600,Hệ điều hành: Android; RAM: 8GB; ROM: 512GB; Pin: 5000mAh; Màn hình: 120Hz AMOLED
SKU000493,Điện thoại Realme C65 (16GB/256GB),Điện tử,Điện thoại,Android,13190000,https://picsum.photos/seed/android493/600/600,Hệ điều hành: Android; RAM: 16GB; ROM: 256GB; Pin: 5500mAh; Màn hình: 120Hz AMOLED
SKU000494,Điện thoại Vivo Y28 (8GB/512GB),Điện tử,Điện thoại,Android,4290000,https://picsum.photos/seed/android494/600/600,Hệ điều hành: Android; RAM: 8GB; ROM: 512GB; Pin: 4500mAh; Màn hình: 120Hz AMOLED
SKU000495,Điện thoại Realme C65 (16GB/256GB),Điện tử,Điện thoại,Android,26190000,https://picsum.photos/seed/android495/600/600,Hệ điều hành: Android; RAM: 16GB; ROM: 256GB; Pin: 5500mAh; Màn hình: 120Hz AMOLED
SKU000496,Điện thoại Oppo Reno 12 Pro (8GB/512GB),Điện tử,Điện thoại,Android,18190000,https://picsum.photos/seed/android496/600/600,Hệ điều hành: Android; RAM: 8GB; ROM: 512GB; Pin: 5000mAh; Màn hình: 120Hz AMOLED
SKU000497,Điện thoại Oppo Find X7 Ultra (8GB/256GB),Điện tử,Điện thoại,Android,25490000,https://picsum.photos/seed/android497/600/600,Hệ điều hành: Android; RAM: 8GB; ROM: 256GB; Pin: 5500mAh; Màn hình: 120Hz AMOLED
SKU000498,Điện thoại Oppo Reno 12 Pro (12GB/256GB),Điện tử,Điện thoại,Android,7190000,https://picsum.photos/seed/android498/600/600,Hệ điều hành: Android; RAM: 12GB; ROM: 256GB; Pin: 5000mAh; Màn hình: 120Hz AMOLED
SKU000499,Điện thoại Samsung Galaxy A55 5G (8GB/128GB),Điện tử,Điện thoại,Android,32190000,https://picsum.photos/seed/android499/600/600,Hệ điều hành: Android; RAM: 8GB; ROM: 128GB; Pin: 5500mAh; Màn hình: 120Hz AMOLED
SKU000500,Điện thoại Xiaomi Xiaomi 14 (16GB/512GB),Điện tử,Điện thoại,Android,7190000,https://picsum.photos/seed/android500/600/600,Hệ điều hành: Android; RAM: 16GB; ROM: 512GB; Pin: 5500mAh; Màn hình: 120Hz AMOLED
SKU000501,Điện thoại Asus ROG ROG Phone 8 Pro (16GB/128GB),Điện tử,Điện thoại,Android,12000000,https://picsum.photos/seed/android501/600/600,Hệ điều hành: Android; RAM: 16GB; ROM: 128GB; Pin: 5000mAh; Màn hình: 120Hz AMOLED
SKU000502,Điện thoại Realme C65 (12GB/512GB),Điện tử,Điện thoại,Android,30490000,https://picsum.photos/seed/android502/600/600,Hệ điều hành: Android; RAM: 12GB; ROM: 512GB; Pin: 5500mAh; Màn hình: 120Hz AMOLED
SKU000503,Điện thoại Xiaomi Redmi Note 13 Pro (12GB/256GB),Điện tử,Điện thoại,Android,10000000,https://picsum.photos/seed/android503/600/600,Hệ điều hành: Android; RAM: 12GB; ROM: 256GB; Pin: 5000mAh; Màn hình: 120Hz AMOLED
SKU000504,Điện thoại Realme Realme 12 Pro+ (12GB/256GB),Điện tử,Điện thoại,Android,29290000,https://picsum.photos/seed/android504/600/600,Hệ điều hành: Android; RAM: 12GB; ROM: 256GB; Pin: 4500mAh; Màn hình: 120Hz AMOLED
SKU000505,Điện thoại Asus ROG ROG Phone 8 Pro (8GB/128GB),Điện tử,Điện thoại,Android,33490000,https://picsum.photos/seed/android505/600/600,Hệ điều hành: Android; RAM: 8GB; ROM: 128GB; Pin: 5500mAh; Màn hình: 120Hz AMOLED
SKU000506,Điện thoại Realme C65 (8GB/128GB),Điện tử,Điện thoại,Android,21190000,https://picsum.photos/seed/android506/600/600,Hệ điều hành: Android; RAM: 8GB; ROM: 128GB; Pin: 4500mAh; Màn hình: 120Hz AMOLED
SKU000507,Điện thoại Xiaomi Xiaomi 14 (16GB/128GB),Điện tử,Điện thoại,Android,21490000,https://picsum.photos/seed/android507/600/600,Hệ điều hành: Android; RAM: 16GB; ROM: 128GB; Pin: 5500mAh; Màn hình: 120Hz AMOLED
SKU000508,Điện thoại Oppo A79 5G (16GB/512GB),Điện tử,Điện thoại,Android,33490000,https://picsum.photos/seed/android508/600/600,Hệ điều hành: Android; RAM: 16GB; ROM: 512GB; Pin: 4500mAh; Màn hình: 120Hz AMOLED
SKU000509,Điện thoại Vivo X100 Pro (16GB/128GB),Điện tử,Điện thoại,Android,31490000,https://picsum.photos/seed/android509/600/600,Hệ điều hành: Android; RAM: 16GB; ROM: 128GB; Pin: 5000mAh; Màn hình: 120Hz AMOLED
SKU000510,Điện thoại Oppo A58 (12GB/256GB),Điện tử,Điện thoại,Android,20490000,https://picsum.photos/seed/android510/600/600,Hệ điều hành: Android; RAM: 12GB; ROM: 256GB; Pin: 5500mAh; Màn hình: 120Hz AMOLED
SKU000511,Điện thoại Vivo V30e 5G (16GB/512GB),Điện tử,Điện thoại,Android,10490000,https://picsum.photos/seed/android511/600/600,Hệ điều hành: Android; RAM: 16GB; ROM: 512GB; Pin: 4500mAh; Màn hình: 120Hz AMOLED
SKU000512,Điện thoại Asus ROG ROG Phone 7 Ultimate (8GB/256GB),Điện tử,Điện thoại,Android,7190000,https://picsum.photos/seed/android512/600/600,Hệ điều hành: Android; RAM: 8GB; ROM: 256GB; Pin: 4500mAh; Màn hình: 120Hz AMOLED
SKU000513,Điện thoại Realme GT Neo 6 (16GB/512GB),Điện tử,Điện thoại,Android,35290000,https://picsum.photos/seed/android513/600/600,Hệ điều hành: Android; RAM: 16GB; ROM: 512GB; Pin: 5000mAh; Màn hình: 120Hz AMOLED
SKU000514,Điện thoại Samsung Galaxy Z Flip6 (8GB/128GB),Điện tử,Điện thoại,Android,32490000,https://picsum.photos/seed/android514/600/600,Hệ điều hành: Android; RAM: 8GB; ROM: 128GB; Pin: 5000mAh; Màn hình: 120Hz AMOLED
SKU000515,Điện thoại Oppo Find X7 Ultra (12GB/512GB),Điện tử,Điện thoại,Android,35190000,https://picsum.photos/seed/android515/600/600,Hệ điều hành: Android; RAM: 12GB; ROM: 512GB; Pin: 5500mAh; Màn hình: 120Hz AMOLED
SKU000516,Điện thoại Realme Realme 12 Pro+ (16GB/512GB),Điện tử,Điện thoại,Android,16000000,https://picsum.photos/seed/android516/600/600,Hệ điều hành: Android; RAM: 16GB; ROM: 512GB; Pin: 5500mAh; Màn hình: 120Hz AMOLED
SKU000517,Điện thoại Oppo A79 5G (16GB/512GB),Điện tử,Điện thoại,Android,30490000,https://picsum.photos/seed/android517/600/600,Hệ điều hành: Android; RAM: 16GB; ROM: 512GB; Pin: 4500mAh; Màn hình: 120Hz AMOLED
SKU000518,Điện thoại Oppo A79 5G (8GB/512GB),Điện tử,Điện thoại,Android,32290000,https://picsum.photos/seed/android518/600/600,Hệ điều hành: Android; RAM: 8GB; ROM: 512GB; Pin: 5000mAh; Màn hình: 120Hz AMOLED
SKU000519,Điện thoại Realme GT Neo 6 (8GB/256GB),Điện tử,Điện thoại,Android,15490000,https://picsum.photos/seed/android519/600/600,Hệ điều hành: Android; RAM: 8GB; ROM: 256GB; Pin: 5500mAh; Màn hình: 120Hz AMOLED
SKU000520,Điện thoại Vivo Y28 (16GB/512GB),Điện tử,Điện thoại,Android,21190000,https://picsum.photos/seed/android520/600/600,Hệ điều hành: Android; RAM: 16GB; ROM: 512GB; Pin: 5000mAh; Màn hình: 120Hz AMOLED
SKU000521,Điện thoại Asus ROG ROG Phone 7 Ultimate (16GB/512GB),Điện tử,Điện thoại,Android,4000000,https://picsum.photos/seed/android521/600/600,Hệ điều hành: Android; RAM: 16GB; ROM: 512GB; Pin: 5500mAh; Màn hình: 120Hz AMOLED
SKU000522,Điện thoại Samsung Galaxy Z Fold6 (8GB/128GB),Điện tử,Điện thoại,Android,11290000,https://picsum.photos/seed/android522/600/600,Hệ điều hành: Android; RAM: 8GB; ROM: 128GB; Pin: 5000mAh; Màn hình: 120Hz AMOLED
SKU000523,Điện thoại Realme C65 (8GB/512GB),Điện tử,Điện thoại,Android,29490000,https://picsum.photos/seed/android523/600/600,Hệ điều hành: Android; RAM: 8GB; ROM: 512GB; Pin: 5500mAh; Màn hình: 120Hz AMOLED
SKU000524,Điện thoại Vivo V30e 5G (16GB/128GB),Điện tử,Điện thoại,Android,23190000,https://picsum.photos/seed/android524/600/600,Hệ điều hành: Android; RAM: 16GB; ROM: 128GB; Pin: 5000mAh; Màn hình: 120Hz AMOLED
SKU000525,Điện thoại Vivo Y28 (8GB/512GB),Điện tử,Điện thoại,Android,32290000,https://picsum.photos/seed/android525/600/600,Hệ điều hành: Android; RAM: 8GB; ROM: 512GB; Pin: 5500mAh; Màn hình: 120Hz AMOLED
SKU000526,Điện thoại Asus ROG ROG Phone 8 Pro (12GB/512GB),Điện tử,Điện thoại,Android,14190000,https://picsum.photos/seed/android526/600/600,Hệ điều hành: Android; RAM: 12GB; ROM: 512GB; Pin: 5500mAh; Màn hình: 120Hz AMOLED
SKU000527,Điện thoại Samsung Galaxy Z Flip6 (16GB/128GB),Điện tử,Điện thoại,Android,33290000,https://picsum.photos/seed/android527/600/600,Hệ điều hành: Android; RAM: 16GB; ROM: 128GB; Pin: 5500mAh; Màn hình: 120Hz AMOLED
SKU000528,Điện thoại Realme C65 (16GB/256GB),Điện tử,Điện thoại,Android,28490000,https://picsum.photos/seed/android528/600/600,Hệ điều hành: Android; RAM: 16GB; ROM: 256GB; Pin: 4500mAh; Màn hình: 120Hz AMOLED
SKU000529,Điện thoại Xiaomi Poco F6 Pro (12GB/128GB),Điện tử,Điện thoại,Android,17290000,https://picsum.photos/seed/android529/600/600,Hệ điều hành: Android; RAM: 12GB; ROM: 128GB; Pin: 5500mAh; Màn hình: 120Hz AMOLED
SKU000530,Điện thoại Vivo Y28 (8GB/512GB),Điện tử,Điện thoại,Android,31290000,https://picsum.photos/seed/android530/600/600,Hệ điều hành: Android; RAM: 8GB; ROM: 512GB; Pin: 5500mAh; Màn hình: 120Hz AMOLED
SKU000531,Điện thoại Asus ROG ROG Phone 8 Pro (8GB/512GB),Điện tử,Điện thoại,Android,11000000,https://picsum.photos/seed/android531/600/600,Hệ điều hành: Android; RAM: 8GB; ROM: 512GB; Pin: 5500mAh; Màn hình: 120Hz AMOLED
SKU000532,Điện thoại Realme Realme 12 Pro+ (8GB/256GB),Điện tử,Điện thoại,Android,17490000,https://picsum.photos/seed/android532/600/600,Hệ điều hành: Android; RAM: 8GB; ROM: 256GB; Pin: 5500mAh; Màn hình: 120Hz AMOLED
SKU000533,Điện thoại Realme Realme 12 Pro+ (8GB/512GB),Điện tử,Điện thoại,Android,34290000,https://picsum.photos/seed/android533/600/600,Hệ điều hành: Android; RAM: 8GB; ROM: 512GB; Pin: 4500mAh; Màn hình: 120Hz AMOLED
SKU000534,Điện thoại Realme C65 (12GB/128GB),Điện tử,Điện thoại,Android,33000000,https://picsum.photos/seed/android534/600/600,Hệ điều hành: Android; RAM: 12GB; ROM: 128GB; Pin: 4500mAh; Màn hình: 120Hz AMOLED
SKU000535,Điện thoại Samsung Galaxy Z Flip6 (8GB/512GB),Điện tử,Điện thoại,Android,24490000,https://picsum.photos/seed/android535/600/600,Hệ điều hành: Android; RAM: 8GB; ROM: 512GB; Pin: 4500mAh; Màn hình: 120Hz AMOLED
SKU000536,Điện thoại Samsung Galaxy A55 5G (12GB/128GB),Điện tử,Điện thoại,Android,34000000,https://picsum.photos/seed/android536/600/600,Hệ điều hành: Android; RAM: 12GB; ROM: 128GB; Pin: 4500mAh; Màn hình: 120Hz AMOLED
SKU000537,Điện thoại Asus ROG ROG Phone 7 Ultimate (8GB/256GB),Điện tử,Điện thoại,Android,9290000,https://picsum.photos/seed/android537/600/600,Hệ điều hành: Android; RAM: 8GB; ROM: 256GB; Pin: 5500mAh; Màn hình: 120Hz AMOLED
SKU000538,Điện thoại Samsung Galaxy S24+ (12GB/256GB),Điện tử,Điện thoại,Android,22490000,https://picsum.photos/seed/android538/600/600,Hệ điều hành: Android; RAM: 12GB; ROM: 256GB; Pin: 4500mAh; Màn hình: 120Hz AMOLED
SKU000539,Điện thoại Vivo Y28 (8GB/256GB),Điện tử,Điện thoại,Android,22000000,https://picsum.photos/seed/android539/600/600,Hệ điều hành: Android; RAM: 8GB; ROM: 256GB; Pin: 5000mAh; Màn hình: 120Hz AMOLED
SKU000540,Điện thoại Realme GT Neo 6 (8GB/512GB),Điện tử,Điện thoại,Android,30000000,https://picsum.photos/seed/android540/600/600,Hệ điều hành: Android; RAM: 8GB; ROM: 512GB; Pin: 5000mAh; Màn hình: 120Hz AMOLED
SKU000541,Điện thoại Vivo V30e 5G (8GB/128GB),Điện tử,Điện thoại,Android,29000000,https://picsum.photos/seed/android541/600/600,Hệ điều hành: Android; RAM: 8GB; ROM: 128GB; Pin: 5000mAh; Màn hình: 120Hz AMOLED
SKU000542,Điện thoại Samsung Galaxy S24 Ultra (8GB/512GB),Điện tử,Điện thoại,Android,33490000,https://picsum.photos/seed/android542/600/600,Hệ điều hành: Android; RAM: 8GB; ROM: 512GB; Pin: 5500mAh; Màn hình: 120Hz AMOLED
SKU000543,Điện thoại Oppo A79 5G (8GB/128GB),Điện tử,Điện thoại,Android,4290000,https://picsum.photos/seed/android543/600/600,Hệ điều hành: Android; RAM: 8GB; ROM: 128GB; Pin: 5500mAh; Màn hình: 120Hz AMOLED
SKU000544,Điện thoại Xiaomi Redmi 13 (12GB/128GB),Điện tử,Điện thoại,Android,14490000,https://picsum.photos/seed/android544/600/600,Hệ điều hành: Android; RAM: 12GB; ROM: 128GB; Pin: 5500mAh; Màn hình: 120Hz AMOLED
SKU000545,Điện thoại Xiaomi Redmi Note 13 Pro (12GB/512GB),Điện tử,Điện thoại,Android,14490000,https://picsum.photos/seed/android545/600/600,Hệ điều hành: Android; RAM: 12GB; ROM: 512GB; Pin: 5500mAh; Màn hình: 120Hz AMOLED
SKU000546,Điện thoại Oppo A58 (12GB/512GB),Điện tử,Điện thoại,Android,7290000,https://picsum.photos/seed/android546/600/600,Hệ điều hành: Android; RAM: 12GB; ROM: 512GB; Pin: 5500mAh; Màn hình: 120Hz AMOLED
SKU000547,Điện thoại Realme GT Neo 6 (8GB/512GB),Điện tử,Điện thoại,Android,21290000,https://picsum.photos/seed/android547/600/600,Hệ điều hành: Android; RAM: 8GB; ROM: 512GB; Pin: 4500mAh; Màn hình: 120Hz AMOLED
SKU000548,Điện thoại Vivo X100 Pro (12GB/128GB),Điện tử,Điện thoại,Android,11190000,https://picsum.photos/seed/android548/600/600,Hệ điều hành: Android; RAM: 12GB; ROM: 128GB; Pin: 5500mAh; Màn hình: 120Hz AMOLED
SKU000549,Điện thoại Oppo Find X7 Ultra (8GB/128GB),Điện tử,Điện thoại,Android,31000000,https://picsum.photos/seed/android549/600/600,Hệ điều hành: Android; RAM: 8GB; ROM: 128GB; Pin: 5500mAh; Màn hình: 120Hz AMOLED
SKU000550,Điện thoại Oppo A58 (16GB/512GB),Điện tử,Điện thoại,Android,29000000,https://picsum.photos/seed/android550/600/600,Hệ điều hành: Android; RAM: 16GB; ROM: 512GB; Pin: 4500mAh; Màn hình: 120Hz AMOLED
SKU000551,Điện thoại Oppo Reno 12 Pro (16GB/128GB),Điện tử,Điện thoại,Android,20290000,https://picsum.photos/seed/android551/600/600,Hệ điều hành: Android; RAM: 16GB; ROM: 128GB; Pin: 5000mAh; Màn hình: 120Hz AMOLED
SKU000552,Điện thoại Asus ROG ROG Phone 8 Pro (8GB/128GB),Điện tử,Điện thoại,Android,14190000,https://picsum.photos/seed/android552/600/600,Hệ điều hành: Android; RAM: 8GB; ROM: 128GB; Pin: 5500mAh; Màn hình: 120Hz AMOLED
SKU000553,Điện thoại Oppo A79 5G (16GB/256GB),Điện tử,Điện thoại,Android,7290000,https://picsum.photos/seed/android553/600/600,Hệ điều hành: Android; RAM: 16GB; ROM: 256GB; Pin: 5000mAh; Màn hình: 120Hz AMOLED
SKU000554,Điện thoại Realme Realme 12 Pro+ (12GB/128GB),Điện tử,Điện thoại,Android,35290000,https://picsum.photos/seed/android554/600/600,Hệ điều hành: Android; RAM: 12GB; ROM: 128GB; Pin: 4500mAh; Màn hình: 120Hz AMOLED
SKU000555,Điện thoại Realme GT Neo 6 (16GB/128GB),Điện tử,Điện thoại,Android,17490000,https://picsum.photos/seed/android555/600/600,Hệ điều hành: Android; RAM: 16GB; ROM: 128GB; Pin: 4500mAh; Màn hình: 120Hz AMOLED
SKU000556,Điện thoại Vivo V30e 5G (8GB/512GB),Điện tử,Điện thoại,Android,8490000,https://picsum.photos/seed/android556/600/600,Hệ điều hành: Android; RAM: 8GB; ROM: 512GB; Pin: 5000mAh; Màn hình: 120Hz AMOLED
SKU000557,Điện thoại Asus ROG ROG Phone 7 Ultimate (12GB/128GB),Điện tử,Điện thoại,Android,24290000,https://picsum.photos/seed/android557/600/600,Hệ điều hành: Android; RAM: 12GB; ROM: 128GB; Pin: 5500mAh; Màn hình: 120Hz AMOLED
SKU000558,Điện thoại Xiaomi Redmi Note 13 Pro (12GB/512GB),Điện tử,Điện thoại,Android,17290000,https://picsum.photos/seed/android558/600/600,Hệ điều hành: Android; RAM: 12GB; ROM: 512GB; Pin: 5000mAh; Màn hình: 120Hz AMOLED
SKU000559,Điện thoại Vivo Y28 (12GB/512GB),Điện tử,Điện thoại,Android,7000000,https://picsum.photos/seed/android559/600/600,Hệ điều hành: Android; RAM: 12GB; ROM: 512GB; Pin: 4500mAh; Màn hình: 120Hz AMOLED
SKU000560,Điện thoại Realme Realme 12 Pro+ (12GB/512GB),Điện tử,Điện thoại,Android,33000000,https://picsum.photos/seed/android560/600/600,Hệ điều hành: Android; RAM: 12GB; ROM: 512GB; Pin: 4500mAh; Màn hình: 120Hz AMOLED
SKU000561,Điện thoại Realme GT Neo 6 (8GB/128GB),Điện tử,Điện thoại,Android,13190000,https://picsum.photos/seed/android561/600/600,Hệ điều hành: Android; RAM: 8GB; ROM: 128GB; Pin: 5000mAh; Màn hình: 120Hz AMOLED
SKU000562,Điện thoại Oppo Reno 12 Pro (16GB/256GB),Điện tử,Điện thoại,Android,10190000,https://picsum.photos/seed/android562/600/600,Hệ điều hành: Android; RAM: 16GB; ROM: 256GB; Pin: 5000mAh; Màn hình: 120Hz AMOLED
SKU000563,Điện thoại Samsung Galaxy S24+ (16GB/256GB),Điện tử,Điện thoại,Android,15190000,https://picsum.photos/seed/android563/600/600,Hệ điều hành: Android; RAM: 16GB; ROM: 256GB; Pin: 5500mAh; Màn hình: 120Hz AMOLED
SKU000564,Điện thoại Vivo V30e 5G (12GB/512GB),Điện tử,Điện thoại,Android,29190000,https://picsum.photos/seed/android564/600/600,Hệ điều hành: Android; RAM: 12GB; ROM: 512GB; Pin: 4500mAh; Màn hình: 120Hz AMOLED
SKU000565,Điện thoại Asus ROG ROG Phone 8 Pro (8GB/512GB),Điện tử,Điện thoại,Android,9490000,https://picsum.photos/seed/android565/600/600,Hệ điều hành: Android; RAM: 8GB; ROM: 512GB; Pin: 4500mAh; Màn hình: 120Hz AMOLED
SKU000566,Điện thoại Asus ROG ROG Phone 7 Ultimate (8GB/512GB),Điện tử,Điện thoại,Android,25000000,https://picsum.photos/seed/android566/600/600,Hệ điều hành: Android; RAM: 8GB; ROM: 512GB; Pin: 5500mAh; Màn hình: 120Hz AMOLED
SKU000567,Điện thoại Vivo Y28 (8GB/128GB),Điện tử,Điện thoại,Android,21000000,https://picsum.photos/seed/android567/600/600,Hệ điều hành: Android; RAM: 8GB; ROM: 128GB; Pin: 4500mAh; Màn hình: 120Hz AMOLED
SKU000568,Điện thoại Xiaomi Xiaomi 14 (12GB/256GB),Điện tử,Điện thoại,Android,34290000,https://picsum.photos/seed/android568/600/600,Hệ điều hành: Android; RAM: 12GB; ROM: 256GB; Pin: 5500mAh; Màn hình: 120Hz AMOLED
SKU000569,Điện thoại Xiaomi Xiaomi 14 (8GB/128GB),Điện tử,Điện thoại,Android,20290000,https://picsum.photos/seed/android569/600/600,Hệ điều hành: Android; RAM: 8GB; ROM: 128GB; Pin: 4500mAh; Màn hình: 120Hz AMOLED
SKU000570,Điện thoại Oppo Find X7 Ultra (8GB/128GB),Điện tử,Điện thoại,Android,24190000,https://picsum.photos/seed/android570/600/600,Hệ điều hành: Android; RAM: 8GB; ROM: 128GB; Pin: 4500mAh; Màn hình: 120Hz AMOLED
SKU000571,Điện thoại Asus ROG ROG Phone 7 Ultimate (16GB/512GB),Điện tử,Điện thoại,Android,29290000,https://picsum.photos/seed/android571/600/600,Hệ điều hành: Android; RAM: 16GB; ROM: 512GB; Pin: 4500mAh; Màn hình: 120Hz AMOLED
SKU000572,Điện thoại Realme Realme 12 Pro+ (8GB/128GB),Điện tử,Điện thoại,Android,6490000,https://picsum.photos/seed/android572/600/600,Hệ điều hành: Android; RAM: 8GB; ROM: 128GB; Pin: 5500mAh; Màn hình: 120Hz AMOLED
SKU000573,Điện thoại Vivo Y28 (16GB/512GB),Điện tử,Điện thoại,Android,7000000,https://picsum.photos/seed/android573/600/600,Hệ điều hành: Android; RAM: 16GB; ROM: 512GB; Pin: 5000mAh; Màn hình: 120Hz AMOLED
SKU000574,Điện thoại Xiaomi Xiaomi 14 (16GB/256GB),Điện tử,Điện thoại,Android,15290000,https://picsum.photos/seed/android574/600/600,Hệ điều hành: Android; RAM: 16GB; ROM: 256GB; Pin: 5000mAh; Màn hình: 120Hz AMOLED
SKU000575,Điện thoại Xiaomi Xiaomi 14 Ultra (16GB/256GB),Điện tử,Điện thoại,Android,22000000,https://picsum.photos/seed/android575/600/600,Hệ điều hành: Android; RAM: 16GB; ROM: 256GB; Pin: 4500mAh; Màn hình: 120Hz AMOLED
SKU000576,Điện thoại Samsung Galaxy S24 Ultra (16GB/128GB),Điện tử,Điện thoại,Android,9190000,https://picsum.photos/seed/android576/600/600,Hệ điều hành: Android; RAM: 16GB; ROM: 128GB; Pin: 5500mAh; Màn hình: 120Hz AMOLED
SKU000577,Điện thoại Samsung Galaxy S24 Ultra (8GB/256GB),Điện tử,Điện thoại,Android,28190000,https://picsum.photos/seed/android577/600/600,Hệ điều hành: Android; RAM: 8GB; ROM: 256GB; Pin: 5500mAh; Màn hình: 120Hz AMOLED
SKU000578,Điện thoại Realme GT Neo 6 (8GB/512GB),Điện tử,Điện thoại,Android,23000000,https://picsum.photos/seed/android578/600/600,Hệ điều hành: Android; RAM: 8GB; ROM: 512GB; Pin: 4500mAh; Màn hình: 120Hz AMOLED
SKU000579,Điện thoại Vivo X100 Pro (8GB/128GB),Điện tử,Điện thoại,Android,31490000,https://picsum.photos/seed/android579/600/600,Hệ điều hành: Android; RAM: 8GB; ROM: 128GB; Pin: 5000mAh; Màn hình: 120Hz AMOLED
SKU000580,Điện thoại Realme GT Neo 6 (12GB/512GB),Điện tử,Điện thoại,Android,15190000,https://picsum.photos/seed/android580/600/600,Hệ điều hành: Android; RAM: 12GB; ROM: 512GB; Pin: 5500mAh; Màn hình: 120Hz AMOLED
SKU000581,Điện thoại Samsung Galaxy S24 Ultra (8GB/256GB),Điện tử,Điện thoại,Android,29490000,https://picsum.photos/seed/android581/600/600,Hệ điều hành: Android; RAM: 8GB; ROM: 256GB; Pin: 4500mAh; Màn hình: 120Hz AMOLED
SKU000582,Điện thoại Xiaomi Redmi 13 (16GB/256GB),Điện tử,Điện thoại,Android,32490000,https://picsum.photos/seed/android582/600/600,Hệ điều hành: Android; RAM: 16GB; ROM: 256GB; Pin: 5500mAh; Màn hình: 120Hz AMOLED
SKU000583,Điện thoại Samsung Galaxy S24+ (12GB/128GB),Điện tử,Điện thoại,Android,8190000,https://picsum.photos/seed/android583/600/600,Hệ điều hành: Android; RAM: 12GB; ROM: 128GB; Pin: 5500mAh; Màn hình: 120Hz AMOLED
SKU000584,Điện thoại Asus ROG ROG Phone 8 Pro (12GB/128GB),Điện tử,Điện thoại,Android,23000000,https://picsum.photos/seed/android584/600/600,Hệ điều hành: Android; RAM: 12GB; ROM: 128GB; Pin: 5500mAh; Màn hình: 120Hz AMOLED
SKU000585,Điện thoại Oppo Find X7 Ultra (8GB/128GB),Điện tử,Điện thoại,Android,15000000,https://picsum.photos/seed/android585/600/600,Hệ điều hành: Android; RAM: 8GB; ROM: 128GB; Pin: 5000mAh; Màn hình: 120Hz AMOLED
SKU000586,Điện thoại Xiaomi Redmi Note 13 Pro (12GB/512GB),Điện tử,Điện thoại,Android,20190000,https://picsum.photos/seed/android586/600/600,Hệ điều hành: Android; RAM: 12GB; ROM: 512GB; Pin: 4500mAh; Màn hình: 120Hz AMOLED
SKU000587,Điện thoại Xiaomi Poco F6 Pro (8GB/256GB),Điện tử,Điện thoại,Android,19000000,https://picsum.photos/seed/android587/600/600,Hệ điều hành: Android; RAM: 8GB; ROM: 256GB; Pin: 4500mAh; Màn hình: 120Hz AMOLED
SKU000588,Điện thoại Asus ROG ROG Phone 8 Pro (12GB/128GB),Điện tử,Điện thoại,Android,19490000,https://picsum.photos/seed/android588/600/600,Hệ điều hành: Android; RAM: 12GB; ROM: 128GB; Pin: 4500mAh; Màn hình: 120Hz AMOLED
SKU000589,Điện thoại Vivo Y28 (16GB/512GB),Điện tử,Điện thoại,Android,25190000,https://picsum.photos/seed/android589/600/600,Hệ điều hành: Android; RAM: 16GB; ROM: 512GB; Pin: 5000mAh; Màn hình: 120Hz AMOLED
SKU000590,Điện thoại Samsung Galaxy A35 (16GB/256GB),Điện tử,Điện thoại,Android,19290000,https://picsum.photos/seed/android590/600/600,Hệ điều hành: Android; RAM: 16GB; ROM: 256GB; Pin: 4500mAh; Màn hình: 120Hz AMOLED
SKU000591,Điện thoại Asus ROG ROG Phone 8 Pro (16GB/256GB),Điện tử,Điện thoại,Android,35190000,https://picsum.photos/seed/android591/600/600,Hệ điều hành: Android; RAM: 16GB; ROM: 256GB; Pin: 5500mAh; Màn hình: 120Hz AMOLED
SKU000592,Điện thoại Xiaomi Xiaomi 14 Ultra (12GB/128GB),Điện tử,Điện thoại,Android,32490000,https://picsum.photos/seed/android592/600/600,Hệ điều hành: Android; RAM: 12GB; ROM: 128GB; Pin: 4500mAh; Màn hình: 120Hz AMOLED
SKU000593,Điện thoại Asus ROG ROG Phone 8 Pro (16GB/256GB),Điện tử,Điện thoại,Android,12190000,https://picsum.photos/seed/android593/600/600,Hệ điều hành: Android; RAM: 16GB; ROM: 256GB; Pin: 5000mAh; Màn hình: 120Hz AMOLED
SKU000594,Điện thoại Oppo A79 5G (12GB/128GB),Điện tử,Điện thoại,Android,16190000,https://picsum.photos/seed/android594/600/600,Hệ điều hành: Android; RAM: 12GB; ROM: 128GB; Pin: 4500mAh; Màn hình: 120Hz AMOLED
SKU000595,Điện thoại Xiaomi Xiaomi 14 (16GB/128GB),Điện tử,Điện thoại,Android,18290000,https://picsum.photos/seed/android595/600/600,Hệ điều hành: Android; RAM: 16GB; ROM: 128GB; Pin: 5500mAh; Màn hình: 120Hz AMOLED
SKU000596,Điện thoại Samsung Galaxy A55 5G (16GB/512GB),Điện tử,Điện thoại,Android,18000000,https://picsum.photos/seed/android596/600/600,Hệ điều hành: Android; RAM: 16GB; ROM: 512GB; Pin: 5000mAh; Màn hình: 120Hz AMOLED
SKU000597,Điện thoại Asus ROG ROG Phone 7 Ultimate (12GB/256GB),Điện tử,Điện thoại,Android,8190000,https://picsum.photos/seed/android597/600/600,Hệ điều hành: Android; RAM: 12GB; ROM: 256GB; Pin: 5500mAh; Màn hình: 120Hz AMOLED
SKU000598,Điện thoại Xiaomi Xiaomi 14 (16GB/128GB),Điện tử,Điện thoại,Android,28190000,https://picsum.photos/seed/android598/600/600,Hệ điều hành: Android; RAM: 16GB; ROM: 128GB; Pin: 5500mAh; Màn hình: 120Hz AMOLED
SKU000599,Điện thoại Asus ROG ROG Phone 7 Ultimate (12GB/128GB),Điện tử,Điện thoại,Android,32000000,https://picsum.photos/seed/android599/600/600,Hệ điều hành: Android; RAM: 12GB; ROM: 128GB; Pin: 5000mAh; Màn hình: 120Hz AMOLED
SKU000600,Điện thoại Realme Realme 12 Pro+ (16GB/128GB),Điện tử,Điện thoại,Android,14290000,https://picsum.photos/seed/android600/600/600,Hệ điều hành: Android; RAM: 16GB; ROM: 128GB; Pin: 4500mAh; Màn hình: 120Hz AMOLED
SKU000601,Smart Tivi Casper 75 inch Mini-LED Model 2025,Điện tử,Tivi,Mini-LED,37000000,https://picsum.photos/seed/tv601/600/600,Kích thước: 75 inch; Độ phân giải: 4K; Tần số quét: 60Hz; Hệ điều hành: Google TV / Tizen / webOS
SKU000602,Smart Tivi LG 55 inch 4K UHD Model 2024,Điện tử,Tivi,4K UHD,47900000,https://picsum.photos/seed/tv602/600/600,Kích thước: 55 inch; Độ phân giải: 4K; Tần số quét: 60Hz; Hệ điều hành: Google TV / Tizen / webOS
SKU000603,Smart Tivi Samsung 65 inch OLED 4K Model 2025,Điện tử,Tivi,OLED 4K,51000000,https://picsum.photos/seed/tv603/600/600,Kích thước: 65 inch; Độ phân giải: 4K; Tần số quét: 60Hz; Hệ điều hành: Google TV / Tizen / webOS
SKU000604,Smart Tivi LG 65 inch QLED 4K Model 2025,Điện tử,Tivi,QLED 4K,53000000,https://picsum.photos/seed/tv604/600/600,Kích thước: 65 inch; Độ phân giải: 4K; Tần số quét: 120Hz; Hệ điều hành: Google TV / Tizen / webOS
SKU000605,Smart Tivi Sony 65 inch OLED 4K Model 2024,Điện tử,Tivi,OLED 4K,44900000,https://picsum.photos/seed/tv605/600/600,Kích thước: 65 inch; Độ phân giải: 4K; Tần số quét: 144Hz; Hệ điều hành: Google TV / Tizen / webOS
SKU000606,Smart Tivi Casper 55 inch 4K UHD Model 2026,Điện tử,Tivi,4K UHD,52000000,https://picsum.photos/seed/tv606/600/600,Kích thước: 55 inch; Độ phân giải: 4K; Tần số quét: 120Hz; Hệ điều hành: Google TV / Tizen / webOS
SKU000607,Smart Tivi LG 75 inch Mini-LED Model 2025,Điện tử,Tivi,Mini-LED,34900000,https://picsum.photos/seed/tv607/600/600,Kích thước: 75 inch; Độ phân giải: 4K; Tần số quét: 120Hz; Hệ điều hành: Google TV / Tizen / webOS
SKU000608,Smart Tivi LG 43 inch QLED 4K Model 2025,Điện tử,Tivi,QLED 4K,21000000,https://picsum.photos/seed/tv608/600/600,Kích thước: 43 inch; Độ phân giải: 4K; Tần số quét: 144Hz; Hệ điều hành: Google TV / Tizen / webOS
SKU000609,Smart Tivi TCL 65 inch 4K UHD Model 2026,Điện tử,Tivi,4K UHD,15900000,https://picsum.photos/seed/tv609/600/600,Kích thước: 65 inch; Độ phân giải: 4K; Tần số quét: 60Hz; Hệ điều hành: Google TV / Tizen / webOS
SKU000610,Smart Tivi Samsung 55 inch 4K UHD Model 2026,Điện tử,Tivi,4K UHD,25000000,https://picsum.photos/seed/tv610/600/600,Kích thước: 55 inch; Độ phân giải: 4K; Tần số quét: 60Hz; Hệ điều hành: Google TV / Tizen / webOS
SKU000611,Smart Tivi Casper 75 inch Mini-LED Model 2025,Điện tử,Tivi,Mini-LED,52900000,https://picsum.photos/seed/tv611/600/600,Kích thước: 75 inch; Độ phân giải: 4K; Tần số quét: 144Hz; Hệ điều hành: Google TV / Tizen / webOS
SKU000612,Smart Tivi Samsung 75 inch Mini-LED Model 2026,Điện tử,Tivi,Mini-LED,31900000,https://picsum.photos/seed/tv612/600/600,Kích thước: 75 inch; Độ phân giải: 4K; Tần số quét: 144Hz; Hệ điều hành: Google TV / Tizen / webOS
SKU000613,Smart Tivi Casper 75 inch OLED 4K Model 2026,Điện tử,Tivi,OLED 4K,14900000,https://picsum.photos/seed/tv613/600/600,Kích thước: 75 inch; Độ phân giải: 4K; Tần số quét: 60Hz; Hệ điều hành: Google TV / Tizen / webOS
SKU000614,Smart Tivi Casper 65 inch Mini-LED Model 2024,Điện tử,Tivi,Mini-LED,38900000,https://picsum.photos/seed/tv614/600/600,Kích thước: 65 inch; Độ phân giải: 4K; Tần số quét: 120Hz; Hệ điều hành: Google TV / Tizen / webOS
SKU000615,Smart Tivi Samsung 65 inch Mini-LED Model 2025,Điện tử,Tivi,Mini-LED,60900000,https://picsum.photos/seed/tv615/600/600,Kích thước: 65 inch; Độ phân giải: 4K; Tần số quét: 120Hz; Hệ điều hành: Google TV / Tizen / webOS
SKU000616,Smart Tivi Samsung 43 inch QLED 4K Model 2026,Điện tử,Tivi,QLED 4K,26900000,https://picsum.photos/seed/tv616/600/600,Kích thước: 43 inch; Độ phân giải: 4K; Tần số quét: 120Hz; Hệ điều hành: Google TV / Tizen / webOS
SKU000617,Smart Tivi LG 75 inch 4K UHD Model 2026,Điện tử,Tivi,4K UHD,56900000,https://picsum.photos/seed/tv617/600/600,Kích thước: 75 inch; Độ phân giải: 4K; Tần số quét: 120Hz; Hệ điều hành: Google TV / Tizen / webOS
SKU000618,Smart Tivi Casper 85 inch OLED 4K Model 2025,Điện tử,Tivi,OLED 4K,14000000,https://picsum.photos/seed/tv618/600/600,Kích thước: 85 inch; Độ phân giải: 4K; Tần số quét: 60Hz; Hệ điều hành: Google TV / Tizen / webOS
SKU000619,Smart Tivi Casper 65 inch OLED 4K Model 2024,Điện tử,Tivi,OLED 4K,51900000,https://picsum.photos/seed/tv619/600/600,Kích thước: 65 inch; Độ phân giải: 4K; Tần số quét: 60Hz; Hệ điều hành: Google TV / Tizen / webOS
SKU000620,Smart Tivi Casper 75 inch OLED 4K Model 2025,Điện tử,Tivi,OLED 4K,38000000,https://picsum.photos/seed/tv620/600/600,Kích thước: 75 inch; Độ phân giải: 4K; Tần số quét: 60Hz; Hệ điều hành: Google TV / Tizen / webOS
SKU000621,Smart Tivi TCL 85 inch Mini-LED Model 2026,Điện tử,Tivi,Mini-LED,54900000,https://picsum.photos/seed/tv621/600/600,Kích thước: 85 inch; Độ phân giải: 4K; Tần số quét: 120Hz; Hệ điều hành: Google TV / Tizen / webOS
SKU000622,Smart Tivi Samsung 85 inch Mini-LED Model 2024,Điện tử,Tivi,Mini-LED,11900000,https://picsum.photos/seed/tv622/600/600,Kích thước: 85 inch; Độ phân giải: 4K; Tần số quét: 60Hz; Hệ điều hành: Google TV / Tizen / webOS
SKU000623,Smart Tivi Samsung 55 inch QLED 4K Model 2026,Điện tử,Tivi,QLED 4K,16000000,https://picsum.photos/seed/tv623/600/600,Kích thước: 55 inch; Độ phân giải: 4K; Tần số quét: 120Hz; Hệ điều hành: Google TV / Tizen / webOS
SKU000624,Smart Tivi Sony 75 inch OLED 4K Model 2024,Điện tử,Tivi,OLED 4K,19000000,https://picsum.photos/seed/tv624/600/600,Kích thước: 75 inch; Độ phân giải: 4K; Tần số quét: 60Hz; Hệ điều hành: Google TV / Tizen / webOS
SKU000625,Smart Tivi Casper 50 inch Mini-LED Model 2024,Điện tử,Tivi,Mini-LED,36000000,https://picsum.photos/seed/tv625/600/600,Kích thước: 50 inch; Độ phân giải: 4K; Tần số quét: 144Hz; Hệ điều hành: Google TV / Tizen / webOS
SKU000626,Smart Tivi LG 43 inch Mini-LED Model 2026,Điện tử,Tivi,Mini-LED,47900000,https://picsum.photos/seed/tv626/600/600,Kích thước: 43 inch; Độ phân giải: 4K; Tần số quét: 60Hz; Hệ điều hành: Google TV / Tizen / webOS
SKU000627,Smart Tivi TCL 65 inch OLED 4K Model 2026,Điện tử,Tivi,OLED 4K,45900000,https://picsum.photos/seed/tv627/600/600,Kích thước: 65 inch; Độ phân giải: 4K; Tần số quét: 60Hz; Hệ điều hành: Google TV / Tizen / webOS
SKU000628,Smart Tivi Sony 65 inch QLED 4K Model 2025,Điện tử,Tivi,QLED 4K,26000000,https://picsum.photos/seed/tv628/600/600,Kích thước: 65 inch; Độ phân giải: 4K; Tần số quét: 120Hz; Hệ điều hành: Google TV / Tizen / webOS
SKU000629,Smart Tivi Sony 65 inch QLED 4K Model 2024,Điện tử,Tivi,QLED 4K,54900000,https://picsum.photos/seed/tv629/600/600,Kích thước: 65 inch; Độ phân giải: 4K; Tần số quét: 120Hz; Hệ điều hành: Google TV / Tizen / webOS
SKU000630,Smart Tivi LG 65 inch OLED 4K Model 2026,Điện tử,Tivi,OLED 4K,37000000,https://picsum.photos/seed/tv630/600/600,Kích thước: 65 inch; Độ phân giải: 4K; Tần số quét: 144Hz; Hệ điều hành: Google TV / Tizen / webOS
SKU000631,Smart Tivi Casper 85 inch QLED 4K Model 2025,Điện tử,Tivi,QLED 4K,14000000,https://picsum.photos/seed/tv631/600/600,Kích thước: 85 inch; Độ phân giải: 4K; Tần số quét: 60Hz; Hệ điều hành: Google TV / Tizen / webOS
SKU000632,Smart Tivi Casper 50 inch QLED 4K Model 2025,Điện tử,Tivi,QLED 4K,18000000,https://picsum.photos/seed/tv632/600/600,Kích thước: 50 inch; Độ phân giải: 4K; Tần số quét: 144Hz; Hệ điều hành: Google TV / Tizen / webOS
SKU000633,Smart Tivi Samsung 50 inch 4K UHD Model 2025,Điện tử,Tivi,4K UHD,12000000,https://picsum.photos/seed/tv633/600/600,Kích thước: 50 inch; Độ phân giải: 4K; Tần số quét: 144Hz; Hệ điều hành: Google TV / Tizen / webOS
SKU000634,Smart Tivi TCL 75 inch OLED 4K Model 2025,Điện tử,Tivi,OLED 4K,27900000,https://picsum.photos/seed/tv634/600/600,Kích thước: 75 inch; Độ phân giải: 4K; Tần số quét: 60Hz; Hệ điều hành: Google TV / Tizen / webOS
SKU000635,Smart Tivi Casper 85 inch OLED 4K Model 2026,Điện tử,Tivi,OLED 4K,29000000,https://picsum.photos/seed/tv635/600/600,Kích thước: 85 inch; Độ phân giải: 4K; Tần số quét: 120Hz; Hệ điều hành: Google TV / Tizen / webOS
SKU000636,Smart Tivi Casper 65 inch OLED 4K Model 2025,Điện tử,Tivi,OLED 4K,20000000,https://picsum.photos/seed/tv636/600/600,Kích thước: 65 inch; Độ phân giải: 4K; Tần số quét: 144Hz; Hệ điều hành: Google TV / Tizen / webOS
SKU000637,Smart Tivi Samsung 75 inch QLED 4K Model 2025,Điện tử,Tivi,QLED 4K,54000000,https://picsum.photos/seed/tv637/600/600,Kích thước: 75 inch; Độ phân giải: 4K; Tần số quét: 60Hz; Hệ điều hành: Google TV / Tizen / webOS
SKU000638,Smart Tivi LG 55 inch 4K UHD Model 2024,Điện tử,Tivi,4K UHD,55900000,https://picsum.photos/seed/tv638/600/600,Kích thước: 55 inch; Độ phân giải: 4K; Tần số quét: 144Hz; Hệ điều hành: Google TV / Tizen / webOS
SKU000639,Smart Tivi Samsung 75 inch 4K UHD Model 2024,Điện tử,Tivi,4K UHD,60000000,https://picsum.photos/seed/tv639/600/600,Kích thước: 75 inch; Độ phân giải: 4K; Tần số quét: 120Hz; Hệ điều hành: Google TV / Tizen / webOS
SKU000640,Smart Tivi Casper 65 inch Mini-LED Model 2025,Điện tử,Tivi,Mini-LED,36000000,https://picsum.photos/seed/tv640/600/600,Kích thước: 65 inch; Độ phân giải: 4K; Tần số quét: 120Hz; Hệ điều hành: Google TV / Tizen / webOS
SKU000641,Smart Tivi Sony 85 inch QLED 4K Model 2025,Điện tử,Tivi,QLED 4K,46900000,https://picsum.photos/seed/tv641/600/600,Kích thước: 85 inch; Độ phân giải: 4K; Tần số quét: 120Hz; Hệ điều hành: Google TV / Tizen / webOS
SKU000642,Smart Tivi Casper 75 inch Mini-LED Model 2024,Điện tử,Tivi,Mini-LED,30000000,https://picsum.photos/seed/tv642/600/600,Kích thước: 75 inch; Độ phân giải: 4K; Tần số quét: 144Hz; Hệ điều hành: Google TV / Tizen / webOS
SKU000643,Smart Tivi LG 50 inch OLED 4K Model 2024,Điện tử,Tivi,OLED 4K,57900000,https://picsum.photos/seed/tv643/600/600,Kích thước: 50 inch; Độ phân giải: 4K; Tần số quét: 60Hz; Hệ điều hành: Google TV / Tizen / webOS
SKU000644,Smart Tivi Casper 85 inch 4K UHD Model 2025,Điện tử,Tivi,4K UHD,34000000,https://picsum.photos/seed/tv644/600/600,Kích thước: 85 inch; Độ phân giải: 4K; Tần số quét: 120Hz; Hệ điều hành: Google TV / Tizen / webOS
SKU000645,Smart Tivi Sony 50 inch OLED 4K Model 2026,Điện tử,Tivi,OLED 4K,7000000,https://picsum.photos/seed/tv645/600/600,Kích thước: 50 inch; Độ phân giải: 4K; Tần số quét: 144Hz; Hệ điều hành: Google TV / Tizen / webOS
SKU000646,Smart Tivi LG 50 inch 4K UHD Model 2025,Điện tử,Tivi,4K UHD,18900000,https://picsum.photos/seed/tv646/600/600,Kích thước: 50 inch; Độ phân giải: 4K; Tần số quét: 60Hz; Hệ điều hành: Google TV / Tizen / webOS
SKU000647,Smart Tivi TCL 85 inch QLED 4K Model 2025,Điện tử,Tivi,QLED 4K,49000000,https://picsum.photos/seed/tv647/600/600,Kích thước: 85 inch; Độ phân giải: 4K; Tần số quét: 144Hz; Hệ điều hành: Google TV / Tizen / webOS
SKU000648,Smart Tivi Casper 43 inch OLED 4K Model 2026,Điện tử,Tivi,OLED 4K,19000000,https://picsum.photos/seed/tv648/600/600,Kích thước: 43 inch; Độ phân giải: 4K; Tần số quét: 60Hz; Hệ điều hành: Google TV / Tizen / webOS
SKU000649,Smart Tivi Sony 50 inch 4K UHD Model 2025,Điện tử,Tivi,4K UHD,7000000,https://picsum.photos/seed/tv649/600/600,Kích thước: 50 inch; Độ phân giải: 4K; Tần số quét: 144Hz; Hệ điều hành: Google TV / Tizen / webOS
SKU000650,Smart Tivi TCL 43 inch OLED 4K Model 2025,Điện tử,Tivi,OLED 4K,53900000,https://picsum.photos/seed/tv650/600/600,Kích thước: 43 inch; Độ phân giải: 4K; Tần số quét: 60Hz; Hệ điều hành: Google TV / Tizen / webOS
SKU000651,Smart Tivi LG 55 inch 4K UHD Model 2024,Điện tử,Tivi,4K UHD,45900000,https://picsum.photos/seed/tv651/600/600,Kích thước: 55 inch; Độ phân giải: 4K; Tần số quét: 120Hz; Hệ điều hành: Google TV / Tizen / webOS
SKU000652,Smart Tivi Sony 75 inch Mini-LED Model 2024,Điện tử,Tivi,Mini-LED,39000000,https://picsum.photos/seed/tv652/600/600,Kích thước: 75 inch; Độ phân giải: 4K; Tần số quét: 120Hz; Hệ điều hành: Google TV / Tizen / webOS
SKU000653,Smart Tivi Samsung 55 inch OLED 4K Model 2025,Điện tử,Tivi,OLED 4K,25000000,https://picsum.photos/seed/tv653/600/600,Kích thước: 55 inch; Độ phân giải: 4K; Tần số quét: 60Hz; Hệ điều hành: Google TV / Tizen / webOS
SKU000654,Smart Tivi LG 50 inch QLED 4K Model 2025,Điện tử,Tivi,QLED 4K,15900000,https://picsum.photos/seed/tv654/600/600,Kích thước: 50 inch; Độ phân giải: 4K; Tần số quét: 120Hz; Hệ điều hành: Google TV / Tizen / webOS
SKU000655,Smart Tivi LG 65 inch OLED 4K Model 2024,Điện tử,Tivi,OLED 4K,19900000,https://picsum.photos/seed/tv655/600/600,Kích thước: 65 inch; Độ phân giải: 4K; Tần số quét: 60Hz; Hệ điều hành: Google TV / Tizen / webOS
SKU000656,Smart Tivi LG 50 inch Mini-LED Model 2025,Điện tử,Tivi,Mini-LED,46000000,https://picsum.photos/seed/tv656/600/600,Kích thước: 50 inch; Độ phân giải: 4K; Tần số quét: 60Hz; Hệ điều hành: Google TV / Tizen / webOS
SKU000657,Smart Tivi LG 65 inch OLED 4K Model 2025,Điện tử,Tivi,OLED 4K,23000000,https://picsum.photos/seed/tv657/600/600,Kích thước: 65 inch; Độ phân giải: 4K; Tần số quét: 120Hz; Hệ điều hành: Google TV / Tizen / webOS
SKU000658,Smart Tivi LG 85 inch OLED 4K Model 2026,Điện tử,Tivi,OLED 4K,37900000,https://picsum.photos/seed/tv658/600/600,Kích thước: 85 inch; Độ phân giải: 4K; Tần số quét: 144Hz; Hệ điều hành: Google TV / Tizen / webOS
SKU000659,Smart Tivi Sony 43 inch QLED 4K Model 2025,Điện tử,Tivi,QLED 4K,20000000,https://picsum.photos/seed/tv659/600/600,Kích thước: 43 inch; Độ phân giải: 4K; Tần số quét: 60Hz; Hệ điều hành: Google TV / Tizen / webOS
SKU000660,Smart Tivi LG 55 inch QLED 4K Model 2024,Điện tử,Tivi,QLED 4K,30900000,https://picsum.photos/seed/tv660/600/600,Kích thước: 55 inch; Độ phân giải: 4K; Tần số quét: 60Hz; Hệ điều hành: Google TV / Tizen / webOS
SKU000661,Smart Tivi TCL 65 inch 4K UHD Model 2025,Điện tử,Tivi,4K UHD,57900000,https://picsum.photos/seed/tv661/600/600,Kích thước: 65 inch; Độ phân giải: 4K; Tần số quét: 144Hz; Hệ điều hành: Google TV / Tizen / webOS
SKU000662,Smart Tivi LG 43 inch OLED 4K Model 2024,Điện tử,Tivi,OLED 4K,15000000,https://picsum.photos/seed/tv662/600/600,Kích thước: 43 inch; Độ phân giải: 4K; Tần số quét: 60Hz; Hệ điều hành: Google TV / Tizen / webOS
SKU000663,Smart Tivi TCL 65 inch QLED 4K Model 2024,Điện tử,Tivi,QLED 4K,60900000,https://picsum.photos/seed/tv663/600/600,Kích thước: 65 inch; Độ phân giải: 4K; Tần số quét: 60Hz; Hệ điều hành: Google TV / Tizen / webOS
SKU000664,Smart Tivi Sony 85 inch OLED 4K Model 2024,Điện tử,Tivi,OLED 4K,47000000,https://picsum.photos/seed/tv664/600/600,Kích thước: 85 inch; Độ phân giải: 4K; Tần số quét: 144Hz; Hệ điều hành: Google TV / Tizen / webOS
SKU000665,Smart Tivi TCL 55 inch OLED 4K Model 2024,Điện tử,Tivi,OLED 4K,60000000,https://picsum.photos/seed/tv665/600/600,Kích thước: 55 inch; Độ phân giải: 4K; Tần số quét: 144Hz; Hệ điều hành: Google TV / Tizen / webOS
SKU000666,Smart Tivi Samsung 43 inch QLED 4K Model 2024,Điện tử,Tivi,QLED 4K,13900000,https://picsum.photos/seed/tv666/600/600,Kích thước: 43 inch; Độ phân giải: 4K; Tần số quét: 120Hz; Hệ điều hành: Google TV / Tizen / webOS
SKU000667,Smart Tivi LG 75 inch 4K UHD Model 2024,Điện tử,Tivi,4K UHD,40000000,https://picsum.photos/seed/tv667/600/600,Kích thước: 75 inch; Độ phân giải: 4K; Tần số quét: 120Hz; Hệ điều hành: Google TV / Tizen / webOS
SKU000668,Smart Tivi Samsung 75 inch Mini-LED Model 2024,Điện tử,Tivi,Mini-LED,36900000,https://picsum.photos/seed/tv668/600/600,Kích thước: 75 inch; Độ phân giải: 4K; Tần số quét: 144Hz; Hệ điều hành: Google TV / Tizen / webOS
SKU000669,Smart Tivi Sony 85 inch Mini-LED Model 2024,Điện tử,Tivi,Mini-LED,34000000,https://picsum.photos/seed/tv669/600/600,Kích thước: 85 inch; Độ phân giải: 4K; Tần số quét: 144Hz; Hệ điều hành: Google TV / Tizen / webOS
SKU000670,Smart Tivi TCL 85 inch Mini-LED Model 2026,Điện tử,Tivi,Mini-LED,32900000,https://picsum.photos/seed/tv670/600/600,Kích thước: 85 inch; Độ phân giải: 4K; Tần số quét: 60Hz; Hệ điều hành: Google TV / Tizen / webOS
SKU000671,Smart Tivi Samsung 65 inch Mini-LED Model 2026,Điện tử,Tivi,Mini-LED,42900000,https://picsum.photos/seed/tv671/600/600,Kích thước: 65 inch; Độ phân giải: 4K; Tần số quét: 120Hz; Hệ điều hành: Google TV / Tizen / webOS
SKU000672,Smart Tivi Sony 43 inch QLED 4K Model 2024,Điện tử,Tivi,QLED 4K,48900000,https://picsum.photos/seed/tv672/600/600,Kích thước: 43 inch; Độ phân giải: 4K; Tần số quét: 120Hz; Hệ điều hành: Google TV / Tizen / webOS
SKU000673,Smart Tivi Sony 85 inch Mini-LED Model 2026,Điện tử,Tivi,Mini-LED,39900000,https://picsum.photos/seed/tv673/600/600,Kích thước: 85 inch; Độ phân giải: 4K; Tần số quét: 120Hz; Hệ điều hành: Google TV / Tizen / webOS
SKU000674,Smart Tivi Sony 85 inch 4K UHD Model 2024,Điện tử,Tivi,4K UHD,38900000,https://picsum.photos/seed/tv674/600/600,Kích thước: 85 inch; Độ phân giải: 4K; Tần số quét: 120Hz; Hệ điều hành: Google TV / Tizen / webOS
SKU000675,Smart Tivi Samsung 65 inch 4K UHD Model 2026,Điện tử,Tivi,4K UHD,36900000,https://picsum.photos/seed/tv675/600/600,Kích thước: 65 inch; Độ phân giải: 4K; Tần số quét: 144Hz; Hệ điều hành: Google TV / Tizen / webOS
SKU000676,Smart Tivi Samsung 85 inch OLED 4K Model 2024,Điện tử,Tivi,OLED 4K,42900000,https://picsum.photos/seed/tv676/600/600,Kích thước: 85 inch; Độ phân giải: 4K; Tần số quét: 60Hz; Hệ điều hành: Google TV / Tizen / webOS
SKU000677,Smart Tivi Samsung 43 inch QLED 4K Model 2025,Điện tử,Tivi,QLED 4K,29000000,https://picsum.photos/seed/tv677/600/600,Kích thước: 43 inch; Độ phân giải: 4K; Tần số quét: 120Hz; Hệ điều hành: Google TV / Tizen / webOS
SKU000678,Smart Tivi LG 65 inch Mini-LED Model 2025,Điện tử,Tivi,Mini-LED,45000000,https://picsum.photos/seed/tv678/600/600,Kích thước: 65 inch; Độ phân giải: 4K; Tần số quét: 60Hz; Hệ điều hành: Google TV / Tizen / webOS
SKU000679,Smart Tivi Samsung 55 inch 4K UHD Model 2024,Điện tử,Tivi,4K UHD,55900000,https://picsum.photos/seed/tv679/600/600,Kích thước: 55 inch; Độ phân giải: 4K; Tần số quét: 144Hz; Hệ điều hành: Google TV / Tizen / webOS
SKU000680,Smart Tivi LG 75 inch Mini-LED Model 2026,Điện tử,Tivi,Mini-LED,13900000,https://picsum.photos/seed/tv680/600/600,Kích thước: 75 inch; Độ phân giải: 4K; Tần số quét: 120Hz; Hệ điều hành: Google TV / Tizen / webOS
SKU000681,Smart Tivi LG 43 inch Mini-LED Model 2025,Điện tử,Tivi,Mini-LED,60900000,https://picsum.photos/seed/tv681/600/600,Kích thước: 43 inch; Độ phân giải: 4K; Tần số quét: 60Hz; Hệ điều hành: Google TV / Tizen / webOS
SKU000682,Smart Tivi Samsung 55 inch 4K UHD Model 2024,Điện tử,Tivi,4K UHD,21900000,https://picsum.photos/seed/tv682/600/600,Kích thước: 55 inch; Độ phân giải: 4K; Tần số quét: 144Hz; Hệ điều hành: Google TV / Tizen / webOS
SKU000683,Smart Tivi TCL 43 inch 4K UHD Model 2024,Điện tử,Tivi,4K UHD,20000000,https://picsum.photos/seed/tv683/600/600,Kích thước: 43 inch; Độ phân giải: 4K; Tần số quét: 120Hz; Hệ điều hành: Google TV / Tizen / webOS
SKU000684,Smart Tivi Samsung 55 inch QLED 4K Model 2024,Điện tử,Tivi,QLED 4K,26000000,https://picsum.photos/seed/tv684/600/600,Kích thước: 55 inch; Độ phân giải: 4K; Tần số quét: 60Hz; Hệ điều hành: Google TV / Tizen / webOS
SKU000685,Smart Tivi TCL 55 inch Mini-LED Model 2026,Điện tử,Tivi,Mini-LED,45900000,https://picsum.photos/seed/tv685/600/600,Kích thước: 55 inch; Độ phân giải: 4K; Tần số quét: 144Hz; Hệ điều hành: Google TV / Tizen / webOS
SKU000686,Smart Tivi LG 75 inch Mini-LED Model 2026,Điện tử,Tivi,Mini-LED,36000000,https://picsum.photos/seed/tv686/600/600,Kích thước: 75 inch; Độ phân giải: 4K; Tần số quét: 144Hz; Hệ điều hành: Google TV / Tizen / webOS
SKU000687,Smart Tivi TCL 65 inch OLED 4K Model 2026,Điện tử,Tivi,OLED 4K,32000000,https://picsum.photos/seed/tv687/600/600,Kích thước: 65 inch; Độ phân giải: 4K; Tần số quét: 120Hz; Hệ điều hành: Google TV / Tizen / webOS
SKU000688,Smart Tivi Casper 65 inch OLED 4K Model 2026,Điện tử,Tivi,OLED 4K,60000000,https://picsum.photos/seed/tv688/600/600,Kích thước: 65 inch; Độ phân giải: 4K; Tần số quét: 144Hz; Hệ điều hành: Google TV / Tizen / webOS
SKU000689,Smart Tivi LG 55 inch Mini-LED Model 2025,Điện tử,Tivi,Mini-LED,23900000,https://picsum.photos/seed/tv689/600/600,Kích thước: 55 inch; Độ phân giải: 4K; Tần số quét: 120Hz; Hệ điều hành: Google TV / Tizen / webOS
SKU000690,Smart Tivi LG 65 inch QLED 4K Model 2024,Điện tử,Tivi,QLED 4K,17000000,https://picsum.photos/seed/tv690/600/600,Kích thước: 65 inch; Độ phân giải: 4K; Tần số quét: 144Hz; Hệ điều hành: Google TV / Tizen / webOS
SKU000691,Smart Tivi Sony 55 inch Mini-LED Model 2024,Điện tử,Tivi,Mini-LED,50000000,https://picsum.photos/seed/tv691/600/600,Kích thước: 55 inch; Độ phân giải: 4K; Tần số quét: 120Hz; Hệ điều hành: Google TV / Tizen / webOS
SKU000692,Smart Tivi Samsung 50 inch 4K UHD Model 2024,Điện tử,Tivi,4K UHD,30000000,https://picsum.photos/seed/tv692/600/600,Kích thước: 50 inch; Độ phân giải: 4K; Tần số quét: 144Hz; Hệ điều hành: Google TV / Tizen / webOS
SKU000693,Smart Tivi Sony 43 inch 4K UHD Model 2026,Điện tử,Tivi,4K UHD,41000000,https://picsum.photos/seed/tv693/600/600,Kích thước: 43 inch; Độ phân giải: 4K; Tần số quét: 144Hz; Hệ điều hành: Google TV / Tizen / webOS
SKU000694,Smart Tivi LG 50 inch Mini-LED Model 2026,Điện tử,Tivi,Mini-LED,10900000,https://picsum.photos/seed/tv694/600/600,Kích thước: 50 inch; Độ phân giải: 4K; Tần số quét: 120Hz; Hệ điều hành: Google TV / Tizen / webOS
SKU000695,Smart Tivi Sony 50 inch QLED 4K Model 2026,Điện tử,Tivi,QLED 4K,29000000,https://picsum.photos/seed/tv695/600/600,Kích thước: 50 inch; Độ phân giải: 4K; Tần số quét: 120Hz; Hệ điều hành: Google TV / Tizen / webOS
SKU000696,Smart Tivi Sony 43 inch 4K UHD Model 2026,Điện tử,Tivi,4K UHD,21900000,https://picsum.photos/seed/tv696/600/600,Kích thước: 43 inch; Độ phân giải: 4K; Tần số quét: 120Hz; Hệ điều hành: Google TV / Tizen / webOS
SKU000697,Smart Tivi TCL 43 inch QLED 4K Model 2024,Điện tử,Tivi,QLED 4K,17000000,https://picsum.photos/seed/tv697/600/600,Kích thước: 43 inch; Độ phân giải: 4K; Tần số quét: 144Hz; Hệ điều hành: Google TV / Tizen / webOS
SKU000698,Smart Tivi Casper 43 inch 4K UHD Model 2024,Điện tử,Tivi,4K UHD,37900000,https://picsum.photos/seed/tv698/600/600,Kích thước: 43 inch; Độ phân giải: 4K; Tần số quét: 144Hz; Hệ điều hành: Google TV / Tizen / webOS
SKU000699,Smart Tivi Samsung 65 inch OLED 4K Model 2025,Điện tử,Tivi,OLED 4K,14900000,https://picsum.photos/seed/tv699/600/600,Kích thước: 65 inch; Độ phân giải: 4K; Tần số quét: 60Hz; Hệ điều hành: Google TV / Tizen / webOS
SKU000700,Smart Tivi Sony 75 inch Mini-LED Model 2026,Điện tử,Tivi,Mini-LED,52000000,https://picsum.photos/seed/tv700/600/600,Kích thước: 75 inch; Độ phân giải: 4K; Tần số quét: 60Hz; Hệ điều hành: Google TV / Tizen / webOS
SKU000701,Smart Tivi Sony 43 inch OLED 4K Model 2026,Điện tử,Tivi,OLED 4K,24900000,https://picsum.photos/seed/tv701/600/600,Kích thước: 43 inch; Độ phân giải: 4K; Tần số quét: 144Hz; Hệ điều hành: Google TV / Tizen / webOS
SKU000702,Smart Tivi Casper 85 inch QLED 4K Model 2024,Điện tử,Tivi,QLED 4K,10900000,https://picsum.photos/seed/tv702/600/600,Kích thước: 85 inch; Độ phân giải: 4K; Tần số quét: 144Hz; Hệ điều hành: Google TV / Tizen / webOS
SKU000703,Smart Tivi Casper 55 inch QLED 4K Model 2024,Điện tử,Tivi,QLED 4K,45900000,https://picsum.photos/seed/tv703/600/600,Kích thước: 55 inch; Độ phân giải: 4K; Tần số quét: 120Hz; Hệ điều hành: Google TV / Tizen / webOS
SKU000704,Smart Tivi Samsung 75 inch 4K UHD Model 2025,Điện tử,Tivi,4K UHD,9000000,https://picsum.photos/seed/tv704/600/600,Kích thước: 75 inch; Độ phân giải: 4K; Tần số quét: 60Hz; Hệ điều hành: Google TV / Tizen / webOS
SKU000705,Smart Tivi TCL 43 inch OLED 4K Model 2026,Điện tử,Tivi,OLED 4K,40900000,https://picsum.photos/seed/tv705/600/600,Kích thước: 43 inch; Độ phân giải: 4K; Tần số quét: 144Hz; Hệ điều hành: Google TV / Tizen / webOS
SKU000706,Smart Tivi Samsung 55 inch 4K UHD Model 2024,Điện tử,Tivi,4K UHD,37900000,https://picsum.photos/seed/tv706/600/600,Kích thước: 55 inch; Độ phân giải: 4K; Tần số quét: 144Hz; Hệ điều hành: Google TV / Tizen / webOS
SKU000707,Smart Tivi Samsung 55 inch 4K UHD Model 2024,Điện tử,Tivi,4K UHD,23000000,https://picsum.photos/seed/tv707/600/600,Kích thước: 55 inch; Độ phân giải: 4K; Tần số quét: 60Hz; Hệ điều hành: Google TV / Tizen / webOS
SKU000708,Smart Tivi Sony 43 inch OLED 4K Model 2025,Điện tử,Tivi,OLED 4K,38000000,https://picsum.photos/seed/tv708/600/600,Kích thước: 43 inch; Độ phân giải: 4K; Tần số quét: 60Hz; Hệ điều hành: Google TV / Tizen / webOS
SKU000709,Smart Tivi Samsung 65 inch Mini-LED Model 2024,Điện tử,Tivi,Mini-LED,28000000,https://picsum.photos/seed/tv709/600/600,Kích thước: 65 inch; Độ phân giải: 4K; Tần số quét: 60Hz; Hệ điều hành: Google TV / Tizen / webOS
SKU000710,Smart Tivi Sony 85 inch QLED 4K Model 2025,Điện tử,Tivi,QLED 4K,9000000,https://picsum.photos/seed/tv710/600/600,Kích thước: 85 inch; Độ phân giải: 4K; Tần số quét: 120Hz; Hệ điều hành: Google TV / Tizen / webOS
SKU000711,Smart Tivi Casper 65 inch Mini-LED Model 2024,Điện tử,Tivi,Mini-LED,20000000,https://picsum.photos/seed/tv711/600/600,Kích thước: 65 inch; Độ phân giải: 4K; Tần số quét: 120Hz; Hệ điều hành: Google TV / Tizen / webOS
SKU000712,Smart Tivi TCL 55 inch OLED 4K Model 2026,Điện tử,Tivi,OLED 4K,14000000,https://picsum.photos/seed/tv712/600/600,Kích thước: 55 inch; Độ phân giải: 4K; Tần số quét: 144Hz; Hệ điều hành: Google TV / Tizen / webOS
SKU000713,Smart Tivi LG 75 inch Mini-LED Model 2024,Điện tử,Tivi,Mini-LED,34000000,https://picsum.photos/seed/tv713/600/600,Kích thước: 75 inch; Độ phân giải: 4K; Tần số quét: 60Hz; Hệ điều hành: Google TV / Tizen / webOS
SKU000714,Smart Tivi LG 65 inch 4K UHD Model 2025,Điện tử,Tivi,4K UHD,39900000,https://picsum.photos/seed/tv714/600/600,Kích thước: 65 inch; Độ phân giải: 4K; Tần số quét: 60Hz; Hệ điều hành: Google TV / Tizen / webOS
SKU000715,Smart Tivi Samsung 55 inch 4K UHD Model 2025,Điện tử,Tivi,4K UHD,45000000,https://picsum.photos/seed/tv715/600/600,Kích thước: 55 inch; Độ phân giải: 4K; Tần số quét: 120Hz; Hệ điều hành: Google TV / Tizen / webOS
SKU000716,Smart Tivi LG 75 inch Mini-LED Model 2026,Điện tử,Tivi,Mini-LED,44000000,https://picsum.photos/seed/tv716/600/600,Kích thước: 75 inch; Độ phân giải: 4K; Tần số quét: 144Hz; Hệ điều hành: Google TV / Tizen / webOS
SKU000717,Smart Tivi Casper 55 inch 4K UHD Model 2024,Điện tử,Tivi,4K UHD,19000000,https://picsum.photos/seed/tv717/600/600,Kích thước: 55 inch; Độ phân giải: 4K; Tần số quét: 144Hz; Hệ điều hành: Google TV / Tizen / webOS
SKU000718,Smart Tivi Samsung 50 inch Mini-LED Model 2024,Điện tử,Tivi,Mini-LED,57900000,https://picsum.photos/seed/tv718/600/600,Kích thước: 50 inch; Độ phân giải: 4K; Tần số quét: 144Hz; Hệ điều hành: Google TV / Tizen / webOS
SKU000719,Smart Tivi TCL 50 inch QLED 4K Model 2026,Điện tử,Tivi,QLED 4K,45000000,https://picsum.photos/seed/tv719/600/600,Kích thước: 50 inch; Độ phân giải: 4K; Tần số quét: 120Hz; Hệ điều hành: Google TV / Tizen / webOS
SKU000720,Smart Tivi Casper 50 inch OLED 4K Model 2024,Điện tử,Tivi,OLED 4K,13000000,https://picsum.photos/seed/tv720/600/600,Kích thước: 50 inch; Độ phân giải: 4K; Tần số quét: 144Hz; Hệ điều hành: Google TV / Tizen / webOS
SKU000721,Smart Tivi Samsung 75 inch QLED 4K Model 2024,Điện tử,Tivi,QLED 4K,55000000,https://picsum.photos/seed/tv721/600/600,Kích thước: 75 inch; Độ phân giải: 4K; Tần số quét: 60Hz; Hệ điều hành: Google TV / Tizen / webOS
SKU000722,Smart Tivi LG 55 inch 4K UHD Model 2024,Điện tử,Tivi,4K UHD,51000000,https://picsum.photos/seed/tv722/600/600,Kích thước: 55 inch; Độ phân giải: 4K; Tần số quét: 60Hz; Hệ điều hành: Google TV / Tizen / webOS
SKU000723,Smart Tivi LG 65 inch OLED 4K Model 2024,Điện tử,Tivi,OLED 4K,50900000,https://picsum.photos/seed/tv723/600/600,Kích thước: 65 inch; Độ phân giải: 4K; Tần số quét: 120Hz; Hệ điều hành: Google TV / Tizen / webOS
SKU000724,Smart Tivi Casper 55 inch OLED 4K Model 2026,Điện tử,Tivi,OLED 4K,22000000,https://picsum.photos/seed/tv724/600/600,Kích thước: 55 inch; Độ phân giải: 4K; Tần số quét: 120Hz; Hệ điều hành: Google TV / Tizen / webOS
SKU000725,Smart Tivi LG 85 inch OLED 4K Model 2025,Điện tử,Tivi,OLED 4K,16000000,https://picsum.photos/seed/tv725/600/600,Kích thước: 85 inch; Độ phân giải: 4K; Tần số quét: 120Hz; Hệ điều hành: Google TV / Tizen / webOS
SKU000726,Smart Tivi Casper 85 inch 4K UHD Model 2025,Điện tử,Tivi,4K UHD,17000000,https://picsum.photos/seed/tv726/600/600,Kích thước: 85 inch; Độ phân giải: 4K; Tần số quét: 120Hz; Hệ điều hành: Google TV / Tizen / webOS
SKU000727,Smart Tivi TCL 65 inch 4K UHD Model 2026,Điện tử,Tivi,4K UHD,33900000,https://picsum.photos/seed/tv727/600/600,Kích thước: 65 inch; Độ phân giải: 4K; Tần số quét: 120Hz; Hệ điều hành: Google TV / Tizen / webOS
SKU000728,Smart Tivi Casper 75 inch OLED 4K Model 2024,Điện tử,Tivi,OLED 4K,25000000,https://picsum.photos/seed/tv728/600/600,Kích thước: 75 inch; Độ phân giải: 4K; Tần số quét: 144Hz; Hệ điều hành: Google TV / Tizen / webOS
SKU000729,Smart Tivi Sony 65 inch QLED 4K Model 2025,Điện tử,Tivi,QLED 4K,11000000,https://picsum.photos/seed/tv729/600/600,Kích thước: 65 inch; Độ phân giải: 4K; Tần số quét: 60Hz; Hệ điều hành: Google TV / Tizen / webOS
SKU000730,Smart Tivi Sony 75 inch Mini-LED Model 2025,Điện tử,Tivi,Mini-LED,42900000,https://picsum.photos/seed/tv730/600/600,Kích thước: 75 inch; Độ phân giải: 4K; Tần số quét: 60Hz; Hệ điều hành: Google TV / Tizen / webOS
SKU000731,Smart Tivi Sony 85 inch Mini-LED Model 2025,Điện tử,Tivi,Mini-LED,12000000,https://picsum.photos/seed/tv731/600/600,Kích thước: 85 inch; Độ phân giải: 4K; Tần số quét: 60Hz; Hệ điều hành: Google TV / Tizen / webOS
SKU000732,Smart Tivi Samsung 43 inch OLED 4K Model 2026,Điện tử,Tivi,OLED 4K,25000000,https://picsum.photos/seed/tv732/600/600,Kích thước: 43 inch; Độ phân giải: 4K; Tần số quét: 120Hz; Hệ điều hành: Google TV / Tizen / webOS
SKU000733,Smart Tivi Sony 43 inch 4K UHD Model 2024,Điện tử,Tivi,4K UHD,29900000,https://picsum.photos/seed/tv733/600/600,Kích thước: 43 inch; Độ phân giải: 4K; Tần số quét: 144Hz; Hệ điều hành: Google TV / Tizen / webOS
SKU000734,Smart Tivi TCL 65 inch 4K UHD Model 2025,Điện tử,Tivi,4K UHD,38000000,https://picsum.photos/seed/tv734/600/600,Kích thước: 65 inch; Độ phân giải: 4K; Tần số quét: 60Hz; Hệ điều hành: Google TV / Tizen / webOS
SKU000735,Smart Tivi Sony 55 inch 4K UHD Model 2026,Điện tử,Tivi,4K UHD,36900000,https://picsum.photos/seed/tv735/600/600,Kích thước: 55 inch; Độ phân giải: 4K; Tần số quét: 60Hz; Hệ điều hành: Google TV / Tizen / webOS
SKU000736,Smart Tivi Sony 75 inch 4K UHD Model 2024,Điện tử,Tivi,4K UHD,37000000,https://picsum.photos/seed/tv736/600/600,Kích thước: 75 inch; Độ phân giải: 4K; Tần số quét: 120Hz; Hệ điều hành: Google TV / Tizen / webOS
SKU000737,Smart Tivi TCL 55 inch OLED 4K Model 2026,Điện tử,Tivi,OLED 4K,48000000,https://picsum.photos/seed/tv737/600/600,Kích thước: 55 inch; Độ phân giải: 4K; Tần số quét: 144Hz; Hệ điều hành: Google TV / Tizen / webOS
SKU000738,Smart Tivi LG 43 inch QLED 4K Model 2024,Điện tử,Tivi,QLED 4K,13000000,https://picsum.photos/seed/tv738/600/600,Kích thước: 43 inch; Độ phân giải: 4K; Tần số quét: 144Hz; Hệ điều hành: Google TV / Tizen / webOS
SKU000739,Smart Tivi Casper 85 inch Mini-LED Model 2024,Điện tử,Tivi,Mini-LED,22000000,https://picsum.photos/seed/tv739/600/600,Kích thước: 85 inch; Độ phân giải: 4K; Tần số quét: 120Hz; Hệ điều hành: Google TV / Tizen / webOS
SKU000740,Smart Tivi LG 55 inch Mini-LED Model 2026,Điện tử,Tivi,Mini-LED,21000000,https://picsum.photos/seed/tv740/600/600,Kích thước: 55 inch; Độ phân giải: 4K; Tần số quét: 144Hz; Hệ điều hành: Google TV / Tizen / webOS
SKU000741,Smart Tivi Sony 85 inch OLED 4K Model 2025,Điện tử,Tivi,OLED 4K,52900000,https://picsum.photos/seed/tv741/600/600,Kích thước: 85 inch; Độ phân giải: 4K; Tần số quét: 60Hz; Hệ điều hành: Google TV / Tizen / webOS
SKU000742,Smart Tivi Casper 50 inch QLED 4K Model 2025,Điện tử,Tivi,QLED 4K,48900000,https://picsum.photos/seed/tv742/600/600,Kích thước: 50 inch; Độ phân giải: 4K; Tần số quét: 144Hz; Hệ điều hành: Google TV / Tizen / webOS
SKU000743,Smart Tivi Sony 50 inch 4K UHD Model 2026,Điện tử,Tivi,4K UHD,57900000,https://picsum.photos/seed/tv743/600/600,Kích thước: 50 inch; Độ phân giải: 4K; Tần số quét: 60Hz; Hệ điều hành: Google TV / Tizen / webOS
SKU000744,Smart Tivi LG 85 inch Mini-LED Model 2026,Điện tử,Tivi,Mini-LED,16000000,https://picsum.photos/seed/tv744/600/600,Kích thước: 85 inch; Độ phân giải: 4K; Tần số quét: 120Hz; Hệ điều hành: Google TV / Tizen / webOS
SKU000745,Smart Tivi Sony 75 inch 4K UHD Model 2026,Điện tử,Tivi,4K UHD,57900000,https://picsum.photos/seed/tv745/600/600,Kích thước: 75 inch; Độ phân giải: 4K; Tần số quét: 144Hz; Hệ điều hành: Google TV / Tizen / webOS
SKU000746,Smart Tivi LG 55 inch QLED 4K Model 2025,Điện tử,Tivi,QLED 4K,44000000,https://picsum.photos/seed/tv746/600/600,Kích thước: 55 inch; Độ phân giải: 4K; Tần số quét: 120Hz; Hệ điều hành: Google TV / Tizen / webOS
SKU000747,Smart Tivi LG 50 inch QLED 4K Model 2024,Điện tử,Tivi,QLED 4K,36000000,https://picsum.photos/seed/tv747/600/600,Kích thước: 50 inch; Độ phân giải: 4K; Tần số quét: 60Hz; Hệ điều hành: Google TV / Tizen / webOS
SKU000748,Smart Tivi LG 55 inch QLED 4K Model 2026,Điện tử,Tivi,QLED 4K,38000000,https://picsum.photos/seed/tv748/600/600,Kích thước: 55 inch; Độ phân giải: 4K; Tần số quét: 144Hz; Hệ điều hành: Google TV / Tizen / webOS
SKU000749,Smart Tivi Samsung 65 inch 4K UHD Model 2025,Điện tử,Tivi,4K UHD,59000000,https://picsum.photos/seed/tv749/600/600,Kích thước: 65 inch; Độ phân giải: 4K; Tần số quét: 60Hz; Hệ điều hành: Google TV / Tizen / webOS
SKU000750,Smart Tivi TCL 65 inch Mini-LED Model 2026,Điện tử,Tivi,Mini-LED,11000000,https://picsum.photos/seed/tv750/600/600,Kích thước: 65 inch; Độ phân giải: 4K; Tần số quét: 120Hz; Hệ điều hành: Google TV / Tizen / webOS
SKU000751,Smart Tivi TCL 55 inch QLED 4K Model 2024,Điện tử,Tivi,QLED 4K,37000000,https://picsum.photos/seed/tv751/600/600,Kích thước: 55 inch; Độ phân giải: 4K; Tần số quét: 60Hz; Hệ điều hành: Google TV / Tizen / webOS
SKU000752,Smart Tivi Samsung 50 inch OLED 4K Model 2026,Điện tử,Tivi,OLED 4K,24900000,https://picsum.photos/seed/tv752/600/600,Kích thước: 50 inch; Độ phân giải: 4K; Tần số quét: 60Hz; Hệ điều hành: Google TV / Tizen / webOS
SKU000753,Smart Tivi Samsung 50 inch 4K UHD Model 2024,Điện tử,Tivi,4K UHD,10000000,https://picsum.photos/seed/tv753/600/600,Kích thước: 50 inch; Độ phân giải: 4K; Tần số quét: 144Hz; Hệ điều hành: Google TV / Tizen / webOS
SKU000754,Smart Tivi TCL 55 inch OLED 4K Model 2025,Điện tử,Tivi,OLED 4K,43900000,https://picsum.photos/seed/tv754/600/600,Kích thước: 55 inch; Độ phân giải: 4K; Tần số quét: 60Hz; Hệ điều hành: Google TV / Tizen / webOS
SKU000755,Smart Tivi Casper 55 inch Mini-LED Model 2025,Điện tử,Tivi,Mini-LED,54900000,https://picsum.photos/seed/tv755/600/600,Kích thước: 55 inch; Độ phân giải: 4K; Tần số quét: 60Hz; Hệ điều hành: Google TV / Tizen / webOS
SKU000756,Smart Tivi LG 43 inch QLED 4K Model 2026,Điện tử,Tivi,QLED 4K,45900000,https://picsum.photos/seed/tv756/600/600,Kích thước: 43 inch; Độ phân giải: 4K; Tần số quét: 60Hz; Hệ điều hành: Google TV / Tizen / webOS
SKU000757,Smart Tivi Casper 75 inch QLED 4K Model 2025,Điện tử,Tivi,QLED 4K,55900000,https://picsum.photos/seed/tv757/600/600,Kích thước: 75 inch; Độ phân giải: 4K; Tần số quét: 120Hz; Hệ điều hành: Google TV / Tizen / webOS
SKU000758,Smart Tivi TCL 75 inch Mini-LED Model 2024,Điện tử,Tivi,Mini-LED,31000000,https://picsum.photos/seed/tv758/600/600,Kích thước: 75 inch; Độ phân giải: 4K; Tần số quét: 144Hz; Hệ điều hành: Google TV / Tizen / webOS
SKU000759,Smart Tivi LG 55 inch Mini-LED Model 2025,Điện tử,Tivi,Mini-LED,35900000,https://picsum.photos/seed/tv759/600/600,Kích thước: 55 inch; Độ phân giải: 4K; Tần số quét: 120Hz; Hệ điều hành: Google TV / Tizen / webOS
SKU000760,Smart Tivi Sony 50 inch 4K UHD Model 2024,Điện tử,Tivi,4K UHD,23000000,https://picsum.photos/seed/tv760/600/600,Kích thước: 50 inch; Độ phân giải: 4K; Tần số quét: 120Hz; Hệ điều hành: Google TV / Tizen / webOS
SKU000761,Smart Tivi TCL 50 inch QLED 4K Model 2026,Điện tử,Tivi,QLED 4K,45900000,https://picsum.photos/seed/tv761/600/600,Kích thước: 50 inch; Độ phân giải: 4K; Tần số quét: 60Hz; Hệ điều hành: Google TV / Tizen / webOS
SKU000762,Smart Tivi TCL 43 inch OLED 4K Model 2024,Điện tử,Tivi,OLED 4K,33900000,https://picsum.photos/seed/tv762/600/600,Kích thước: 43 inch; Độ phân giải: 4K; Tần số quét: 144Hz; Hệ điều hành: Google TV / Tizen / webOS
SKU000763,Smart Tivi Casper 75 inch QLED 4K Model 2025,Điện tử,Tivi,QLED 4K,45000000,https://picsum.photos/seed/tv763/600/600,Kích thước: 75 inch; Độ phân giải: 4K; Tần số quét: 60Hz; Hệ điều hành: Google TV / Tizen / webOS
SKU000764,Smart Tivi Casper 43 inch Mini-LED Model 2025,Điện tử,Tivi,Mini-LED,11900000,https://picsum.photos/seed/tv764/600/600,Kích thước: 43 inch; Độ phân giải: 4K; Tần số quét: 60Hz; Hệ điều hành: Google TV / Tizen / webOS
SKU000765,Smart Tivi Sony 65 inch QLED 4K Model 2026,Điện tử,Tivi,QLED 4K,24000000,https://picsum.photos/seed/tv765/600/600,Kích thước: 65 inch; Độ phân giải: 4K; Tần số quét: 60Hz; Hệ điều hành: Google TV / Tizen / webOS
SKU000766,Smart Tivi Samsung 43 inch OLED 4K Model 2026,Điện tử,Tivi,OLED 4K,40900000,https://picsum.photos/seed/tv766/600/600,Kích thước: 43 inch; Độ phân giải: 4K; Tần số quét: 120Hz; Hệ điều hành: Google TV / Tizen / webOS
SKU000767,Smart Tivi TCL 43 inch 4K UHD Model 2024,Điện tử,Tivi,4K UHD,39000000,https://picsum.photos/seed/tv767/600/600,Kích thước: 43 inch; Độ phân giải: 4K; Tần số quét: 60Hz; Hệ điều hành: Google TV / Tizen / webOS
SKU000768,Smart Tivi Casper 55 inch Mini-LED Model 2026,Điện tử,Tivi,Mini-LED,22900000,https://picsum.photos/seed/tv768/600/600,Kích thước: 55 inch; Độ phân giải: 4K; Tần số quét: 144Hz; Hệ điều hành: Google TV / Tizen / webOS
SKU000769,Smart Tivi LG 43 inch 4K UHD Model 2024,Điện tử,Tivi,4K UHD,39000000,https://picsum.photos/seed/tv769/600/600,Kích thước: 43 inch; Độ phân giải: 4K; Tần số quét: 144Hz; Hệ điều hành: Google TV / Tizen / webOS
SKU000770,Smart Tivi Sony 50 inch 4K UHD Model 2024,Điện tử,Tivi,4K UHD,59900000,https://picsum.photos/seed/tv770/600/600,Kích thước: 50 inch; Độ phân giải: 4K; Tần số quét: 120Hz; Hệ điều hành: Google TV / Tizen / webOS
SKU000771,Smart Tivi LG 55 inch OLED 4K Model 2024,Điện tử,Tivi,OLED 4K,11900000,https://picsum.photos/seed/tv771/600/600,Kích thước: 55 inch; Độ phân giải: 4K; Tần số quét: 60Hz; Hệ điều hành: Google TV / Tizen / webOS
SKU000772,Smart Tivi LG 50 inch QLED 4K Model 2025,Điện tử,Tivi,QLED 4K,41900000,https://picsum.photos/seed/tv772/600/600,Kích thước: 50 inch; Độ phân giải: 4K; Tần số quét: 144Hz; Hệ điều hành: Google TV / Tizen / webOS
SKU000773,Smart Tivi LG 55 inch QLED 4K Model 2024,Điện tử,Tivi,QLED 4K,9900000,https://picsum.photos/seed/tv773/600/600,Kích thước: 55 inch; Độ phân giải: 4K; Tần số quét: 120Hz; Hệ điều hành: Google TV / Tizen / webOS
SKU000774,Smart Tivi Casper 65 inch Mini-LED Model 2025,Điện tử,Tivi,Mini-LED,47900000,https://picsum.photos/seed/tv774/600/600,Kích thước: 65 inch; Độ phân giải: 4K; Tần số quét: 144Hz; Hệ điều hành: Google TV / Tizen / webOS
SKU000775,Smart Tivi LG 75 inch Mini-LED Model 2025,Điện tử,Tivi,Mini-LED,13900000,https://picsum.photos/seed/tv775/600/600,Kích thước: 75 inch; Độ phân giải: 4K; Tần số quét: 60Hz; Hệ điều hành: Google TV / Tizen / webOS
SKU000776,Smart Tivi Casper 55 inch OLED 4K Model 2025,Điện tử,Tivi,OLED 4K,50900000,https://picsum.photos/seed/tv776/600/600,Kích thước: 55 inch; Độ phân giải: 4K; Tần số quét: 144Hz; Hệ điều hành: Google TV / Tizen / webOS
SKU000777,Smart Tivi Casper 65 inch QLED 4K Model 2024,Điện tử,Tivi,QLED 4K,38000000,https://picsum.photos/seed/tv777/600/600,Kích thước: 65 inch; Độ phân giải: 4K; Tần số quét: 144Hz; Hệ điều hành: Google TV / Tizen / webOS
SKU000778,Smart Tivi TCL 55 inch Mini-LED Model 2025,Điện tử,Tivi,Mini-LED,25900000,https://picsum.photos/seed/tv778/600/600,Kích thước: 55 inch; Độ phân giải: 4K; Tần số quét: 120Hz; Hệ điều hành: Google TV / Tizen / webOS
SKU000779,Smart Tivi Casper 85 inch Mini-LED Model 2024,Điện tử,Tivi,Mini-LED,56900000,https://picsum.photos/seed/tv779/600/600,Kích thước: 85 inch; Độ phân giải: 4K; Tần số quét: 60Hz; Hệ điều hành: Google TV / Tizen / webOS
SKU000780,Smart Tivi Sony 65 inch QLED 4K Model 2026,Điện tử,Tivi,QLED 4K,26000000,https://picsum.photos/seed/tv780/600/600,Kích thước: 65 inch; Độ phân giải: 4K; Tần số quét: 60Hz; Hệ điều hành: Google TV / Tizen / webOS
SKU000781,Smart Tivi TCL 85 inch 4K UHD Model 2025,Điện tử,Tivi,4K UHD,41000000,https://picsum.photos/seed/tv781/600/600,Kích thước: 85 inch; Độ phân giải: 4K; Tần số quét: 60Hz; Hệ điều hành: Google TV / Tizen / webOS
SKU000782,Smart Tivi Sony 65 inch 4K UHD Model 2024,Điện tử,Tivi,4K UHD,53000000,https://picsum.photos/seed/tv782/600/600,Kích thước: 65 inch; Độ phân giải: 4K; Tần số quét: 144Hz; Hệ điều hành: Google TV / Tizen / webOS
SKU000783,Smart Tivi LG 65 inch 4K UHD Model 2025,Điện tử,Tivi,4K UHD,18000000,https://picsum.photos/seed/tv783/600/600,Kích thước: 65 inch; Độ phân giải: 4K; Tần số quét: 60Hz; Hệ điều hành: Google TV / Tizen / webOS
SKU000784,Smart Tivi Sony 55 inch QLED 4K Model 2026,Điện tử,Tivi,QLED 4K,52000000,https://picsum.photos/seed/tv784/600/600,Kích thước: 55 inch; Độ phân giải: 4K; Tần số quét: 60Hz; Hệ điều hành: Google TV / Tizen / webOS
SKU000785,Smart Tivi Sony 65 inch 4K UHD Model 2026,Điện tử,Tivi,4K UHD,58000000,https://picsum.photos/seed/tv785/600/600,Kích thước: 65 inch; Độ phân giải: 4K; Tần số quét: 120Hz; Hệ điều hành: Google TV / Tizen / webOS
SKU000786,Smart Tivi Sony 55 inch Mini-LED Model 2026,Điện tử,Tivi,Mini-LED,57000000,https://picsum.photos/seed/tv786/600/600,Kích thước: 55 inch; Độ phân giải: 4K; Tần số quét: 60Hz; Hệ điều hành: Google TV / Tizen / webOS
SKU000787,Smart Tivi Samsung 43 inch Mini-LED Model 2024,Điện tử,Tivi,Mini-LED,34000000,https://picsum.photos/seed/tv787/600/600,Kích thước: 43 inch; Độ phân giải: 4K; Tần số quét: 120Hz; Hệ điều hành: Google TV / Tizen / webOS
SKU000788,Smart Tivi Samsung 75 inch QLED 4K Model 2026,Điện tử,Tivi,QLED 4K,48900000,https://picsum.photos/seed/tv788/600/600,Kích thước: 75 inch; Độ phân giải: 4K; Tần số quét: 120Hz; Hệ điều hành: Google TV / Tizen / webOS
SKU000789,Smart Tivi Samsung 55 inch QLED 4K Model 2024,Điện tử,Tivi,QLED 4K,41900000,https://picsum.photos/seed/tv789/600/600,Kích thước: 55 inch; Độ phân giải: 4K; Tần số quét: 144Hz; Hệ điều hành: Google TV / Tizen / webOS
SKU000790,Smart Tivi Casper 85 inch OLED 4K Model 2025,Điện tử,Tivi,OLED 4K,47000000,https://picsum.photos/seed/tv790/600/600,Kích thước: 85 inch; Độ phân giải: 4K; Tần số quét: 120Hz; Hệ điều hành: Google TV / Tizen / webOS
SKU000791,Smart Tivi Sony 55 inch QLED 4K Model 2026,Điện tử,Tivi,QLED 4K,7900000,https://picsum.photos/seed/tv791/600/600,Kích thước: 55 inch; Độ phân giải: 4K; Tần số quét: 144Hz; Hệ điều hành: Google TV / Tizen / webOS
SKU000792,Smart Tivi LG 43 inch Mini-LED Model 2026,Điện tử,Tivi,Mini-LED,47000000,https://picsum.photos/seed/tv792/600/600,Kích thước: 43 inch; Độ phân giải: 4K; Tần số quét: 120Hz; Hệ điều hành: Google TV / Tizen / webOS
SKU000793,Smart Tivi Samsung 65 inch 4K UHD Model 2025,Điện tử,Tivi,4K UHD,33900000,https://picsum.photos/seed/tv793/600/600,Kích thước: 65 inch; Độ phân giải: 4K; Tần số quét: 120Hz; Hệ điều hành: Google TV / Tizen / webOS
SKU000794,Smart Tivi LG 85 inch OLED 4K Model 2026,Điện tử,Tivi,OLED 4K,46900000,https://picsum.photos/seed/tv794/600/600,Kích thước: 85 inch; Độ phân giải: 4K; Tần số quét: 60Hz; Hệ điều hành: Google TV / Tizen / webOS
SKU000795,Smart Tivi Samsung 65 inch 4K UHD Model 2026,Điện tử,Tivi,4K UHD,38900000,https://picsum.photos/seed/tv795/600/600,Kích thước: 65 inch; Độ phân giải: 4K; Tần số quét: 60Hz; Hệ điều hành: Google TV / Tizen / webOS
SKU000796,Smart Tivi Sony 75 inch Mini-LED Model 2024,Điện tử,Tivi,Mini-LED,20000000,https://picsum.photos/seed/tv796/600/600,Kích thước: 75 inch; Độ phân giải: 4K; Tần số quét: 120Hz; Hệ điều hành: Google TV / Tizen / webOS
SKU000797,Smart Tivi Casper 55 inch OLED 4K Model 2025,Điện tử,Tivi,OLED 4K,43900000,https://picsum.photos/seed/tv797/600/600,Kích thước: 55 inch; Độ phân giải: 4K; Tần số quét: 120Hz; Hệ điều hành: Google TV / Tizen / webOS
SKU000798,Smart Tivi Casper 85 inch 4K UHD Model 2026,Điện tử,Tivi,4K UHD,45900000,https://picsum.photos/seed/tv798/600/600,Kích thước: 85 inch; Độ phân giải: 4K; Tần số quét: 60Hz; Hệ điều hành: Google TV / Tizen / webOS
SKU000799,Smart Tivi LG 50 inch 4K UHD Model 2025,Điện tử,Tivi,4K UHD,21000000,https://picsum.photos/seed/tv799/600/600,Kích thước: 50 inch; Độ phân giải: 4K; Tần số quét: 60Hz; Hệ điều hành: Google TV / Tizen / webOS
SKU000800,Smart Tivi TCL 65 inch Mini-LED Model 2025,Điện tử,Tivi,Mini-LED,59900000,https://picsum.photos/seed/tv800/600/600,Kích thước: 65 inch; Độ phân giải: 4K; Tần số quét: 144Hz; Hệ điều hành: Google TV / Tizen / webOS
SKU000801,Smart Tivi TCL 50 inch OLED 4K Model 2025,Điện tử,Tivi,OLED 4K,12900000,https://picsum.photos/seed/tv801/600/600,Kích thước: 50 inch; Độ phân giải: 4K; Tần số quét: 60Hz; Hệ điều hành: Google TV / Tizen / webOS
SKU000802,Smart Tivi Casper 65 inch Mini-LED Model 2025,Điện tử,Tivi,Mini-LED,48900000,https://picsum.photos/seed/tv802/600/600,Kích thước: 65 inch; Độ phân giải: 4K; Tần số quét: 60Hz; Hệ điều hành: Google TV / Tizen / webOS
SKU000803,Smart Tivi LG 55 inch 4K UHD Model 2024,Điện tử,Tivi,4K UHD,20000000,https://picsum.photos/seed/tv803/600/600,Kích thước: 55 inch; Độ phân giải: 4K; Tần số quét: 144Hz; Hệ điều hành: Google TV / Tizen / webOS
SKU000804,Smart Tivi TCL 43 inch QLED 4K Model 2025,Điện tử,Tivi,QLED 4K,25000000,https://picsum.photos/seed/tv804/600/600,Kích thước: 43 inch; Độ phân giải: 4K; Tần số quét: 144Hz; Hệ điều hành: Google TV / Tizen / webOS
SKU000805,Smart Tivi LG 43 inch QLED 4K Model 2024,Điện tử,Tivi,QLED 4K,41000000,https://picsum.photos/seed/tv805/600/600,Kích thước: 43 inch; Độ phân giải: 4K; Tần số quét: 60Hz; Hệ điều hành: Google TV / Tizen / webOS
SKU000806,Smart Tivi Samsung 55 inch QLED 4K Model 2024,Điện tử,Tivi,QLED 4K,54900000,https://picsum.photos/seed/tv806/600/600,Kích thước: 55 inch; Độ phân giải: 4K; Tần số quét: 60Hz; Hệ điều hành: Google TV / Tizen / webOS
SKU000807,Smart Tivi LG 75 inch Mini-LED Model 2026,Điện tử,Tivi,Mini-LED,32900000,https://picsum.photos/seed/tv807/600/600,Kích thước: 75 inch; Độ phân giải: 4K; Tần số quét: 120Hz; Hệ điều hành: Google TV / Tizen / webOS
SKU000808,Smart Tivi Casper 50 inch 4K UHD Model 2024,Điện tử,Tivi,4K UHD,17000000,https://picsum.photos/seed/tv808/600/600,Kích thước: 50 inch; Độ phân giải: 4K; Tần số quét: 60Hz; Hệ điều hành: Google TV / Tizen / webOS
SKU000809,Smart Tivi Sony 85 inch OLED 4K Model 2024,Điện tử,Tivi,OLED 4K,12000000,https://picsum.photos/seed/tv809/600/600,Kích thước: 85 inch; Độ phân giải: 4K; Tần số quét: 60Hz; Hệ điều hành: Google TV / Tizen / webOS
SKU000810,Smart Tivi LG 75 inch Mini-LED Model 2026,Điện tử,Tivi,Mini-LED,23900000,https://picsum.photos/seed/tv810/600/600,Kích thước: 75 inch; Độ phân giải: 4K; Tần số quét: 120Hz; Hệ điều hành: Google TV / Tizen / webOS
SKU000811,Smart Tivi Casper 75 inch OLED 4K Model 2025,Điện tử,Tivi,OLED 4K,46900000,https://picsum.photos/seed/tv811/600/600,Kích thước: 75 inch; Độ phân giải: 4K; Tần số quét: 144Hz; Hệ điều hành: Google TV / Tizen / webOS
SKU000812,Smart Tivi Sony 85 inch OLED 4K Model 2026,Điện tử,Tivi,OLED 4K,23000000,https://picsum.photos/seed/tv812/600/600,Kích thước: 85 inch; Độ phân giải: 4K; Tần số quét: 60Hz; Hệ điều hành: Google TV / Tizen / webOS
SKU000813,Smart Tivi TCL 65 inch 4K UHD Model 2026,Điện tử,Tivi,4K UHD,34000000,https://picsum.photos/seed/tv813/600/600,Kích thước: 65 inch; Độ phân giải: 4K; Tần số quét: 120Hz; Hệ điều hành: Google TV / Tizen / webOS
SKU000814,Smart Tivi Sony 50 inch Mini-LED Model 2024,Điện tử,Tivi,Mini-LED,33900000,https://picsum.photos/seed/tv814/600/600,Kích thước: 50 inch; Độ phân giải: 4K; Tần số quét: 60Hz; Hệ điều hành: Google TV / Tizen / webOS
SKU000815,Smart Tivi Casper 55 inch OLED 4K Model 2026,Điện tử,Tivi,OLED 4K,19900000,https://picsum.photos/seed/tv815/600/600,Kích thước: 55 inch; Độ phân giải: 4K; Tần số quét: 60Hz; Hệ điều hành: Google TV / Tizen / webOS
SKU000816,Smart Tivi Casper 85 inch OLED 4K Model 2025,Điện tử,Tivi,OLED 4K,23000000,https://picsum.photos/seed/tv816/600/600,Kích thước: 85 inch; Độ phân giải: 4K; Tần số quét: 120Hz; Hệ điều hành: Google TV / Tizen / webOS
SKU000817,Smart Tivi Casper 50 inch Mini-LED Model 2026,Điện tử,Tivi,Mini-LED,44000000,https://picsum.photos/seed/tv817/600/600,Kích thước: 50 inch; Độ phân giải: 4K; Tần số quét: 144Hz; Hệ điều hành: Google TV / Tizen / webOS
SKU000818,Smart Tivi Casper 55 inch Mini-LED Model 2026,Điện tử,Tivi,Mini-LED,33900000,https://picsum.photos/seed/tv818/600/600,Kích thước: 55 inch; Độ phân giải: 4K; Tần số quét: 120Hz; Hệ điều hành: Google TV / Tizen / webOS
SKU000819,Smart Tivi Casper 55 inch QLED 4K Model 2026,Điện tử,Tivi,QLED 4K,19900000,https://picsum.photos/seed/tv819/600/600,Kích thước: 55 inch; Độ phân giải: 4K; Tần số quét: 120Hz; Hệ điều hành: Google TV / Tizen / webOS
SKU000820,Smart Tivi Samsung 43 inch Mini-LED Model 2026,Điện tử,Tivi,Mini-LED,54000000,https://picsum.photos/seed/tv820/600/600,Kích thước: 43 inch; Độ phân giải: 4K; Tần số quét: 120Hz; Hệ điều hành: Google TV / Tizen / webOS
SKU000821,Smart Tivi Samsung 50 inch Mini-LED Model 2026,Điện tử,Tivi,Mini-LED,37900000,https://picsum.photos/seed/tv821/600/600,Kích thước: 50 inch; Độ phân giải: 4K; Tần số quét: 120Hz; Hệ điều hành: Google TV / Tizen / webOS
SKU000822,Smart Tivi LG 65 inch 4K UHD Model 2025,Điện tử,Tivi,4K UHD,22900000,https://picsum.photos/seed/tv822/600/600,Kích thước: 65 inch; Độ phân giải: 4K; Tần số quét: 120Hz; Hệ điều hành: Google TV / Tizen / webOS
SKU000823,Smart Tivi Sony 85 inch 4K UHD Model 2024,Điện tử,Tivi,4K UHD,39000000,https://picsum.photos/seed/tv823/600/600,Kích thước: 85 inch; Độ phân giải: 4K; Tần số quét: 60Hz; Hệ điều hành: Google TV / Tizen / webOS
SKU000824,Smart Tivi Casper 43 inch Mini-LED Model 2025,Điện tử,Tivi,Mini-LED,37900000,https://picsum.photos/seed/tv824/600/600,Kích thước: 43 inch; Độ phân giải: 4K; Tần số quét: 144Hz; Hệ điều hành: Google TV / Tizen / webOS
SKU000825,Smart Tivi TCL 55 inch QLED 4K Model 2024,Điện tử,Tivi,QLED 4K,11900000,https://picsum.photos/seed/tv825/600/600,Kích thước: 55 inch; Độ phân giải: 4K; Tần số quét: 144Hz; Hệ điều hành: Google TV / Tizen / webOS
SKU000826,Smart Tivi Sony 43 inch QLED 4K Model 2024,Điện tử,Tivi,QLED 4K,17000000,https://picsum.photos/seed/tv826/600/600,Kích thước: 43 inch; Độ phân giải: 4K; Tần số quét: 60Hz; Hệ điều hành: Google TV / Tizen / webOS
SKU000827,Smart Tivi LG 65 inch QLED 4K Model 2024,Điện tử,Tivi,QLED 4K,52900000,https://picsum.photos/seed/tv827/600/600,Kích thước: 65 inch; Độ phân giải: 4K; Tần số quét: 144Hz; Hệ điều hành: Google TV / Tizen / webOS
SKU000828,Smart Tivi Sony 55 inch OLED 4K Model 2026,Điện tử,Tivi,OLED 4K,42900000,https://picsum.photos/seed/tv828/600/600,Kích thước: 55 inch; Độ phân giải: 4K; Tần số quét: 60Hz; Hệ điều hành: Google TV / Tizen / webOS
SKU000829,Smart Tivi Samsung 85 inch OLED 4K Model 2025,Điện tử,Tivi,OLED 4K,43000000,https://picsum.photos/seed/tv829/600/600,Kích thước: 85 inch; Độ phân giải: 4K; Tần số quét: 60Hz; Hệ điều hành: Google TV / Tizen / webOS
SKU000830,Smart Tivi Casper 55 inch OLED 4K Model 2026,Điện tử,Tivi,OLED 4K,36000000,https://picsum.photos/seed/tv830/600/600,Kích thước: 55 inch; Độ phân giải: 4K; Tần số quét: 120Hz; Hệ điều hành: Google TV / Tizen / webOS
SKU000831,Smart Tivi Casper 65 inch QLED 4K Model 2025,Điện tử,Tivi,QLED 4K,34900000,https://picsum.photos/seed/tv831/600/600,Kích thước: 65 inch; Độ phân giải: 4K; Tần số quét: 60Hz; Hệ điều hành: Google TV / Tizen / webOS
SKU000832,Smart Tivi Casper 85 inch 4K UHD Model 2024,Điện tử,Tivi,4K UHD,28900000,https://picsum.photos/seed/tv832/600/600,Kích thước: 85 inch; Độ phân giải: 4K; Tần số quét: 144Hz; Hệ điều hành: Google TV / Tizen / webOS
SKU000833,Smart Tivi Samsung 43 inch 4K UHD Model 2024,Điện tử,Tivi,4K UHD,44900000,https://picsum.photos/seed/tv833/600/600,Kích thước: 43 inch; Độ phân giải: 4K; Tần số quét: 120Hz; Hệ điều hành: Google TV / Tizen / webOS
SKU000834,Smart Tivi LG 65 inch Mini-LED Model 2026,Điện tử,Tivi,Mini-LED,10900000,https://picsum.photos/seed/tv834/600/600,Kích thước: 65 inch; Độ phân giải: 4K; Tần số quét: 144Hz; Hệ điều hành: Google TV / Tizen / webOS
SKU000835,Smart Tivi TCL 75 inch Mini-LED Model 2026,Điện tử,Tivi,Mini-LED,9900000,https://picsum.photos/seed/tv835/600/600,Kích thước: 75 inch; Độ phân giải: 4K; Tần số quét: 120Hz; Hệ điều hành: Google TV / Tizen / webOS
SKU000836,Smart Tivi Samsung 55 inch OLED 4K Model 2024,Điện tử,Tivi,OLED 4K,58000000,https://picsum.photos/seed/tv836/600/600,Kích thước: 55 inch; Độ phân giải: 4K; Tần số quét: 144Hz; Hệ điều hành: Google TV / Tizen / webOS
SKU000837,Smart Tivi LG 55 inch 4K UHD Model 2024,Điện tử,Tivi,4K UHD,30000000,https://picsum.photos/seed/tv837/600/600,Kích thước: 55 inch; Độ phân giải: 4K; Tần số quét: 144Hz; Hệ điều hành: Google TV / Tizen / webOS
SKU000838,Smart Tivi Casper 85 inch OLED 4K Model 2026,Điện tử,Tivi,OLED 4K,31900000,https://picsum.photos/seed/tv838/600/600,Kích thước: 85 inch; Độ phân giải: 4K; Tần số quét: 120Hz; Hệ điều hành: Google TV / Tizen / webOS
SKU000839,Smart Tivi Samsung 50 inch Mini-LED Model 2026,Điện tử,Tivi,Mini-LED,38000000,https://picsum.photos/seed/tv839/600/600,Kích thước: 50 inch; Độ phân giải: 4K; Tần số quét: 144Hz; Hệ điều hành: Google TV / Tizen / webOS
SKU000840,Smart Tivi LG 43 inch QLED 4K Model 2026,Điện tử,Tivi,QLED 4K,11900000,https://picsum.photos/seed/tv840/600/600,Kích thước: 43 inch; Độ phân giải: 4K; Tần số quét: 60Hz; Hệ điều hành: Google TV / Tizen / webOS
SKU000841,Smart Tivi TCL 50 inch QLED 4K Model 2026,Điện tử,Tivi,QLED 4K,19000000,https://picsum.photos/seed/tv841/600/600,Kích thước: 50 inch; Độ phân giải: 4K; Tần số quét: 120Hz; Hệ điều hành: Google TV / Tizen / webOS
SKU000842,Smart Tivi Samsung 75 inch Mini-LED Model 2025,Điện tử,Tivi,Mini-LED,45000000,https://picsum.photos/seed/tv842/600/600,Kích thước: 75 inch; Độ phân giải: 4K; Tần số quét: 120Hz; Hệ điều hành: Google TV / Tizen / webOS
SKU000843,Smart Tivi TCL 75 inch QLED 4K Model 2024,Điện tử,Tivi,QLED 4K,39000000,https://picsum.photos/seed/tv843/600/600,Kích thước: 75 inch; Độ phân giải: 4K; Tần số quét: 60Hz; Hệ điều hành: Google TV / Tizen / webOS
SKU000844,Smart Tivi Sony 65 inch Mini-LED Model 2024,Điện tử,Tivi,Mini-LED,45000000,https://picsum.photos/seed/tv844/600/600,Kích thước: 65 inch; Độ phân giải: 4K; Tần số quét: 120Hz; Hệ điều hành: Google TV / Tizen / webOS
SKU000845,Smart Tivi TCL 85 inch 4K UHD Model 2026,Điện tử,Tivi,4K UHD,33000000,https://picsum.photos/seed/tv845/600/600,Kích thước: 85 inch; Độ phân giải: 4K; Tần số quét: 60Hz; Hệ điều hành: Google TV / Tizen / webOS
SKU000846,Smart Tivi Samsung 85 inch 4K UHD Model 2025,Điện tử,Tivi,4K UHD,26900000,https://picsum.photos/seed/tv846/600/600,Kích thước: 85 inch; Độ phân giải: 4K; Tần số quét: 120Hz; Hệ điều hành: Google TV / Tizen / webOS
SKU000847,Smart Tivi Sony 43 inch QLED 4K Model 2025,Điện tử,Tivi,QLED 4K,29000000,https://picsum.photos/seed/tv847/600/600,Kích thước: 43 inch; Độ phân giải: 4K; Tần số quét: 120Hz; Hệ điều hành: Google TV / Tizen / webOS
SKU000848,Smart Tivi LG 55 inch 4K UHD Model 2026,Điện tử,Tivi,4K UHD,49000000,https://picsum.photos/seed/tv848/600/600,Kích thước: 55 inch; Độ phân giải: 4K; Tần số quét: 60Hz; Hệ điều hành: Google TV / Tizen / webOS
SKU000849,Smart Tivi LG 43 inch QLED 4K Model 2026,Điện tử,Tivi,QLED 4K,50900000,https://picsum.photos/seed/tv849/600/600,Kích thước: 43 inch; Độ phân giải: 4K; Tần số quét: 120Hz; Hệ điều hành: Google TV / Tizen / webOS
SKU000850,Smart Tivi LG 43 inch Mini-LED Model 2024,Điện tử,Tivi,Mini-LED,30000000,https://picsum.photos/seed/tv850/600/600,Kích thước: 43 inch; Độ phân giải: 4K; Tần số quét: 144Hz; Hệ điều hành: Google TV / Tizen / webOS
SKU000851,Máy lạnh Gree 2.5 HP (24.000 BTU) Inverter tiết kiệm điện Gas R32,Điện máy,Máy lạnh / Điều hòa,Treo tường,23000000,https://picsum.photos/seed/ac851/600/600,Công suất: 2.5 HP (24.000 BTU); Công nghệ: Inverter tiết kiệm điện; Loại Gas: R32; Chế độ gió: Tự động đảo chiều
SKU000852,Máy lạnh Daikin 2.0 HP (18.000 BTU) Inverter tiết kiệm điện Gas R32,Điện máy,Máy lạnh / Điều hòa,Treo tường,21000000,https://picsum.photos/seed/ac852/600/600,Công suất: 2.0 HP (18.000 BTU); Công nghệ: Inverter tiết kiệm điện; Loại Gas: R32; Chế độ gió: Tự động đảo chiều
SKU000853,Máy lạnh Panasonic 2.0 HP (18.000 BTU) Inverter tiết kiệm điện Gas R32,Điện máy,Máy lạnh / Điều hòa,Treo tường,18500000,https://picsum.photos/seed/ac853/600/600,Công suất: 2.0 HP (18.000 BTU); Công nghệ: Inverter tiết kiệm điện; Loại Gas: R32; Chế độ gió: Tự động đảo chiều
SKU000854,Máy lạnh Panasonic 1.5 HP (12.000 BTU) Inverter tiết kiệm điện Gas R410A,Điện máy,Máy lạnh / Điều hòa,Treo tường,18000000,https://picsum.photos/seed/ac854/600/600,Công suất: 1.5 HP (12.000 BTU); Công nghệ: Inverter tiết kiệm điện; Loại Gas: R410A; Chế độ gió: Tự động đảo chiều
SKU000855,Máy lạnh Casper 1.5 HP (12.000 BTU) Tiêu chuẩn Gas R32,Điện máy,Máy lạnh / Điều hòa,Treo tường,22000000,https://picsum.photos/seed/ac855/600/600,Công suất: 1.5 HP (12.000 BTU); Công nghệ: Tiêu chuẩn; Loại Gas: R32; Chế độ gió: Tự động đảo chiều
SKU000856,Máy lạnh Casper 1.5 HP (12.000 BTU) Eco Inverter kháng khuẩn Gas R410A,Điện máy,Máy lạnh / Điều hòa,Treo tường,11500000,https://picsum.photos/seed/ac856/600/600,Công suất: 1.5 HP (12.000 BTU); Công nghệ: Eco Inverter kháng khuẩn; Loại Gas: R410A; Chế độ gió: Tự động đảo chiều
SKU000857,Máy lạnh LG 1.5 HP (12.000 BTU) Inverter tiết kiệm điện Gas R32,Điện máy,Máy lạnh / Điều hòa,Treo tường,11000000,https://picsum.photos/seed/ac857/600/600,Công suất: 1.5 HP (12.000 BTU); Công nghệ: Inverter tiết kiệm điện; Loại Gas: R32; Chế độ gió: Tự động đảo chiều
SKU000858,Máy lạnh Daikin 2.0 HP (18.000 BTU) Tiêu chuẩn Gas R410A,Điện máy,Máy lạnh / Điều hòa,Treo tường,12500000,https://picsum.photos/seed/ac858/600/600,Công suất: 2.0 HP (18.000 BTU); Công nghệ: Tiêu chuẩn; Loại Gas: R410A; Chế độ gió: Tự động đảo chiều
SKU000859,Máy lạnh Panasonic 2.0 HP (18.000 BTU) Inverter tiết kiệm điện Gas R410A,Điện máy,Máy lạnh / Điều hòa,Treo tường,17500000,https://picsum.photos/seed/ac859/600/600,Công suất: 2.0 HP (18.000 BTU); Công nghệ: Inverter tiết kiệm điện; Loại Gas: R410A; Chế độ gió: Tự động đảo chiều
SKU000860,Máy lạnh Daikin 2.0 HP (18.000 BTU) Tiêu chuẩn Gas R32,Điện máy,Máy lạnh / Điều hòa,Treo tường,9500000,https://picsum.photos/seed/ac860/600/600,Công suất: 2.0 HP (18.000 BTU); Công nghệ: Tiêu chuẩn; Loại Gas: R32; Chế độ gió: Tự động đảo chiều
SKU000861,Máy lạnh Gree 2.5 HP (24.000 BTU) Tiêu chuẩn Gas R32,Điện máy,Máy lạnh / Điều hòa,Treo tường,14500000,https://picsum.photos/seed/ac861/600/600,Công suất: 2.5 HP (24.000 BTU); Công nghệ: Tiêu chuẩn; Loại Gas: R32; Chế độ gió: Tự động đảo chiều
SKU000862,Máy lạnh Gree 1.5 HP (12.000 BTU) Inverter tiết kiệm điện Gas R410A,Điện máy,Máy lạnh / Điều hòa,Treo tường,9000000,https://picsum.photos/seed/ac862/600/600,Công suất: 1.5 HP (12.000 BTU); Công nghệ: Inverter tiết kiệm điện; Loại Gas: R410A; Chế độ gió: Tự động đảo chiều
SKU000863,Máy lạnh Casper 2.5 HP (24.000 BTU) Eco Inverter kháng khuẩn Gas R32,Điện máy,Máy lạnh / Điều hòa,Treo tường,15500000,https://picsum.photos/seed/ac863/600/600,Công suất: 2.5 HP (24.000 BTU); Công nghệ: Eco Inverter kháng khuẩn; Loại Gas: R32; Chế độ gió: Tự động đảo chiều
SKU000864,Máy lạnh Daikin 2.0 HP (18.000 BTU) Tiêu chuẩn Gas R410A,Điện máy,Máy lạnh / Điều hòa,Treo tường,25500000,https://picsum.photos/seed/ac864/600/600,Công suất: 2.0 HP (18.000 BTU); Công nghệ: Tiêu chuẩn; Loại Gas: R410A; Chế độ gió: Tự động đảo chiều
SKU000865,Máy lạnh Casper 2.5 HP (24.000 BTU) Inverter tiết kiệm điện Gas R32,Điện máy,Máy lạnh / Điều hòa,Treo tường,24500000,https://picsum.photos/seed/ac865/600/600,Công suất: 2.5 HP (24.000 BTU); Công nghệ: Inverter tiết kiệm điện; Loại Gas: R32; Chế độ gió: Tự động đảo chiều
SKU000866,Máy lạnh Casper 1.5 HP (12.000 BTU) Tiêu chuẩn Gas R32,Điện máy,Máy lạnh / Điều hòa,Treo tường,15000000,https://picsum.photos/seed/ac866/600/600,Công suất: 1.5 HP (12.000 BTU); Công nghệ: Tiêu chuẩn; Loại Gas: R32; Chế độ gió: Tự động đảo chiều
SKU000867,Máy lạnh Panasonic 1.0 HP (9.000 BTU) Inverter tiết kiệm điện Gas R410A,Điện máy,Máy lạnh / Điều hòa,Treo tường,8500000,https://picsum.photos/seed/ac867/600/600,Công suất: 1.0 HP (9.000 BTU); Công nghệ: Inverter tiết kiệm điện; Loại Gas: R410A; Chế độ gió: Tự động đảo chiều
SKU000868,Máy lạnh LG 2.5 HP (24.000 BTU) Inverter tiết kiệm điện Gas R410A,Điện máy,Máy lạnh / Điều hòa,Treo tường,10500000,https://picsum.photos/seed/ac868/600/600,Công suất: 2.5 HP (24.000 BTU); Công nghệ: Inverter tiết kiệm điện; Loại Gas: R410A; Chế độ gió: Tự động đảo chiều
SKU000869,Máy lạnh Gree 2.0 HP (18.000 BTU) Eco Inverter kháng khuẩn Gas R410A,Điện máy,Máy lạnh / Điều hòa,Treo tường,24500000,https://picsum.photos/seed/ac869/600/600,Công suất: 2.0 HP (18.000 BTU); Công nghệ: Eco Inverter kháng khuẩn; Loại Gas: R410A; Chế độ gió: Tự động đảo chiều
SKU000870,Máy lạnh Daikin 1.5 HP (12.000 BTU) Tiêu chuẩn Gas R32,Điện máy,Máy lạnh / Điều hòa,Treo tường,22500000,https://picsum.photos/seed/ac870/600/600,Công suất: 1.5 HP (12.000 BTU); Công nghệ: Tiêu chuẩn; Loại Gas: R32; Chế độ gió: Tự động đảo chiều
SKU000871,Máy lạnh Daikin 2.5 HP (24.000 BTU) Inverter tiết kiệm điện Gas R410A,Điện máy,Máy lạnh / Điều hòa,Treo tường,6000000,https://picsum.photos/seed/ac871/600/600,Công suất: 2.5 HP (24.000 BTU); Công nghệ: Inverter tiết kiệm điện; Loại Gas: R410A; Chế độ gió: Tự động đảo chiều
SKU000872,Máy lạnh LG 1.5 HP (12.000 BTU) Tiêu chuẩn Gas R410A,Điện máy,Máy lạnh / Điều hòa,Treo tường,19500000,https://picsum.photos/seed/ac872/600/600,Công suất: 1.5 HP (12.000 BTU); Công nghệ: Tiêu chuẩn; Loại Gas: R410A; Chế độ gió: Tự động đảo chiều
SKU000873,Máy lạnh Gree 1.0 HP (9.000 BTU) Inverter tiết kiệm điện Gas R410A,Điện máy,Máy lạnh / Điều hòa,Treo tường,21500000,https://picsum.photos/seed/ac873/600/600,Công suất: 1.0 HP (9.000 BTU); Công nghệ: Inverter tiết kiệm điện; Loại Gas: R410A; Chế độ gió: Tự động đảo chiều
SKU000874,Máy lạnh Gree 2.5 HP (24.000 BTU) Inverter tiết kiệm điện Gas R32,Điện máy,Máy lạnh / Điều hòa,Treo tường,17500000,https://picsum.photos/seed/ac874/600/600,Công suất: 2.5 HP (24.000 BTU); Công nghệ: Inverter tiết kiệm điện; Loại Gas: R32; Chế độ gió: Tự động đảo chiều
SKU000875,Máy lạnh Casper 1.0 HP (9.000 BTU) Eco Inverter kháng khuẩn Gas R410A,Điện máy,Máy lạnh / Điều hòa,Treo tường,23000000,https://picsum.photos/seed/ac875/600/600,Công suất: 1.0 HP (9.000 BTU); Công nghệ: Eco Inverter kháng khuẩn; Loại Gas: R410A; Chế độ gió: Tự động đảo chiều
SKU000876,Máy lạnh Casper 1.5 HP (12.000 BTU) Tiêu chuẩn Gas R32,Điện máy,Máy lạnh / Điều hòa,Treo tường,18000000,https://picsum.photos/seed/ac876/600/600,Công suất: 1.5 HP (12.000 BTU); Công nghệ: Tiêu chuẩn; Loại Gas: R32; Chế độ gió: Tự động đảo chiều
SKU000877,Máy lạnh Casper 1.5 HP (12.000 BTU) Tiêu chuẩn Gas R32,Điện máy,Máy lạnh / Điều hòa,Treo tường,12000000,https://picsum.photos/seed/ac877/600/600,Công suất: 1.5 HP (12.000 BTU); Công nghệ: Tiêu chuẩn; Loại Gas: R32; Chế độ gió: Tự động đảo chiều
SKU000878,Máy lạnh Daikin 2.0 HP (18.000 BTU) Tiêu chuẩn Gas R32,Điện máy,Máy lạnh / Điều hòa,Treo tường,14000000,https://picsum.photos/seed/ac878/600/600,Công suất: 2.0 HP (18.000 BTU); Công nghệ: Tiêu chuẩn; Loại Gas: R32; Chế độ gió: Tự động đảo chiều
SKU000879,Máy lạnh LG 2.0 HP (18.000 BTU) Eco Inverter kháng khuẩn Gas R410A,Điện máy,Máy lạnh / Điều hòa,Treo tường,12000000,https://picsum.photos/seed/ac879/600/600,Công suất: 2.0 HP (18.000 BTU); Công nghệ: Eco Inverter kháng khuẩn; Loại Gas: R410A; Chế độ gió: Tự động đảo chiều
SKU000880,Máy lạnh Daikin 2.0 HP (18.000 BTU) Tiêu chuẩn Gas R32,Điện máy,Máy lạnh / Điều hòa,Treo tường,23000000,https://picsum.photos/seed/ac880/600/600,Công suất: 2.0 HP (18.000 BTU); Công nghệ: Tiêu chuẩn; Loại Gas: R32; Chế độ gió: Tự động đảo chiều
SKU000881,Máy lạnh Casper 2.5 HP (24.000 BTU) Tiêu chuẩn Gas R410A,Điện máy,Máy lạnh / Điều hòa,Treo tường,13500000,https://picsum.photos/seed/ac881/600/600,Công suất: 2.5 HP (24.000 BTU); Công nghệ: Tiêu chuẩn; Loại Gas: R410A; Chế độ gió: Tự động đảo chiều
SKU000882,Máy lạnh LG 1.5 HP (12.000 BTU) Eco Inverter kháng khuẩn Gas R32,Điện máy,Máy lạnh / Điều hòa,Treo tường,8000000,https://picsum.photos/seed/ac882/600/600,Công suất: 1.5 HP (12.000 BTU); Công nghệ: Eco Inverter kháng khuẩn; Loại Gas: R32; Chế độ gió: Tự động đảo chiều
SKU000883,Máy lạnh Panasonic 1.0 HP (9.000 BTU) Inverter tiết kiệm điện Gas R410A,Điện máy,Máy lạnh / Điều hòa,Treo tường,24000000,https://picsum.photos/seed/ac883/600/600,Công suất: 1.0 HP (9.000 BTU); Công nghệ: Inverter tiết kiệm điện; Loại Gas: R410A; Chế độ gió: Tự động đảo chiều
SKU000884,Máy lạnh LG 2.0 HP (18.000 BTU) Inverter tiết kiệm điện Gas R32,Điện máy,Máy lạnh / Điều hòa,Treo tường,22500000,https://picsum.photos/seed/ac884/600/600,Công suất: 2.0 HP (18.000 BTU); Công nghệ: Inverter tiết kiệm điện; Loại Gas: R32; Chế độ gió: Tự động đảo chiều
SKU000885,Máy lạnh Daikin 2.5 HP (24.000 BTU) Inverter tiết kiệm điện Gas R32,Điện máy,Máy lạnh / Điều hòa,Treo tường,15000000,https://picsum.photos/seed/ac885/600/600,Công suất: 2.5 HP (24.000 BTU); Công nghệ: Inverter tiết kiệm điện; Loại Gas: R32; Chế độ gió: Tự động đảo chiều
SKU000886,Máy lạnh LG 2.0 HP (18.000 BTU) Tiêu chuẩn Gas R32,Điện máy,Máy lạnh / Điều hòa,Treo tường,18000000,https://picsum.photos/seed/ac886/600/600,Công suất: 2.0 HP (18.000 BTU); Công nghệ: Tiêu chuẩn; Loại Gas: R32; Chế độ gió: Tự động đảo chiều
SKU000887,Máy lạnh LG 1.0 HP (9.000 BTU) Tiêu chuẩn Gas R32,Điện máy,Máy lạnh / Điều hòa,Treo tường,16000000,https://picsum.photos/seed/ac887/600/600,Công suất: 1.0 HP (9.000 BTU); Công nghệ: Tiêu chuẩn; Loại Gas: R32; Chế độ gió: Tự động đảo chiều
SKU000888,Máy lạnh Gree 2.5 HP (24.000 BTU) Inverter tiết kiệm điện Gas R410A,Điện máy,Máy lạnh / Điều hòa,Treo tường,25500000,https://picsum.photos/seed/ac888/600/600,Công suất: 2.5 HP (24.000 BTU); Công nghệ: Inverter tiết kiệm điện; Loại Gas: R410A; Chế độ gió: Tự động đảo chiều
SKU000889,Máy lạnh Casper 1.5 HP (12.000 BTU) Inverter tiết kiệm điện Gas R410A,Điện máy,Máy lạnh / Điều hòa,Treo tường,8500000,https://picsum.photos/seed/ac889/600/600,Công suất: 1.5 HP (12.000 BTU); Công nghệ: Inverter tiết kiệm điện; Loại Gas: R410A; Chế độ gió: Tự động đảo chiều
SKU000890,Máy lạnh LG 2.0 HP (18.000 BTU) Inverter tiết kiệm điện Gas R410A,Điện máy,Máy lạnh / Điều hòa,Treo tường,19500000,https://picsum.photos/seed/ac890/600/600,Công suất: 2.0 HP (18.000 BTU); Công nghệ: Inverter tiết kiệm điện; Loại Gas: R410A; Chế độ gió: Tự động đảo chiều
SKU000891,Máy lạnh Casper 2.5 HP (24.000 BTU) Inverter tiết kiệm điện Gas R410A,Điện máy,Máy lạnh / Điều hòa,Treo tường,25500000,https://picsum.photos/seed/ac891/600/600,Công suất: 2.5 HP (24.000 BTU); Công nghệ: Inverter tiết kiệm điện; Loại Gas: R410A; Chế độ gió: Tự động đảo chiều
SKU000892,Máy lạnh Gree 1.0 HP (9.000 BTU) Tiêu chuẩn Gas R32,Điện máy,Máy lạnh / Điều hòa,Treo tường,21500000,https://picsum.photos/seed/ac892/600/600,Công suất: 1.0 HP (9.000 BTU); Công nghệ: Tiêu chuẩn; Loại Gas: R32; Chế độ gió: Tự động đảo chiều
SKU000893,Máy lạnh LG 2.0 HP (18.000 BTU) Tiêu chuẩn Gas R410A,Điện máy,Máy lạnh / Điều hòa,Treo tường,20000000,https://picsum.photos/seed/ac893/600/600,Công suất: 2.0 HP (18.000 BTU); Công nghệ: Tiêu chuẩn; Loại Gas: R410A; Chế độ gió: Tự động đảo chiều
SKU000894,Máy lạnh Gree 1.0 HP (9.000 BTU) Inverter tiết kiệm điện Gas R410A,Điện máy,Máy lạnh / Điều hòa,Treo tường,11500000,https://picsum.photos/seed/ac894/600/600,Công suất: 1.0 HP (9.000 BTU); Công nghệ: Inverter tiết kiệm điện; Loại Gas: R410A; Chế độ gió: Tự động đảo chiều
SKU000895,Máy lạnh LG 1.5 HP (12.000 BTU) Inverter tiết kiệm điện Gas R410A,Điện máy,Máy lạnh / Điều hòa,Treo tường,19000000,https://picsum.photos/seed/ac895/600/600,Công suất: 1.5 HP (12.000 BTU); Công nghệ: Inverter tiết kiệm điện; Loại Gas: R410A; Chế độ gió: Tự động đảo chiều
SKU000896,Máy lạnh Panasonic 1.0 HP (9.000 BTU) Inverter tiết kiệm điện Gas R410A,Điện máy,Máy lạnh / Điều hòa,Treo tường,8000000,https://picsum.photos/seed/ac896/600/600,Công suất: 1.0 HP (9.000 BTU); Công nghệ: Inverter tiết kiệm điện; Loại Gas: R410A; Chế độ gió: Tự động đảo chiều
SKU000897,Máy lạnh Panasonic 1.0 HP (9.000 BTU) Tiêu chuẩn Gas R32,Điện máy,Máy lạnh / Điều hòa,Treo tường,7000000,https://picsum.photos/seed/ac897/600/600,Công suất: 1.0 HP (9.000 BTU); Công nghệ: Tiêu chuẩn; Loại Gas: R32; Chế độ gió: Tự động đảo chiều
SKU000898,Máy lạnh Gree 2.0 HP (18.000 BTU) Inverter tiết kiệm điện Gas R410A,Điện máy,Máy lạnh / Điều hòa,Treo tường,25500000,https://picsum.photos/seed/ac898/600/600,Công suất: 2.0 HP (18.000 BTU); Công nghệ: Inverter tiết kiệm điện; Loại Gas: R410A; Chế độ gió: Tự động đảo chiều
SKU000899,Máy lạnh Daikin 1.5 HP (12.000 BTU) Inverter tiết kiệm điện Gas R410A,Điện máy,Máy lạnh / Điều hòa,Treo tường,25500000,https://picsum.photos/seed/ac899/600/600,Công suất: 1.5 HP (12.000 BTU); Công nghệ: Inverter tiết kiệm điện; Loại Gas: R410A; Chế độ gió: Tự động đảo chiều
SKU000900,Máy lạnh Casper 2.0 HP (18.000 BTU) Tiêu chuẩn Gas R410A,Điện máy,Máy lạnh / Điều hòa,Treo tường,14000000,https://picsum.photos/seed/ac900/600/600,Công suất: 2.0 HP (18.000 BTU); Công nghệ: Tiêu chuẩn; Loại Gas: R410A; Chế độ gió: Tự động đảo chiều
SKU000901,Máy lạnh Gree 2.5 HP (24.000 BTU) Tiêu chuẩn Gas R410A,Điện máy,Máy lạnh / Điều hòa,Treo tường,12000000,https://picsum.photos/seed/ac901/600/600,Công suất: 2.5 HP (24.000 BTU); Công nghệ: Tiêu chuẩn; Loại Gas: R410A; Chế độ gió: Tự động đảo chiều
SKU000902,Máy lạnh Gree 2.5 HP (24.000 BTU) Inverter tiết kiệm điện Gas R32,Điện máy,Máy lạnh / Điều hòa,Treo tường,8000000,https://picsum.photos/seed/ac902/600/600,Công suất: 2.5 HP (24.000 BTU); Công nghệ: Inverter tiết kiệm điện; Loại Gas: R32; Chế độ gió: Tự động đảo chiều
SKU000903,Máy lạnh Daikin 1.5 HP (12.000 BTU) Inverter tiết kiệm điện Gas R32,Điện máy,Máy lạnh / Điều hòa,Treo tường,10000000,https://picsum.photos/seed/ac903/600/600,Công suất: 1.5 HP (12.000 BTU); Công nghệ: Inverter tiết kiệm điện; Loại Gas: R32; Chế độ gió: Tự động đảo chiều
SKU000904,Máy lạnh Daikin 2.5 HP (24.000 BTU) Eco Inverter kháng khuẩn Gas R32,Điện máy,Máy lạnh / Điều hòa,Treo tường,25000000,https://picsum.photos/seed/ac904/600/600,Công suất: 2.5 HP (24.000 BTU); Công nghệ: Eco Inverter kháng khuẩn; Loại Gas: R32; Chế độ gió: Tự động đảo chiều
SKU000905,Máy lạnh Daikin 2.0 HP (18.000 BTU) Tiêu chuẩn Gas R32,Điện máy,Máy lạnh / Điều hòa,Treo tường,17000000,https://picsum.photos/seed/ac905/600/600,Công suất: 2.0 HP (18.000 BTU); Công nghệ: Tiêu chuẩn; Loại Gas: R32; Chế độ gió: Tự động đảo chiều
SKU000906,Máy lạnh Panasonic 1.5 HP (12.000 BTU) Tiêu chuẩn Gas R32,Điện máy,Máy lạnh / Điều hòa,Treo tường,6000000,https://picsum.photos/seed/ac906/600/600,Công suất: 1.5 HP (12.000 BTU); Công nghệ: Tiêu chuẩn; Loại Gas: R32; Chế độ gió: Tự động đảo chiều
SKU000907,Máy lạnh LG 1.5 HP (12.000 BTU) Tiêu chuẩn Gas R410A,Điện máy,Máy lạnh / Điều hòa,Treo tường,16000000,https://picsum.photos/seed/ac907/600/600,Công suất: 1.5 HP (12.000 BTU); Công nghệ: Tiêu chuẩn; Loại Gas: R410A; Chế độ gió: Tự động đảo chiều
SKU000908,Máy lạnh Casper 2.0 HP (18.000 BTU) Inverter tiết kiệm điện Gas R32,Điện máy,Máy lạnh / Điều hòa,Treo tường,17000000,https://picsum.photos/seed/ac908/600/600,Công suất: 2.0 HP (18.000 BTU); Công nghệ: Inverter tiết kiệm điện; Loại Gas: R32; Chế độ gió: Tự động đảo chiều
SKU000909,Máy lạnh Casper 1.5 HP (12.000 BTU) Inverter tiết kiệm điện Gas R32,Điện máy,Máy lạnh / Điều hòa,Treo tường,20500000,https://picsum.photos/seed/ac909/600/600,Công suất: 1.5 HP (12.000 BTU); Công nghệ: Inverter tiết kiệm điện; Loại Gas: R32; Chế độ gió: Tự động đảo chiều
SKU000910,Máy lạnh Gree 2.5 HP (24.000 BTU) Eco Inverter kháng khuẩn Gas R410A,Điện máy,Máy lạnh / Điều hòa,Treo tường,18000000,https://picsum.photos/seed/ac910/600/600,Công suất: 2.5 HP (24.000 BTU); Công nghệ: Eco Inverter kháng khuẩn; Loại Gas: R410A; Chế độ gió: Tự động đảo chiều
SKU000911,Máy lạnh Casper 2.0 HP (18.000 BTU) Tiêu chuẩn Gas R32,Điện máy,Máy lạnh / Điều hòa,Treo tường,13000000,https://picsum.photos/seed/ac911/600/600,Công suất: 2.0 HP (18.000 BTU); Công nghệ: Tiêu chuẩn; Loại Gas: R32; Chế độ gió: Tự động đảo chiều
SKU000912,Máy lạnh Panasonic 2.0 HP (18.000 BTU) Eco Inverter kháng khuẩn Gas R410A,Điện máy,Máy lạnh / Điều hòa,Treo tường,20500000,https://picsum.photos/seed/ac912/600/600,Công suất: 2.0 HP (18.000 BTU); Công nghệ: Eco Inverter kháng khuẩn; Loại Gas: R410A; Chế độ gió: Tự động đảo chiều
SKU000913,Máy lạnh Daikin 2.5 HP (24.000 BTU) Inverter tiết kiệm điện Gas R410A,Điện máy,Máy lạnh / Điều hòa,Treo tường,13000000,https://picsum.photos/seed/ac913/600/600,Công suất: 2.5 HP (24.000 BTU); Công nghệ: Inverter tiết kiệm điện; Loại Gas: R410A; Chế độ gió: Tự động đảo chiều
SKU000914,Máy lạnh Casper 1.0 HP (9.000 BTU) Eco Inverter kháng khuẩn Gas R32,Điện máy,Máy lạnh / Điều hòa,Treo tường,25000000,https://picsum.photos/seed/ac914/600/600,Công suất: 1.0 HP (9.000 BTU); Công nghệ: Eco Inverter kháng khuẩn; Loại Gas: R32; Chế độ gió: Tự động đảo chiều
SKU000915,Máy lạnh Casper 2.0 HP (18.000 BTU) Tiêu chuẩn Gas R32,Điện máy,Máy lạnh / Điều hòa,Treo tường,20000000,https://picsum.photos/seed/ac915/600/600,Công suất: 2.0 HP (18.000 BTU); Công nghệ: Tiêu chuẩn; Loại Gas: R32; Chế độ gió: Tự động đảo chiều
SKU000916,Máy lạnh Casper 1.0 HP (9.000 BTU) Tiêu chuẩn Gas R32,Điện máy,Máy lạnh / Điều hòa,Treo tường,12500000,https://picsum.photos/seed/ac916/600/600,Công suất: 1.0 HP (9.000 BTU); Công nghệ: Tiêu chuẩn; Loại Gas: R32; Chế độ gió: Tự động đảo chiều
SKU000917,Máy lạnh Casper 2.5 HP (24.000 BTU) Inverter tiết kiệm điện Gas R410A,Điện máy,Máy lạnh / Điều hòa,Treo tường,24500000,https://picsum.photos/seed/ac917/600/600,Công suất: 2.5 HP (24.000 BTU); Công nghệ: Inverter tiết kiệm điện; Loại Gas: R410A; Chế độ gió: Tự động đảo chiều
SKU000918,Máy lạnh Panasonic 1.5 HP (12.000 BTU) Tiêu chuẩn Gas R32,Điện máy,Máy lạnh / Điều hòa,Treo tường,16000000,https://picsum.photos/seed/ac918/600/600,Công suất: 1.5 HP (12.000 BTU); Công nghệ: Tiêu chuẩn; Loại Gas: R32; Chế độ gió: Tự động đảo chiều
SKU000919,Máy lạnh LG 1.5 HP (12.000 BTU) Inverter tiết kiệm điện Gas R32,Điện máy,Máy lạnh / Điều hòa,Treo tường,6500000,https://picsum.photos/seed/ac919/600/600,Công suất: 1.5 HP (12.000 BTU); Công nghệ: Inverter tiết kiệm điện; Loại Gas: R32; Chế độ gió: Tự động đảo chiều
SKU000920,Máy lạnh Panasonic 2.5 HP (24.000 BTU) Tiêu chuẩn Gas R410A,Điện máy,Máy lạnh / Điều hòa,Treo tường,11000000,https://picsum.photos/seed/ac920/600/600,Công suất: 2.5 HP (24.000 BTU); Công nghệ: Tiêu chuẩn; Loại Gas: R410A; Chế độ gió: Tự động đảo chiều
SKU000921,Máy lạnh Panasonic 1.5 HP (12.000 BTU) Inverter tiết kiệm điện Gas R32,Điện máy,Máy lạnh / Điều hòa,Treo tường,15000000,https://picsum.photos/seed/ac921/600/600,Công suất: 1.5 HP (12.000 BTU); Công nghệ: Inverter tiết kiệm điện; Loại Gas: R32; Chế độ gió: Tự động đảo chiều
SKU000922,Máy lạnh Panasonic 2.0 HP (18.000 BTU) Tiêu chuẩn Gas R32,Điện máy,Máy lạnh / Điều hòa,Treo tường,15500000,https://picsum.photos/seed/ac922/600/600,Công suất: 2.0 HP (18.000 BTU); Công nghệ: Tiêu chuẩn; Loại Gas: R32; Chế độ gió: Tự động đảo chiều
SKU000923,Máy lạnh Gree 2.5 HP (24.000 BTU) Inverter tiết kiệm điện Gas R410A,Điện máy,Máy lạnh / Điều hòa,Treo tường,22000000,https://picsum.photos/seed/ac923/600/600,Công suất: 2.5 HP (24.000 BTU); Công nghệ: Inverter tiết kiệm điện; Loại Gas: R410A; Chế độ gió: Tự động đảo chiều
SKU000924,Máy lạnh Panasonic 1.5 HP (12.000 BTU) Tiêu chuẩn Gas R32,Điện máy,Máy lạnh / Điều hòa,Treo tường,13500000,https://picsum.photos/seed/ac924/600/600,Công suất: 1.5 HP (12.000 BTU); Công nghệ: Tiêu chuẩn; Loại Gas: R32; Chế độ gió: Tự động đảo chiều
SKU000925,Máy lạnh Panasonic 2.0 HP (18.000 BTU) Tiêu chuẩn Gas R32,Điện máy,Máy lạnh / Điều hòa,Treo tường,23000000,https://picsum.photos/seed/ac925/600/600,Công suất: 2.0 HP (18.000 BTU); Công nghệ: Tiêu chuẩn; Loại Gas: R32; Chế độ gió: Tự động đảo chiều
SKU000926,Máy lạnh Daikin 2.0 HP (18.000 BTU) Inverter tiết kiệm điện Gas R32,Điện máy,Máy lạnh / Điều hòa,Treo tường,22500000,https://picsum.photos/seed/ac926/600/600,Công suất: 2.0 HP (18.000 BTU); Công nghệ: Inverter tiết kiệm điện; Loại Gas: R32; Chế độ gió: Tự động đảo chiều
SKU000927,Máy lạnh Daikin 2.5 HP (24.000 BTU) Inverter tiết kiệm điện Gas R410A,Điện máy,Máy lạnh / Điều hòa,Treo tường,15000000,https://picsum.photos/seed/ac927/600/600,Công suất: 2.5 HP (24.000 BTU); Công nghệ: Inverter tiết kiệm điện; Loại Gas: R410A; Chế độ gió: Tự động đảo chiều
SKU000928,Máy lạnh Casper 1.5 HP (12.000 BTU) Inverter tiết kiệm điện Gas R32,Điện máy,Máy lạnh / Điều hòa,Treo tường,10000000,https://picsum.photos/seed/ac928/600/600,Công suất: 1.5 HP (12.000 BTU); Công nghệ: Inverter tiết kiệm điện; Loại Gas: R32; Chế độ gió: Tự động đảo chiều
SKU000929,Máy lạnh Daikin 2.0 HP (18.000 BTU) Tiêu chuẩn Gas R32,Điện máy,Máy lạnh / Điều hòa,Treo tường,14000000,https://picsum.photos/seed/ac929/600/600,Công suất: 2.0 HP (18.000 BTU); Công nghệ: Tiêu chuẩn; Loại Gas: R32; Chế độ gió: Tự động đảo chiều
SKU000930,Máy lạnh LG 2.0 HP (18.000 BTU) Tiêu chuẩn Gas R410A,Điện máy,Máy lạnh / Điều hòa,Treo tường,15500000,https://picsum.photos/seed/ac930/600/600,Công suất: 2.0 HP (18.000 BTU); Công nghệ: Tiêu chuẩn; Loại Gas: R410A; Chế độ gió: Tự động đảo chiều
SKU000931,Máy lạnh Casper 2.0 HP (18.000 BTU) Eco Inverter kháng khuẩn Gas R410A,Điện máy,Máy lạnh / Điều hòa,Treo tường,21500000,https://picsum.photos/seed/ac931/600/600,Công suất: 2.0 HP (18.000 BTU); Công nghệ: Eco Inverter kháng khuẩn; Loại Gas: R410A; Chế độ gió: Tự động đảo chiều
SKU000932,Máy lạnh Gree 1.5 HP (12.000 BTU) Eco Inverter kháng khuẩn Gas R410A,Điện máy,Máy lạnh / Điều hòa,Treo tường,25000000,https://picsum.photos/seed/ac932/600/600,Công suất: 1.5 HP (12.000 BTU); Công nghệ: Eco Inverter kháng khuẩn; Loại Gas: R410A; Chế độ gió: Tự động đảo chiều
SKU000933,Máy lạnh LG 2.0 HP (18.000 BTU) Tiêu chuẩn Gas R32,Điện máy,Máy lạnh / Điều hòa,Treo tường,23000000,https://picsum.photos/seed/ac933/600/600,Công suất: 2.0 HP (18.000 BTU); Công nghệ: Tiêu chuẩn; Loại Gas: R32; Chế độ gió: Tự động đảo chiều
SKU000934,Máy lạnh Gree 1.0 HP (9.000 BTU) Inverter tiết kiệm điện Gas R410A,Điện máy,Máy lạnh / Điều hòa,Treo tường,24000000,https://picsum.photos/seed/ac934/600/600,Công suất: 1.0 HP (9.000 BTU); Công nghệ: Inverter tiết kiệm điện; Loại Gas: R410A; Chế độ gió: Tự động đảo chiều
SKU000935,Máy lạnh Gree 1.5 HP (12.000 BTU) Inverter tiết kiệm điện Gas R32,Điện máy,Máy lạnh / Điều hòa,Treo tường,19000000,https://picsum.photos/seed/ac935/600/600,Công suất: 1.5 HP (12.000 BTU); Công nghệ: Inverter tiết kiệm điện; Loại Gas: R32; Chế độ gió: Tự động đảo chiều
SKU000936,Máy lạnh Panasonic 2.0 HP (18.000 BTU) Inverter tiết kiệm điện Gas R410A,Điện máy,Máy lạnh / Điều hòa,Treo tường,13500000,https://picsum.photos/seed/ac936/600/600,Công suất: 2.0 HP (18.000 BTU); Công nghệ: Inverter tiết kiệm điện; Loại Gas: R410A; Chế độ gió: Tự động đảo chiều
SKU000937,Máy lạnh LG 2.5 HP (24.000 BTU) Eco Inverter kháng khuẩn Gas R410A,Điện máy,Máy lạnh / Điều hòa,Treo tường,23000000,https://picsum.photos/seed/ac937/600/600,Công suất: 2.5 HP (24.000 BTU); Công nghệ: Eco Inverter kháng khuẩn; Loại Gas: R410A; Chế độ gió: Tự động đảo chiều
SKU000938,Máy lạnh Daikin 1.5 HP (12.000 BTU) Inverter tiết kiệm điện Gas R410A,Điện máy,Máy lạnh / Điều hòa,Treo tường,8000000,https://picsum.photos/seed/ac938/600/600,Công suất: 1.5 HP (12.000 BTU); Công nghệ: Inverter tiết kiệm điện; Loại Gas: R410A; Chế độ gió: Tự động đảo chiều
SKU000939,Máy lạnh Gree 2.0 HP (18.000 BTU) Inverter tiết kiệm điện Gas R32,Điện máy,Máy lạnh / Điều hòa,Treo tường,12500000,https://picsum.photos/seed/ac939/600/600,Công suất: 2.0 HP (18.000 BTU); Công nghệ: Inverter tiết kiệm điện; Loại Gas: R32; Chế độ gió: Tự động đảo chiều
SKU000940,Máy lạnh Gree 1.0 HP (9.000 BTU) Tiêu chuẩn Gas R410A,Điện máy,Máy lạnh / Điều hòa,Treo tường,25000000,https://picsum.photos/seed/ac940/600/600,Công suất: 1.0 HP (9.000 BTU); Công nghệ: Tiêu chuẩn; Loại Gas: R410A; Chế độ gió: Tự động đảo chiều
SKU000941,Máy lạnh Gree 1.0 HP (9.000 BTU) Tiêu chuẩn Gas R32,Điện máy,Máy lạnh / Điều hòa,Treo tường,16000000,https://picsum.photos/seed/ac941/600/600,Công suất: 1.0 HP (9.000 BTU); Công nghệ: Tiêu chuẩn; Loại Gas: R32; Chế độ gió: Tự động đảo chiều
SKU000942,Máy lạnh LG 1.0 HP (9.000 BTU) Tiêu chuẩn Gas R32,Điện máy,Máy lạnh / Điều hòa,Treo tường,19500000,https://picsum.photos/seed/ac942/600/600,Công suất: 1.0 HP (9.000 BTU); Công nghệ: Tiêu chuẩn; Loại Gas: R32; Chế độ gió: Tự động đảo chiều
SKU000943,Máy lạnh Gree 2.0 HP (18.000 BTU) Tiêu chuẩn Gas R410A,Điện máy,Máy lạnh / Điều hòa,Treo tường,20500000,https://picsum.photos/seed/ac943/600/600,Công suất: 2.0 HP (18.000 BTU); Công nghệ: Tiêu chuẩn; Loại Gas: R410A; Chế độ gió: Tự động đảo chiều
SKU000944,Máy lạnh Daikin 1.0 HP (9.000 BTU) Inverter tiết kiệm điện Gas R410A,Điện máy,Máy lạnh / Điều hòa,Treo tường,17000000,https://picsum.photos/seed/ac944/600/600,Công suất: 1.0 HP (9.000 BTU); Công nghệ: Inverter tiết kiệm điện; Loại Gas: R410A; Chế độ gió: Tự động đảo chiều
SKU000945,Máy lạnh Gree 2.0 HP (18.000 BTU) Tiêu chuẩn Gas R32,Điện máy,Máy lạnh / Điều hòa,Treo tường,15000000,https://picsum.photos/seed/ac945/600/600,Công suất: 2.0 HP (18.000 BTU); Công nghệ: Tiêu chuẩn; Loại Gas: R32; Chế độ gió: Tự động đảo chiều
SKU000946,Máy lạnh Casper 2.5 HP (24.000 BTU) Inverter tiết kiệm điện Gas R410A,Điện máy,Máy lạnh / Điều hòa,Treo tường,9000000,https://picsum.photos/seed/ac946/600/600,Công suất: 2.5 HP (24.000 BTU); Công nghệ: Inverter tiết kiệm điện; Loại Gas: R410A; Chế độ gió: Tự động đảo chiều
SKU000947,Máy lạnh Casper 2.5 HP (24.000 BTU) Tiêu chuẩn Gas R32,Điện máy,Máy lạnh / Điều hòa,Treo tường,24000000,https://picsum.photos/seed/ac947/600/600,Công suất: 2.5 HP (24.000 BTU); Công nghệ: Tiêu chuẩn; Loại Gas: R32; Chế độ gió: Tự động đảo chiều
SKU000948,Máy lạnh Gree 1.5 HP (12.000 BTU) Eco Inverter kháng khuẩn Gas R410A,Điện máy,Máy lạnh / Điều hòa,Treo tường,24500000,https://picsum.photos/seed/ac948/600/600,Công suất: 1.5 HP (12.000 BTU); Công nghệ: Eco Inverter kháng khuẩn; Loại Gas: R410A; Chế độ gió: Tự động đảo chiều
SKU000949,Máy lạnh Gree 2.5 HP (24.000 BTU) Eco Inverter kháng khuẩn Gas R410A,Điện máy,Máy lạnh / Điều hòa,Treo tường,19500000,https://picsum.photos/seed/ac949/600/600,Công suất: 2.5 HP (24.000 BTU); Công nghệ: Eco Inverter kháng khuẩn; Loại Gas: R410A; Chế độ gió: Tự động đảo chiều
SKU000950,Máy lạnh Casper 2.5 HP (24.000 BTU) Inverter tiết kiệm điện Gas R410A,Điện máy,Máy lạnh / Điều hòa,Treo tường,16000000,https://picsum.photos/seed/ac950/600/600,Công suất: 2.5 HP (24.000 BTU); Công nghệ: Inverter tiết kiệm điện; Loại Gas: R410A; Chế độ gió: Tự động đảo chiều
SKU000951,Máy lạnh Casper 1.5 HP (12.000 BTU) Inverter tiết kiệm điện Gas R410A,Điện máy,Máy lạnh / Điều hòa,Treo tường,24500000,https://picsum.photos/seed/ac951/600/600,Công suất: 1.5 HP (12.000 BTU); Công nghệ: Inverter tiết kiệm điện; Loại Gas: R410A; Chế độ gió: Tự động đảo chiều
SKU000952,Máy lạnh Gree 1.0 HP (9.000 BTU) Inverter tiết kiệm điện Gas R32,Điện máy,Máy lạnh / Điều hòa,Treo tường,23500000,https://picsum.photos/seed/ac952/600/600,Công suất: 1.0 HP (9.000 BTU); Công nghệ: Inverter tiết kiệm điện; Loại Gas: R32; Chế độ gió: Tự động đảo chiều
SKU000953,Máy lạnh Daikin 1.5 HP (12.000 BTU) Tiêu chuẩn Gas R32,Điện máy,Máy lạnh / Điều hòa,Treo tường,14000000,https://picsum.photos/seed/ac953/600/600,Công suất: 1.5 HP (12.000 BTU); Công nghệ: Tiêu chuẩn; Loại Gas: R32; Chế độ gió: Tự động đảo chiều
SKU000954,Máy lạnh Daikin 2.5 HP (24.000 BTU) Tiêu chuẩn Gas R410A,Điện máy,Máy lạnh / Điều hòa,Treo tường,10000000,https://picsum.photos/seed/ac954/600/600,Công suất: 2.5 HP (24.000 BTU); Công nghệ: Tiêu chuẩn; Loại Gas: R410A; Chế độ gió: Tự động đảo chiều
SKU000955,Máy lạnh LG 1.5 HP (12.000 BTU) Inverter tiết kiệm điện Gas R410A,Điện máy,Máy lạnh / Điều hòa,Treo tường,21500000,https://picsum.photos/seed/ac955/600/600,Công suất: 1.5 HP (12.000 BTU); Công nghệ: Inverter tiết kiệm điện; Loại Gas: R410A; Chế độ gió: Tự động đảo chiều
SKU000956,Máy lạnh Daikin 2.5 HP (24.000 BTU) Eco Inverter kháng khuẩn Gas R32,Điện máy,Máy lạnh / Điều hòa,Treo tường,6000000,https://picsum.photos/seed/ac956/600/600,Công suất: 2.5 HP (24.000 BTU); Công nghệ: Eco Inverter kháng khuẩn; Loại Gas: R32; Chế độ gió: Tự động đảo chiều
SKU000957,Máy lạnh Panasonic 2.0 HP (18.000 BTU) Tiêu chuẩn Gas R410A,Điện máy,Máy lạnh / Điều hòa,Treo tường,15500000,https://picsum.photos/seed/ac957/600/600,Công suất: 2.0 HP (18.000 BTU); Công nghệ: Tiêu chuẩn; Loại Gas: R410A; Chế độ gió: Tự động đảo chiều
SKU000958,Máy lạnh LG 2.5 HP (24.000 BTU) Inverter tiết kiệm điện Gas R410A,Điện máy,Máy lạnh / Điều hòa,Treo tường,20500000,https://picsum.photos/seed/ac958/600/600,Công suất: 2.5 HP (24.000 BTU); Công nghệ: Inverter tiết kiệm điện; Loại Gas: R410A; Chế độ gió: Tự động đảo chiều
SKU000959,Máy lạnh Casper 1.0 HP (9.000 BTU) Inverter tiết kiệm điện Gas R32,Điện máy,Máy lạnh / Điều hòa,Treo tường,18500000,https://picsum.photos/seed/ac959/600/600,Công suất: 1.0 HP (9.000 BTU); Công nghệ: Inverter tiết kiệm điện; Loại Gas: R32; Chế độ gió: Tự động đảo chiều
SKU000960,Máy lạnh Casper 1.0 HP (9.000 BTU) Inverter tiết kiệm điện Gas R32,Điện máy,Máy lạnh / Điều hòa,Treo tường,8000000,https://picsum.photos/seed/ac960/600/600,Công suất: 1.0 HP (9.000 BTU); Công nghệ: Inverter tiết kiệm điện; Loại Gas: R32; Chế độ gió: Tự động đảo chiều
SKU000961,Máy lạnh Daikin 2.0 HP (18.000 BTU) Inverter tiết kiệm điện Gas R410A,Điện máy,Máy lạnh / Điều hòa,Treo tường,23000000,https://picsum.photos/seed/ac961/600/600,Công suất: 2.0 HP (18.000 BTU); Công nghệ: Inverter tiết kiệm điện; Loại Gas: R410A; Chế độ gió: Tự động đảo chiều
SKU000962,Máy lạnh Gree 1.5 HP (12.000 BTU) Inverter tiết kiệm điện Gas R32,Điện máy,Máy lạnh / Điều hòa,Treo tường,15500000,https://picsum.photos/seed/ac962/600/600,Công suất: 1.5 HP (12.000 BTU); Công nghệ: Inverter tiết kiệm điện; Loại Gas: R32; Chế độ gió: Tự động đảo chiều
SKU000963,Máy lạnh LG 2.5 HP (24.000 BTU) Eco Inverter kháng khuẩn Gas R410A,Điện máy,Máy lạnh / Điều hòa,Treo tường,12000000,https://picsum.photos/seed/ac963/600/600,Công suất: 2.5 HP (24.000 BTU); Công nghệ: Eco Inverter kháng khuẩn; Loại Gas: R410A; Chế độ gió: Tự động đảo chiều
SKU000964,Máy lạnh Casper 2.5 HP (24.000 BTU) Inverter tiết kiệm điện Gas R32,Điện máy,Máy lạnh / Điều hòa,Treo tường,10000000,https://picsum.photos/seed/ac964/600/600,Công suất: 2.5 HP (24.000 BTU); Công nghệ: Inverter tiết kiệm điện; Loại Gas: R32; Chế độ gió: Tự động đảo chiều
SKU000965,Máy lạnh Casper 1.0 HP (9.000 BTU) Tiêu chuẩn Gas R32,Điện máy,Máy lạnh / Điều hòa,Treo tường,16500000,https://picsum.photos/seed/ac965/600/600,Công suất: 1.0 HP (9.000 BTU); Công nghệ: Tiêu chuẩn; Loại Gas: R32; Chế độ gió: Tự động đảo chiều
SKU000966,Máy lạnh Panasonic 2.5 HP (24.000 BTU) Inverter tiết kiệm điện Gas R32,Điện máy,Máy lạnh / Điều hòa,Treo tường,16500000,https://picsum.photos/seed/ac966/600/600,Công suất: 2.5 HP (24.000 BTU); Công nghệ: Inverter tiết kiệm điện; Loại Gas: R32; Chế độ gió: Tự động đảo chiều
SKU000967,Máy lạnh Daikin 2.0 HP (18.000 BTU) Inverter tiết kiệm điện Gas R410A,Điện máy,Máy lạnh / Điều hòa,Treo tường,25000000,https://picsum.photos/seed/ac967/600/600,Công suất: 2.0 HP (18.000 BTU); Công nghệ: Inverter tiết kiệm điện; Loại Gas: R410A; Chế độ gió: Tự động đảo chiều
SKU000968,Máy lạnh Gree 1.5 HP (12.000 BTU) Inverter tiết kiệm điện Gas R32,Điện máy,Máy lạnh / Điều hòa,Treo tường,7000000,https://picsum.photos/seed/ac968/600/600,Công suất: 1.5 HP (12.000 BTU); Công nghệ: Inverter tiết kiệm điện; Loại Gas: R32; Chế độ gió: Tự động đảo chiều
SKU000969,Máy lạnh Panasonic 1.0 HP (9.000 BTU) Inverter tiết kiệm điện Gas R410A,Điện máy,Máy lạnh / Điều hòa,Treo tường,6500000,https://picsum.photos/seed/ac969/600/600,Công suất: 1.0 HP (9.000 BTU); Công nghệ: Inverter tiết kiệm điện; Loại Gas: R410A; Chế độ gió: Tự động đảo chiều
SKU000970,Máy lạnh Gree 1.0 HP (9.000 BTU) Inverter tiết kiệm điện Gas R32,Điện máy,Máy lạnh / Điều hòa,Treo tường,8500000,https://picsum.photos/seed/ac970/600/600,Công suất: 1.0 HP (9.000 BTU); Công nghệ: Inverter tiết kiệm điện; Loại Gas: R32; Chế độ gió: Tự động đảo chiều
SKU000971,Máy lạnh Casper 1.0 HP (9.000 BTU) Tiêu chuẩn Gas R32,Điện máy,Máy lạnh / Điều hòa,Treo tường,9500000,https://picsum.photos/seed/ac971/600/600,Công suất: 1.0 HP (9.000 BTU); Công nghệ: Tiêu chuẩn; Loại Gas: R32; Chế độ gió: Tự động đảo chiều
SKU000972,Máy lạnh Gree 2.5 HP (24.000 BTU) Eco Inverter kháng khuẩn Gas R410A,Điện máy,Máy lạnh / Điều hòa,Treo tường,17500000,https://picsum.photos/seed/ac972/600/600,Công suất: 2.5 HP (24.000 BTU); Công nghệ: Eco Inverter kháng khuẩn; Loại Gas: R410A; Chế độ gió: Tự động đảo chiều
SKU000973,Máy lạnh Daikin 1.5 HP (12.000 BTU) Eco Inverter kháng khuẩn Gas R32,Điện máy,Máy lạnh / Điều hòa,Treo tường,22000000,https://picsum.photos/seed/ac973/600/600,Công suất: 1.5 HP (12.000 BTU); Công nghệ: Eco Inverter kháng khuẩn; Loại Gas: R32; Chế độ gió: Tự động đảo chiều
SKU000974,Máy lạnh Gree 2.5 HP (24.000 BTU) Eco Inverter kháng khuẩn Gas R32,Điện máy,Máy lạnh / Điều hòa,Treo tường,23500000,https://picsum.photos/seed/ac974/600/600,Công suất: 2.5 HP (24.000 BTU); Công nghệ: Eco Inverter kháng khuẩn; Loại Gas: R32; Chế độ gió: Tự động đảo chiều
SKU000975,Máy lạnh Casper 1.0 HP (9.000 BTU) Eco Inverter kháng khuẩn Gas R32,Điện máy,Máy lạnh / Điều hòa,Treo tường,13000000,https://picsum.photos/seed/ac975/600/600,Công suất: 1.0 HP (9.000 BTU); Công nghệ: Eco Inverter kháng khuẩn; Loại Gas: R32; Chế độ gió: Tự động đảo chiều
SKU000976,Máy lạnh Daikin 1.5 HP (12.000 BTU) Inverter tiết kiệm điện Gas R410A,Điện máy,Máy lạnh / Điều hòa,Treo tường,10000000,https://picsum.photos/seed/ac976/600/600,Công suất: 1.5 HP (12.000 BTU); Công nghệ: Inverter tiết kiệm điện; Loại Gas: R410A; Chế độ gió: Tự động đảo chiều
SKU000977,Máy lạnh LG 2.0 HP (18.000 BTU) Tiêu chuẩn Gas R410A,Điện máy,Máy lạnh / Điều hòa,Treo tường,22000000,https://picsum.photos/seed/ac977/600/600,Công suất: 2.0 HP (18.000 BTU); Công nghệ: Tiêu chuẩn; Loại Gas: R410A; Chế độ gió: Tự động đảo chiều
SKU000978,Máy lạnh Panasonic 2.5 HP (24.000 BTU) Inverter tiết kiệm điện Gas R410A,Điện máy,Máy lạnh / Điều hòa,Treo tường,9000000,https://picsum.photos/seed/ac978/600/600,Công suất: 2.5 HP (24.000 BTU); Công nghệ: Inverter tiết kiệm điện; Loại Gas: R410A; Chế độ gió: Tự động đảo chiều
SKU000979,Máy lạnh LG 1.0 HP (9.000 BTU) Tiêu chuẩn Gas R410A,Điện máy,Máy lạnh / Điều hòa,Treo tường,25000000,https://picsum.photos/seed/ac979/600/600,Công suất: 1.0 HP (9.000 BTU); Công nghệ: Tiêu chuẩn; Loại Gas: R410A; Chế độ gió: Tự động đảo chiều
SKU000980,Máy lạnh Casper 2.0 HP (18.000 BTU) Inverter tiết kiệm điện Gas R410A,Điện máy,Máy lạnh / Điều hòa,Treo tường,19000000,https://picsum.photos/seed/ac980/600/600,Công suất: 2.0 HP (18.000 BTU); Công nghệ: Inverter tiết kiệm điện; Loại Gas: R410A; Chế độ gió: Tự động đảo chiều
SKU000981,Máy lạnh Casper 2.0 HP (18.000 BTU) Eco Inverter kháng khuẩn Gas R410A,Điện máy,Máy lạnh / Điều hòa,Treo tường,13000000,https://picsum.photos/seed/ac981/600/600,Công suất: 2.0 HP (18.000 BTU); Công nghệ: Eco Inverter kháng khuẩn; Loại Gas: R410A; Chế độ gió: Tự động đảo chiều
SKU000982,Máy lạnh Casper 1.0 HP (9.000 BTU) Eco Inverter kháng khuẩn Gas R32,Điện máy,Máy lạnh / Điều hòa,Treo tường,6500000,https://picsum.photos/seed/ac982/600/600,Công suất: 1.0 HP (9.000 BTU); Công nghệ: Eco Inverter kháng khuẩn; Loại Gas: R32; Chế độ gió: Tự động đảo chiều
SKU000983,Máy lạnh Gree 2.0 HP (18.000 BTU) Tiêu chuẩn Gas R410A,Điện máy,Máy lạnh / Điều hòa,Treo tường,10500000,https://picsum.photos/seed/ac983/600/600,Công suất: 2.0 HP (18.000 BTU); Công nghệ: Tiêu chuẩn; Loại Gas: R410A; Chế độ gió: Tự động đảo chiều
SKU000984,Máy lạnh LG 1.0 HP (9.000 BTU) Eco Inverter kháng khuẩn Gas R410A,Điện máy,Máy lạnh / Điều hòa,Treo tường,7000000,https://picsum.photos/seed/ac984/600/600,Công suất: 1.0 HP (9.000 BTU); Công nghệ: Eco Inverter kháng khuẩn; Loại Gas: R410A; Chế độ gió: Tự động đảo chiều
SKU000985,Máy lạnh Panasonic 2.0 HP (18.000 BTU) Eco Inverter kháng khuẩn Gas R410A,Điện máy,Máy lạnh / Điều hòa,Treo tường,18500000,https://picsum.photos/seed/ac985/600/600,Công suất: 2.0 HP (18.000 BTU); Công nghệ: Eco Inverter kháng khuẩn; Loại Gas: R410A; Chế độ gió: Tự động đảo chiều
SKU000986,Máy lạnh Casper 2.0 HP (18.000 BTU) Inverter tiết kiệm điện Gas R410A,Điện máy,Máy lạnh / Điều hòa,Treo tường,10000000,https://picsum.photos/seed/ac986/600/600,Công suất: 2.0 HP (18.000 BTU); Công nghệ: Inverter tiết kiệm điện; Loại Gas: R410A; Chế độ gió: Tự động đảo chiều
SKU000987,Máy lạnh Daikin 2.5 HP (24.000 BTU) Eco Inverter kháng khuẩn Gas R410A,Điện máy,Máy lạnh / Điều hòa,Treo tường,22500000,https://picsum.photos/seed/ac987/600/600,Công suất: 2.5 HP (24.000 BTU); Công nghệ: Eco Inverter kháng khuẩn; Loại Gas: R410A; Chế độ gió: Tự động đảo chiều
SKU000988,Máy lạnh Daikin 2.0 HP (18.000 BTU) Eco Inverter kháng khuẩn Gas R410A,Điện máy,Máy lạnh / Điều hòa,Treo tường,7500000,https://picsum.photos/seed/ac988/600/600,Công suất: 2.0 HP (18.000 BTU); Công nghệ: Eco Inverter kháng khuẩn; Loại Gas: R410A; Chế độ gió: Tự động đảo chiều
SKU000989,Máy lạnh LG 1.5 HP (12.000 BTU) Eco Inverter kháng khuẩn Gas R32,Điện máy,Máy lạnh / Điều hòa,Treo tường,17500000,https://picsum.photos/seed/ac989/600/600,Công suất: 1.5 HP (12.000 BTU); Công nghệ: Eco Inverter kháng khuẩn; Loại Gas: R32; Chế độ gió: Tự động đảo chiều
SKU000990,Máy lạnh Daikin 2.0 HP (18.000 BTU) Tiêu chuẩn Gas R410A,Điện máy,Máy lạnh / Điều hòa,Treo tường,11500000,https://picsum.photos/seed/ac990/600/600,Công suất: 2.0 HP (18.000 BTU); Công nghệ: Tiêu chuẩn; Loại Gas: R410A; Chế độ gió: Tự động đảo chiều
SKU000991,Máy lạnh Gree 2.5 HP (24.000 BTU) Eco Inverter kháng khuẩn Gas R32,Điện máy,Máy lạnh / Điều hòa,Treo tường,13000000,https://picsum.photos/seed/ac991/600/600,Công suất: 2.5 HP (24.000 BTU); Công nghệ: Eco Inverter kháng khuẩn; Loại Gas: R32; Chế độ gió: Tự động đảo chiều
SKU000992,Máy lạnh LG 2.5 HP (24.000 BTU) Tiêu chuẩn Gas R410A,Điện máy,Máy lạnh / Điều hòa,Treo tường,8500000,https://picsum.photos/seed/ac992/600/600,Công suất: 2.5 HP (24.000 BTU); Công nghệ: Tiêu chuẩn; Loại Gas: R410A; Chế độ gió: Tự động đảo chiều
SKU000993,Máy lạnh Panasonic 1.5 HP (12.000 BTU) Tiêu chuẩn Gas R410A,Điện máy,Máy lạnh / Điều hòa,Treo tường,9500000,https://picsum.photos/seed/ac993/600/600,Công suất: 1.5 HP (12.000 BTU); Công nghệ: Tiêu chuẩn; Loại Gas: R410A; Chế độ gió: Tự động đảo chiều
SKU000994,Máy lạnh Panasonic 1.0 HP (9.000 BTU) Inverter tiết kiệm điện Gas R32,Điện máy,Máy lạnh / Điều hòa,Treo tường,9000000,https://picsum.photos/seed/ac994/600/600,Công suất: 1.0 HP (9.000 BTU); Công nghệ: Inverter tiết kiệm điện; Loại Gas: R32; Chế độ gió: Tự động đảo chiều
SKU000995,Máy lạnh Gree 1.0 HP (9.000 BTU) Inverter tiết kiệm điện Gas R32,Điện máy,Máy lạnh / Điều hòa,Treo tường,14000000,https://picsum.photos/seed/ac995/600/600,Công suất: 1.0 HP (9.000 BTU); Công nghệ: Inverter tiết kiệm điện; Loại Gas: R32; Chế độ gió: Tự động đảo chiều
SKU000996,Máy lạnh Gree 2.0 HP (18.000 BTU) Eco Inverter kháng khuẩn Gas R410A,Điện máy,Máy lạnh / Điều hòa,Treo tường,22000000,https://picsum.photos/seed/ac996/600/600,Công suất: 2.0 HP (18.000 BTU); Công nghệ: Eco Inverter kháng khuẩn; Loại Gas: R410A; Chế độ gió: Tự động đảo chiều
SKU000997,Máy lạnh Casper 2.5 HP (24.000 BTU) Tiêu chuẩn Gas R410A,Điện máy,Máy lạnh / Điều hòa,Treo tường,17000000,https://picsum.photos/seed/ac997/600/600,Công suất: 2.5 HP (24.000 BTU); Công nghệ: Tiêu chuẩn; Loại Gas: R410A; Chế độ gió: Tự động đảo chiều
SKU000998,Máy lạnh LG 2.0 HP (18.000 BTU) Inverter tiết kiệm điện Gas R410A,Điện máy,Máy lạnh / Điều hòa,Treo tường,16500000,https://picsum.photos/seed/ac998/600/600,Công suất: 2.0 HP (18.000 BTU); Công nghệ: Inverter tiết kiệm điện; Loại Gas: R410A; Chế độ gió: Tự động đảo chiều
SKU000999,Máy lạnh Daikin 1.5 HP (12.000 BTU) Inverter tiết kiệm điện Gas R410A,Điện máy,Máy lạnh / Điều hòa,Treo tường,17500000,https://picsum.photos/seed/ac999/600/600,Công suất: 1.5 HP (12.000 BTU); Công nghệ: Inverter tiết kiệm điện; Loại Gas: R410A; Chế độ gió: Tự động đảo chiều
SKU001000,Máy lạnh Gree 2.5 HP (24.000 BTU) Inverter tiết kiệm điện Gas R410A,Điện máy,Máy lạnh / Điều hòa,Treo tường,9000000,https://picsum.photos/seed/ac1000/600/600,Công suất: 2.5 HP (24.000 BTU); Công nghệ: Inverter tiết kiệm điện; Loại Gas: R410A; Chế độ gió: Tự động đảo chiều
SKU001001,Máy lạnh Panasonic 2.5 HP (24.000 BTU) Tiêu chuẩn Gas R32,Điện máy,Máy lạnh / Điều hòa,Treo tường,19000000,https://picsum.photos/seed/ac1001/600/600,Công suất: 2.5 HP (24.000 BTU); Công nghệ: Tiêu chuẩn; Loại Gas: R32; Chế độ gió: Tự động đảo chiều
SKU001002,Máy lạnh Panasonic 1.5 HP (12.000 BTU) Inverter tiết kiệm điện Gas R32,Điện máy,Máy lạnh / Điều hòa,Treo tường,12000000,https://picsum.photos/seed/ac1002/600/600,Công suất: 1.5 HP (12.000 BTU); Công nghệ: Inverter tiết kiệm điện; Loại Gas: R32; Chế độ gió: Tự động đảo chiều
SKU001003,Máy lạnh Casper 2.0 HP (18.000 BTU) Tiêu chuẩn Gas R410A,Điện máy,Máy lạnh / Điều hòa,Treo tường,25000000,https://picsum.photos/seed/ac1003/600/600,Công suất: 2.0 HP (18.000 BTU); Công nghệ: Tiêu chuẩn; Loại Gas: R410A; Chế độ gió: Tự động đảo chiều
SKU001004,Máy lạnh Panasonic 1.5 HP (12.000 BTU) Inverter tiết kiệm điện Gas R410A,Điện máy,Máy lạnh / Điều hòa,Treo tường,17000000,https://picsum.photos/seed/ac1004/600/600,Công suất: 1.5 HP (12.000 BTU); Công nghệ: Inverter tiết kiệm điện; Loại Gas: R410A; Chế độ gió: Tự động đảo chiều
SKU001005,Máy lạnh LG 1.5 HP (12.000 BTU) Eco Inverter kháng khuẩn Gas R410A,Điện máy,Máy lạnh / Điều hòa,Treo tường,10500000,https://picsum.photos/seed/ac1005/600/600,Công suất: 1.5 HP (12.000 BTU); Công nghệ: Eco Inverter kháng khuẩn; Loại Gas: R410A; Chế độ gió: Tự động đảo chiều
SKU001006,Máy lạnh Gree 2.0 HP (18.000 BTU) Inverter tiết kiệm điện Gas R410A,Điện máy,Máy lạnh / Điều hòa,Treo tường,21500000,https://picsum.photos/seed/ac1006/600/600,Công suất: 2.0 HP (18.000 BTU); Công nghệ: Inverter tiết kiệm điện; Loại Gas: R410A; Chế độ gió: Tự động đảo chiều
SKU001007,Máy lạnh Daikin 1.0 HP (9.000 BTU) Eco Inverter kháng khuẩn Gas R410A,Điện máy,Máy lạnh / Điều hòa,Treo tường,23500000,https://picsum.photos/seed/ac1007/600/600,Công suất: 1.0 HP (9.000 BTU); Công nghệ: Eco Inverter kháng khuẩn; Loại Gas: R410A; Chế độ gió: Tự động đảo chiều
SKU001008,Máy lạnh Casper 2.5 HP (24.000 BTU) Eco Inverter kháng khuẩn Gas R32,Điện máy,Máy lạnh / Điều hòa,Treo tường,19500000,https://picsum.photos/seed/ac1008/600/600,Công suất: 2.5 HP (24.000 BTU); Công nghệ: Eco Inverter kháng khuẩn; Loại Gas: R32; Chế độ gió: Tự động đảo chiều
SKU001009,Máy lạnh Panasonic 1.5 HP (12.000 BTU) Inverter tiết kiệm điện Gas R32,Điện máy,Máy lạnh / Điều hòa,Treo tường,17000000,https://picsum.photos/seed/ac1009/600/600,Công suất: 1.5 HP (12.000 BTU); Công nghệ: Inverter tiết kiệm điện; Loại Gas: R32; Chế độ gió: Tự động đảo chiều
SKU001010,Máy lạnh Panasonic 1.0 HP (9.000 BTU) Inverter tiết kiệm điện Gas R32,Điện máy,Máy lạnh / Điều hòa,Treo tường,14500000,https://picsum.photos/seed/ac1010/600/600,Công suất: 1.0 HP (9.000 BTU); Công nghệ: Inverter tiết kiệm điện; Loại Gas: R32; Chế độ gió: Tự động đảo chiều
SKU001011,Máy lạnh LG 1.5 HP (12.000 BTU) Eco Inverter kháng khuẩn Gas R410A,Điện máy,Máy lạnh / Điều hòa,Treo tường,22000000,https://picsum.photos/seed/ac1011/600/600,Công suất: 1.5 HP (12.000 BTU); Công nghệ: Eco Inverter kháng khuẩn; Loại Gas: R410A; Chế độ gió: Tự động đảo chiều
SKU001012,Máy lạnh LG 2.5 HP (24.000 BTU) Eco Inverter kháng khuẩn Gas R410A,Điện máy,Máy lạnh / Điều hòa,Treo tường,11000000,https://picsum.photos/seed/ac1012/600/600,Công suất: 2.5 HP (24.000 BTU); Công nghệ: Eco Inverter kháng khuẩn; Loại Gas: R410A; Chế độ gió: Tự động đảo chiều
SKU001013,Máy lạnh Gree 2.5 HP (24.000 BTU) Inverter tiết kiệm điện Gas R410A,Điện máy,Máy lạnh / Điều hòa,Treo tường,15500000,https://picsum.photos/seed/ac1013/600/600,Công suất: 2.5 HP (24.000 BTU); Công nghệ: Inverter tiết kiệm điện; Loại Gas: R410A; Chế độ gió: Tự động đảo chiều
SKU001014,Máy lạnh Panasonic 2.5 HP (24.000 BTU) Tiêu chuẩn Gas R410A,Điện máy,Máy lạnh / Điều hòa,Treo tường,22000000,https://picsum.photos/seed/ac1014/600/600,Công suất: 2.5 HP (24.000 BTU); Công nghệ: Tiêu chuẩn; Loại Gas: R410A; Chế độ gió: Tự động đảo chiều
SKU001015,Máy lạnh Daikin 2.0 HP (18.000 BTU) Eco Inverter kháng khuẩn Gas R32,Điện máy,Máy lạnh / Điều hòa,Treo tường,8500000,https://picsum.photos/seed/ac1015/600/600,Công suất: 2.0 HP (18.000 BTU); Công nghệ: Eco Inverter kháng khuẩn; Loại Gas: R32; Chế độ gió: Tự động đảo chiều
SKU001016,Máy lạnh Daikin 2.0 HP (18.000 BTU) Inverter tiết kiệm điện Gas R410A,Điện máy,Máy lạnh / Điều hòa,Treo tường,22000000,https://picsum.photos/seed/ac1016/600/600,Công suất: 2.0 HP (18.000 BTU); Công nghệ: Inverter tiết kiệm điện; Loại Gas: R410A; Chế độ gió: Tự động đảo chiều
SKU001017,Máy lạnh Panasonic 1.0 HP (9.000 BTU) Inverter tiết kiệm điện Gas R32,Điện máy,Máy lạnh / Điều hòa,Treo tường,19500000,https://picsum.photos/seed/ac1017/600/600,Công suất: 1.0 HP (9.000 BTU); Công nghệ: Inverter tiết kiệm điện; Loại Gas: R32; Chế độ gió: Tự động đảo chiều
SKU001018,Máy lạnh Daikin 2.0 HP (18.000 BTU) Eco Inverter kháng khuẩn Gas R410A,Điện máy,Máy lạnh / Điều hòa,Treo tường,13500000,https://picsum.photos/seed/ac1018/600/600,Công suất: 2.0 HP (18.000 BTU); Công nghệ: Eco Inverter kháng khuẩn; Loại Gas: R410A; Chế độ gió: Tự động đảo chiều
SKU001019,Máy lạnh Panasonic 1.0 HP (9.000 BTU) Tiêu chuẩn Gas R32,Điện máy,Máy lạnh / Điều hòa,Treo tường,25000000,https://picsum.photos/seed/ac1019/600/600,Công suất: 1.0 HP (9.000 BTU); Công nghệ: Tiêu chuẩn; Loại Gas: R32; Chế độ gió: Tự động đảo chiều
SKU001020,Máy lạnh LG 2.5 HP (24.000 BTU) Tiêu chuẩn Gas R410A,Điện máy,Máy lạnh / Điều hòa,Treo tường,13000000,https://picsum.photos/seed/ac1020/600/600,Công suất: 2.5 HP (24.000 BTU); Công nghệ: Tiêu chuẩn; Loại Gas: R410A; Chế độ gió: Tự động đảo chiều
SKU001021,Máy lạnh Daikin 2.0 HP (18.000 BTU) Inverter tiết kiệm điện Gas R32,Điện máy,Máy lạnh / Điều hòa,Treo tường,24000000,https://picsum.photos/seed/ac1021/600/600,Công suất: 2.0 HP (18.000 BTU); Công nghệ: Inverter tiết kiệm điện; Loại Gas: R32; Chế độ gió: Tự động đảo chiều
SKU001022,Máy lạnh LG 1.5 HP (12.000 BTU) Tiêu chuẩn Gas R410A,Điện máy,Máy lạnh / Điều hòa,Treo tường,12000000,https://picsum.photos/seed/ac1022/600/600,Công suất: 1.5 HP (12.000 BTU); Công nghệ: Tiêu chuẩn; Loại Gas: R410A; Chế độ gió: Tự động đảo chiều
SKU001023,Máy lạnh Panasonic 1.0 HP (9.000 BTU) Inverter tiết kiệm điện Gas R410A,Điện máy,Máy lạnh / Điều hòa,Treo tường,12500000,https://picsum.photos/seed/ac1023/600/600,Công suất: 1.0 HP (9.000 BTU); Công nghệ: Inverter tiết kiệm điện; Loại Gas: R410A; Chế độ gió: Tự động đảo chiều
SKU001024,Máy lạnh Daikin 2.5 HP (24.000 BTU) Inverter tiết kiệm điện Gas R32,Điện máy,Máy lạnh / Điều hòa,Treo tường,15500000,https://picsum.photos/seed/ac1024/600/600,Công suất: 2.5 HP (24.000 BTU); Công nghệ: Inverter tiết kiệm điện; Loại Gas: R32; Chế độ gió: Tự động đảo chiều
SKU001025,Máy lạnh Casper 2.5 HP (24.000 BTU) Tiêu chuẩn Gas R410A,Điện máy,Máy lạnh / Điều hòa,Treo tường,20500000,https://picsum.photos/seed/ac1025/600/600,Công suất: 2.5 HP (24.000 BTU); Công nghệ: Tiêu chuẩn; Loại Gas: R410A; Chế độ gió: Tự động đảo chiều
SKU001026,Máy lạnh LG 2.0 HP (18.000 BTU) Eco Inverter kháng khuẩn Gas R410A,Điện máy,Máy lạnh / Điều hòa,Treo tường,8000000,https://picsum.photos/seed/ac1026/600/600,Công suất: 2.0 HP (18.000 BTU); Công nghệ: Eco Inverter kháng khuẩn; Loại Gas: R410A; Chế độ gió: Tự động đảo chiều
SKU001027,Máy lạnh Daikin 1.0 HP (9.000 BTU) Tiêu chuẩn Gas R410A,Điện máy,Máy lạnh / Điều hòa,Treo tường,19000000,https://picsum.photos/seed/ac1027/600/600,Công suất: 1.0 HP (9.000 BTU); Công nghệ: Tiêu chuẩn; Loại Gas: R410A; Chế độ gió: Tự động đảo chiều
SKU001028,Máy lạnh Gree 2.0 HP (18.000 BTU) Eco Inverter kháng khuẩn Gas R32,Điện máy,Máy lạnh / Điều hòa,Treo tường,25000000,https://picsum.photos/seed/ac1028/600/600,Công suất: 2.0 HP (18.000 BTU); Công nghệ: Eco Inverter kháng khuẩn; Loại Gas: R32; Chế độ gió: Tự động đảo chiều
SKU001029,Máy lạnh Daikin 1.0 HP (9.000 BTU) Inverter tiết kiệm điện Gas R32,Điện máy,Máy lạnh / Điều hòa,Treo tường,11500000,https://picsum.photos/seed/ac1029/600/600,Công suất: 1.0 HP (9.000 BTU); Công nghệ: Inverter tiết kiệm điện; Loại Gas: R32; Chế độ gió: Tự động đảo chiều
SKU001030,Máy lạnh Daikin 1.5 HP (12.000 BTU) Tiêu chuẩn Gas R32,Điện máy,Máy lạnh / Điều hòa,Treo tường,11000000,https://picsum.photos/seed/ac1030/600/600,Công suất: 1.5 HP (12.000 BTU); Công nghệ: Tiêu chuẩn; Loại Gas: R32; Chế độ gió: Tự động đảo chiều
SKU001031,Máy lạnh LG 1.0 HP (9.000 BTU) Tiêu chuẩn Gas R410A,Điện máy,Máy lạnh / Điều hòa,Treo tường,14000000,https://picsum.photos/seed/ac1031/600/600,Công suất: 1.0 HP (9.000 BTU); Công nghệ: Tiêu chuẩn; Loại Gas: R410A; Chế độ gió: Tự động đảo chiều
SKU001032,Máy lạnh Gree 1.0 HP (9.000 BTU) Inverter tiết kiệm điện Gas R410A,Điện máy,Máy lạnh / Điều hòa,Treo tường,15500000,https://picsum.photos/seed/ac1032/600/600,Công suất: 1.0 HP (9.000 BTU); Công nghệ: Inverter tiết kiệm điện; Loại Gas: R410A; Chế độ gió: Tự động đảo chiều
SKU001033,Máy lạnh Daikin 2.0 HP (18.000 BTU) Tiêu chuẩn Gas R410A,Điện máy,Máy lạnh / Điều hòa,Treo tường,8000000,https://picsum.photos/seed/ac1033/600/600,Công suất: 2.0 HP (18.000 BTU); Công nghệ: Tiêu chuẩn; Loại Gas: R410A; Chế độ gió: Tự động đảo chiều
SKU001034,Máy lạnh LG 1.0 HP (9.000 BTU) Tiêu chuẩn Gas R32,Điện máy,Máy lạnh / Điều hòa,Treo tường,19000000,https://picsum.photos/seed/ac1034/600/600,Công suất: 1.0 HP (9.000 BTU); Công nghệ: Tiêu chuẩn; Loại Gas: R32; Chế độ gió: Tự động đảo chiều
SKU001035,Máy lạnh Gree 2.5 HP (24.000 BTU) Tiêu chuẩn Gas R32,Điện máy,Máy lạnh / Điều hòa,Treo tường,9500000,https://picsum.photos/seed/ac1035/600/600,Công suất: 2.5 HP (24.000 BTU); Công nghệ: Tiêu chuẩn; Loại Gas: R32; Chế độ gió: Tự động đảo chiều
SKU001036,Máy lạnh Panasonic 2.0 HP (18.000 BTU) Tiêu chuẩn Gas R32,Điện máy,Máy lạnh / Điều hòa,Treo tường,13500000,https://picsum.photos/seed/ac1036/600/600,Công suất: 2.0 HP (18.000 BTU); Công nghệ: Tiêu chuẩn; Loại Gas: R32; Chế độ gió: Tự động đảo chiều
SKU001037,Máy lạnh Gree 2.5 HP (24.000 BTU) Eco Inverter kháng khuẩn Gas R32,Điện máy,Máy lạnh / Điều hòa,Treo tường,18500000,https://picsum.photos/seed/ac1037/600/600,Công suất: 2.5 HP (24.000 BTU); Công nghệ: Eco Inverter kháng khuẩn; Loại Gas: R32; Chế độ gió: Tự động đảo chiều
SKU001038,Máy lạnh Panasonic 2.5 HP (24.000 BTU) Inverter tiết kiệm điện Gas R32,Điện máy,Máy lạnh / Điều hòa,Treo tường,18000000,https://picsum.photos/seed/ac1038/600/600,Công suất: 2.5 HP (24.000 BTU); Công nghệ: Inverter tiết kiệm điện; Loại Gas: R32; Chế độ gió: Tự động đảo chiều
SKU001039,Máy lạnh Gree 1.0 HP (9.000 BTU) Inverter tiết kiệm điện Gas R32,Điện máy,Máy lạnh / Điều hòa,Treo tường,19000000,https://picsum.photos/seed/ac1039/600/600,Công suất: 1.0 HP (9.000 BTU); Công nghệ: Inverter tiết kiệm điện; Loại Gas: R32; Chế độ gió: Tự động đảo chiều
SKU001040,Máy lạnh LG 2.0 HP (18.000 BTU) Eco Inverter kháng khuẩn Gas R32,Điện máy,Máy lạnh / Điều hòa,Treo tường,15000000,https://picsum.photos/seed/ac1040/600/600,Công suất: 2.0 HP (18.000 BTU); Công nghệ: Eco Inverter kháng khuẩn; Loại Gas: R32; Chế độ gió: Tự động đảo chiều
SKU001041,Máy lạnh Panasonic 1.0 HP (9.000 BTU) Eco Inverter kháng khuẩn Gas R32,Điện máy,Máy lạnh / Điều hòa,Treo tường,7500000,https://picsum.photos/seed/ac1041/600/600,Công suất: 1.0 HP (9.000 BTU); Công nghệ: Eco Inverter kháng khuẩn; Loại Gas: R32; Chế độ gió: Tự động đảo chiều
SKU001042,Máy lạnh Panasonic 2.0 HP (18.000 BTU) Eco Inverter kháng khuẩn Gas R410A,Điện máy,Máy lạnh / Điều hòa,Treo tường,9500000,https://picsum.photos/seed/ac1042/600/600,Công suất: 2.0 HP (18.000 BTU); Công nghệ: Eco Inverter kháng khuẩn; Loại Gas: R410A; Chế độ gió: Tự động đảo chiều
SKU001043,Máy lạnh Casper 1.0 HP (9.000 BTU) Tiêu chuẩn Gas R410A,Điện máy,Máy lạnh / Điều hòa,Treo tường,14000000,https://picsum.photos/seed/ac1043/600/600,Công suất: 1.0 HP (9.000 BTU); Công nghệ: Tiêu chuẩn; Loại Gas: R410A; Chế độ gió: Tự động đảo chiều
SKU001044,Máy lạnh Panasonic 1.0 HP (9.000 BTU) Tiêu chuẩn Gas R410A,Điện máy,Máy lạnh / Điều hòa,Treo tường,21000000,https://picsum.photos/seed/ac1044/600/600,Công suất: 1.0 HP (9.000 BTU); Công nghệ: Tiêu chuẩn; Loại Gas: R410A; Chế độ gió: Tự động đảo chiều
SKU001045,Máy lạnh Casper 2.0 HP (18.000 BTU) Tiêu chuẩn Gas R32,Điện máy,Máy lạnh / Điều hòa,Treo tường,19000000,https://picsum.photos/seed/ac1045/600/600,Công suất: 2.0 HP (18.000 BTU); Công nghệ: Tiêu chuẩn; Loại Gas: R32; Chế độ gió: Tự động đảo chiều
SKU001046,Máy lạnh Daikin 2.0 HP (18.000 BTU) Eco Inverter kháng khuẩn Gas R32,Điện máy,Máy lạnh / Điều hòa,Treo tường,20000000,https://picsum.photos/seed/ac1046/600/600,Công suất: 2.0 HP (18.000 BTU); Công nghệ: Eco Inverter kháng khuẩn; Loại Gas: R32; Chế độ gió: Tự động đảo chiều
SKU001047,Máy lạnh LG 1.5 HP (12.000 BTU) Inverter tiết kiệm điện Gas R32,Điện máy,Máy lạnh / Điều hòa,Treo tường,22500000,https://picsum.photos/seed/ac1047/600/600,Công suất: 1.5 HP (12.000 BTU); Công nghệ: Inverter tiết kiệm điện; Loại Gas: R32; Chế độ gió: Tự động đảo chiều
SKU001048,Máy lạnh Gree 2.0 HP (18.000 BTU) Eco Inverter kháng khuẩn Gas R410A,Điện máy,Máy lạnh / Điều hòa,Treo tường,12000000,https://picsum.photos/seed/ac1048/600/600,Công suất: 2.0 HP (18.000 BTU); Công nghệ: Eco Inverter kháng khuẩn; Loại Gas: R410A; Chế độ gió: Tự động đảo chiều
SKU001049,Máy lạnh Panasonic 2.5 HP (24.000 BTU) Eco Inverter kháng khuẩn Gas R32,Điện máy,Máy lạnh / Điều hòa,Treo tường,19000000,https://picsum.photos/seed/ac1049/600/600,Công suất: 2.5 HP (24.000 BTU); Công nghệ: Eco Inverter kháng khuẩn; Loại Gas: R32; Chế độ gió: Tự động đảo chiều
SKU001050,Máy lạnh Daikin 2.0 HP (18.000 BTU) Inverter tiết kiệm điện Gas R32,Điện máy,Máy lạnh / Điều hòa,Treo tường,19500000,https://picsum.photos/seed/ac1050/600/600,Công suất: 2.0 HP (18.000 BTU); Công nghệ: Inverter tiết kiệm điện; Loại Gas: R32; Chế độ gió: Tự động đảo chiều
SKU001051,Laptop Apple MacBook Air 15 M3 (RAM 24GB / SSD 256GB),Điện tử,Laptop,MacBook,48000000,https://picsum.photos/seed/lap1051/600/600,Chip CPU: Apple Silicon; RAM: 24GB; SSD: 256GB; Màn hình: Liquid Retina
SKU001052,Laptop Lenovo Văn phòng mỏng nhẹ (Intel Core Ultra 7 / 32GB / 1TB),Điện tử,Laptop,Laptop Windows,20000000,https://picsum.photos/seed/lap1052/600/600,CPU: Intel Core Ultra 7; RAM: 32GB; SSD: 1TB; Phân loại: Văn phòng mỏng nhẹ; VGA: RTX 4060 8GB
SKU001053,Laptop Acer Gaming (Intel Core i7 Gen 14 / 8GB / 512GB),Điện tử,Laptop,Laptop Windows,32000000,https://picsum.photos/seed/lap1053/600/600,CPU: Intel Core i7 Gen 14; RAM: 8GB; SSD: 512GB; Phân loại: Gaming; VGA: RTX 4050 6GB
SKU001054,Laptop Apple MacBook Air 15 M3 (RAM 16GB / SSD 512GB),Điện tử,Laptop,MacBook,17000000,https://picsum.photos/seed/lap1054/600/600,Chip CPU: Apple Silicon; RAM: 16GB; SSD: 512GB; Màn hình: Liquid Retina
SKU001055,Laptop Apple MacBook Pro 14 M3 (RAM 16GB / SSD 1TB),Điện tử,Laptop,MacBook,39000000,https://picsum.photos/seed/lap1055/600/600,Chip CPU: Apple Silicon; RAM: 16GB; SSD: 1TB; Màn hình: Liquid Retina
SKU001056,Laptop Acer Văn phòng mỏng nhẹ (Intel Core Ultra 7 / 16GB / 1TB),Điện tử,Laptop,Laptop Windows,28000000,https://picsum.photos/seed/lap1056/600/600,CPU: Intel Core Ultra 7; RAM: 16GB; SSD: 1TB; Phân loại: Văn phòng mỏng nhẹ; VGA: Card tích hợp
SKU001057,Laptop Dell Gaming (Intel Core i5 Gen 13 / 32GB / 512GB),Điện tử,Laptop,Laptop Windows,55000000,https://picsum.photos/seed/lap1057/600/600,CPU: Intel Core i5 Gen 13; RAM: 32GB; SSD: 512GB; Phân loại: Gaming; VGA: RTX 4050 6GB
SKU001058,Laptop HP Văn phòng mỏng nhẹ (Intel Core i7 Gen 14 / 16GB / 1TB),Điện tử,Laptop,Laptop Windows,38000000,https://picsum.photos/seed/lap1058/600/600,CPU: Intel Core i7 Gen 14; RAM: 16GB; SSD: 1TB; Phân loại: Văn phòng mỏng nhẹ; VGA: Card tích hợp
SKU001059,Laptop HP Văn phòng mỏng nhẹ (AMD Ryzen 7 7000 Series / 16GB / 1TB),Điện tử,Laptop,Laptop Windows,37000000,https://picsum.photos/seed/lap1059/600/600,CPU: AMD Ryzen 7 7000 Series; RAM: 16GB; SSD: 1TB; Phân loại: Văn phòng mỏng nhẹ; VGA: Card tích hợp
SKU001060,Laptop Dell Văn phòng mỏng nhẹ (Intel Core i5 Gen 13 / 8GB / 1TB),Điện tử,Laptop,Laptop Windows,30000000,https://picsum.photos/seed/lap1060/600/600,CPU: Intel Core i5 Gen 13; RAM: 8GB; SSD: 1TB; Phân loại: Văn phòng mỏng nhẹ; VGA: RTX 4060 8GB
SKU001061,Laptop Asus Đồ họa kỹ thuật (Intel Core Ultra 7 / 32GB / 1TB),Điện tử,Laptop,Laptop Windows,21000000,https://picsum.photos/seed/lap1061/600/600,CPU: Intel Core Ultra 7; RAM: 32GB; SSD: 1TB; Phân loại: Đồ họa kỹ thuật; VGA: Card tích hợp
SKU001062,Laptop Asus Đồ họa kỹ thuật (AMD Ryzen 7 7000 Series / 16GB / 1TB),Điện tử,Laptop,Laptop Windows,28000000,https://picsum.photos/seed/lap1062/600/600,CPU: AMD Ryzen 7 7000 Series; RAM: 16GB; SSD: 1TB; Phân loại: Đồ họa kỹ thuật; VGA: RTX 4060 8GB
SKU001063,Laptop HP Văn phòng mỏng nhẹ (Intel Core i7 Gen 14 / 32GB / 1TB),Điện tử,Laptop,Laptop Windows,32000000,https://picsum.photos/seed/lap1063/600/600,CPU: Intel Core i7 Gen 14; RAM: 32GB; SSD: 1TB; Phân loại: Văn phòng mỏng nhẹ; VGA: RTX 4060 8GB
SKU001064,Laptop Dell Đồ họa kỹ thuật (AMD Ryzen 7 7000 Series / 16GB / 512GB),Điện tử,Laptop,Laptop Windows,48000000,https://picsum.photos/seed/lap1064/600/600,CPU: AMD Ryzen 7 7000 Series; RAM: 16GB; SSD: 512GB; Phân loại: Đồ họa kỹ thuật; VGA: RTX 4050 6GB
SKU001065,Laptop Lenovo Đồ họa kỹ thuật (Intel Core Ultra 7 / 8GB / 1TB),Điện tử,Laptop,Laptop Windows,54000000,https://picsum.photos/seed/lap1065/600/600,CPU: Intel Core Ultra 7; RAM: 8GB; SSD: 1TB; Phân loại: Đồ họa kỹ thuật; VGA: Card tích hợp
SKU001066,Laptop Dell Văn phòng mỏng nhẹ (Intel Core i7 Gen 14 / 16GB / 512GB),Điện tử,Laptop,Laptop Windows,29000000,https://picsum.photos/seed/lap1066/600/600,CPU: Intel Core i7 Gen 14; RAM: 16GB; SSD: 512GB; Phân loại: Văn phòng mỏng nhẹ; VGA: RTX 4060 8GB
SKU001067,Laptop Dell Đồ họa kỹ thuật (Intel Core i5 Gen 13 / 8GB / 512GB),Điện tử,Laptop,Laptop Windows,13000000,https://picsum.photos/seed/lap1067/600/600,CPU: Intel Core i5 Gen 13; RAM: 8GB; SSD: 512GB; Phân loại: Đồ họa kỹ thuật; VGA: RTX 4060 8GB
SKU001068,Laptop Lenovo Đồ họa kỹ thuật (Intel Core Ultra 7 / 16GB / 512GB),Điện tử,Laptop,Laptop Windows,38000000,https://picsum.photos/seed/lap1068/600/600,CPU: Intel Core Ultra 7; RAM: 16GB; SSD: 512GB; Phân loại: Đồ họa kỹ thuật; VGA: RTX 4060 8GB
SKU001069,Laptop HP Văn phòng mỏng nhẹ (Intel Core Ultra 7 / 32GB / 1TB),Điện tử,Laptop,Laptop Windows,32000000,https://picsum.photos/seed/lap1069/600/600,CPU: Intel Core Ultra 7; RAM: 32GB; SSD: 1TB; Phân loại: Văn phòng mỏng nhẹ; VGA: RTX 4060 8GB
SKU001070,Laptop Dell Đồ họa kỹ thuật (Intel Core i5 Gen 13 / 32GB / 1TB),Điện tử,Laptop,Laptop Windows,32000000,https://picsum.photos/seed/lap1070/600/600,CPU: Intel Core i5 Gen 13; RAM: 32GB; SSD: 1TB; Phân loại: Đồ họa kỹ thuật; VGA: RTX 4050 6GB
SKU001071,Laptop HP Văn phòng mỏng nhẹ (Intel Core i5 Gen 13 / 8GB / 512GB),Điện tử,Laptop,Laptop Windows,24000000,https://picsum.photos/seed/lap1071/600/600,CPU: Intel Core i5 Gen 13; RAM: 8GB; SSD: 512GB; Phân loại: Văn phòng mỏng nhẹ; VGA: RTX 4060 8GB
SKU001072,Laptop Lenovo Đồ họa kỹ thuật (Intel Core Ultra 7 / 16GB / 1TB),Điện tử,Laptop,Laptop Windows,39000000,https://picsum.photos/seed/lap1072/600/600,CPU: Intel Core Ultra 7; RAM: 16GB; SSD: 1TB; Phân loại: Đồ họa kỹ thuật; VGA: RTX 4060 8GB
SKU001073,Laptop Asus Đồ họa kỹ thuật (AMD Ryzen 7 7000 Series / 8GB / 512GB),Điện tử,Laptop,Laptop Windows,54000000,https://picsum.photos/seed/lap1073/600/600,CPU: AMD Ryzen 7 7000 Series; RAM: 8GB; SSD: 512GB; Phân loại: Đồ họa kỹ thuật; VGA: Card tích hợp
SKU001074,Laptop Apple MacBook Air M2 (RAM 24GB / SSD 256GB),Điện tử,Laptop,MacBook,27000000,https://picsum.photos/seed/lap1074/600/600,Chip CPU: Apple Silicon; RAM: 24GB; SSD: 256GB; Màn hình: Liquid Retina
SKU001075,Laptop HP Đồ họa kỹ thuật (Intel Core Ultra 7 / 8GB / 512GB),Điện tử,Laptop,Laptop Windows,41000000,https://picsum.photos/seed/lap1075/600/600,CPU: Intel Core Ultra 7; RAM: 8GB; SSD: 512GB; Phân loại: Đồ họa kỹ thuật; VGA: Card tích hợp
SKU001076,Laptop Asus Gaming (Intel Core i7 Gen 14 / 16GB / 1TB),Điện tử,Laptop,Laptop Windows,34000000,https://picsum.photos/seed/lap1076/600/600,CPU: Intel Core i7 Gen 14; RAM: 16GB; SSD: 1TB; Phân loại: Gaming; VGA: RTX 4050 6GB
SKU001077,Laptop Acer Đồ họa kỹ thuật (Intel Core Ultra 7 / 32GB / 512GB),Điện tử,Laptop,Laptop Windows,34000000,https://picsum.photos/seed/lap1077/600/600,CPU: Intel Core Ultra 7; RAM: 32GB; SSD: 512GB; Phân loại: Đồ họa kỹ thuật; VGA: Card tích hợp
SKU001078,Laptop Acer Gaming (Intel Core Ultra 7 / 16GB / 1TB),Điện tử,Laptop,Laptop Windows,35000000,https://picsum.photos/seed/lap1078/600/600,CPU: Intel Core Ultra 7; RAM: 16GB; SSD: 1TB; Phân loại: Gaming; VGA: RTX 4060 8GB
SKU001079,Laptop Dell Văn phòng mỏng nhẹ (Intel Core i5 Gen 13 / 32GB / 1TB),Điện tử,Laptop,Laptop Windows,43000000,https://picsum.photos/seed/lap1079/600/600,CPU: Intel Core i5 Gen 13; RAM: 32GB; SSD: 1TB; Phân loại: Văn phòng mỏng nhẹ; VGA: RTX 4050 6GB
SKU001080,Laptop Acer Văn phòng mỏng nhẹ (AMD Ryzen 7 7000 Series / 8GB / 1TB),Điện tử,Laptop,Laptop Windows,55000000,https://picsum.photos/seed/lap1080/600/600,CPU: AMD Ryzen 7 7000 Series; RAM: 8GB; SSD: 1TB; Phân loại: Văn phòng mỏng nhẹ; VGA: Card tích hợp
SKU001081,Laptop HP Gaming (Intel Core i5 Gen 13 / 8GB / 512GB),Điện tử,Laptop,Laptop Windows,48000000,https://picsum.photos/seed/lap1081/600/600,CPU: Intel Core i5 Gen 13; RAM: 8GB; SSD: 512GB; Phân loại: Gaming; VGA: RTX 4050 6GB
SKU001082,Laptop Apple MacBook Air M2 (RAM 36GB / SSD 1TB),Điện tử,Laptop,MacBook,52000000,https://picsum.photos/seed/lap1082/600/600,Chip CPU: Apple Silicon; RAM: 36GB; SSD: 1TB; Màn hình: Liquid Retina
SKU001083,Laptop Asus Văn phòng mỏng nhẹ (Intel Core Ultra 7 / 32GB / 1TB),Điện tử,Laptop,Laptop Windows,12000000,https://picsum.photos/seed/lap1083/600/600,CPU: Intel Core Ultra 7; RAM: 32GB; SSD: 1TB; Phân loại: Văn phòng mỏng nhẹ; VGA: RTX 4060 8GB
SKU001084,Laptop Apple MacBook Pro 14 M3 (RAM 36GB / SSD 512GB),Điện tử,Laptop,MacBook,16000000,https://picsum.photos/seed/lap1084/600/600,Chip CPU: Apple Silicon; RAM: 36GB; SSD: 512GB; Màn hình: Liquid Retina
SKU001085,Laptop HP Gaming (Intel Core i7 Gen 14 / 8GB / 1TB),Điện tử,Laptop,Laptop Windows,20000000,https://picsum.photos/seed/lap1085/600/600,CPU: Intel Core i7 Gen 14; RAM: 8GB; SSD: 1TB; Phân loại: Gaming; VGA: Card tích hợp
SKU001086,Laptop Apple MacBook Air M3 (RAM 8GB / SSD 1TB),Điện tử,Laptop,MacBook,26000000,https://picsum.photos/seed/lap1086/600/600,Chip CPU: Apple Silicon; RAM: 8GB; SSD: 1TB; Màn hình: Liquid Retina
SKU001087,Laptop Dell Gaming (Intel Core i5 Gen 13 / 16GB / 512GB),Điện tử,Laptop,Laptop Windows,18000000,https://picsum.photos/seed/lap1087/600/600,CPU: Intel Core i5 Gen 13; RAM: 16GB; SSD: 512GB; Phân loại: Gaming; VGA: RTX 4050 6GB
SKU001088,Laptop HP Văn phòng mỏng nhẹ (Intel Core i7 Gen 14 / 8GB / 512GB),Điện tử,Laptop,Laptop Windows,27000000,https://picsum.photos/seed/lap1088/600/600,CPU: Intel Core i7 Gen 14; RAM: 8GB; SSD: 512GB; Phân loại: Văn phòng mỏng nhẹ; VGA: Card tích hợp
SKU001089,Laptop Acer Gaming (AMD Ryzen 7 7000 Series / 32GB / 512GB),Điện tử,Laptop,Laptop Windows,21000000,https://picsum.photos/seed/lap1089/600/600,CPU: AMD Ryzen 7 7000 Series; RAM: 32GB; SSD: 512GB; Phân loại: Gaming; VGA: RTX 4050 6GB
SKU001090,Laptop Asus Đồ họa kỹ thuật (Intel Core i5 Gen 13 / 8GB / 512GB),Điện tử,Laptop,Laptop Windows,16000000,https://picsum.photos/seed/lap1090/600/600,CPU: Intel Core i5 Gen 13; RAM: 8GB; SSD: 512GB; Phân loại: Đồ họa kỹ thuật; VGA: Card tích hợp
SKU001091,Laptop Lenovo Văn phòng mỏng nhẹ (Intel Core Ultra 7 / 8GB / 512GB),Điện tử,Laptop,Laptop Windows,30000000,https://picsum.photos/seed/lap1091/600/600,CPU: Intel Core Ultra 7; RAM: 8GB; SSD: 512GB; Phân loại: Văn phòng mỏng nhẹ; VGA: RTX 4050 6GB
SKU001092,Laptop Lenovo Văn phòng mỏng nhẹ (AMD Ryzen 7 7000 Series / 16GB / 1TB),Điện tử,Laptop,Laptop Windows,42000000,https://picsum.photos/seed/lap1092/600/600,CPU: AMD Ryzen 7 7000 Series; RAM: 16GB; SSD: 1TB; Phân loại: Văn phòng mỏng nhẹ; VGA: RTX 4060 8GB
SKU001093,Laptop Acer Gaming (Intel Core i7 Gen 14 / 16GB / 512GB),Điện tử,Laptop,Laptop Windows,36000000,https://picsum.photos/seed/lap1093/600/600,CPU: Intel Core i7 Gen 14; RAM: 16GB; SSD: 512GB; Phân loại: Gaming; VGA: RTX 4050 6GB
SKU001094,Laptop Apple MacBook Pro 14 M3 (RAM 24GB / SSD 1TB),Điện tử,Laptop,MacBook,43000000,https://picsum.photos/seed/lap1094/600/600,Chip CPU: Apple Silicon; RAM: 24GB; SSD: 1TB; Màn hình: Liquid Retina
SKU001095,Laptop Dell Văn phòng mỏng nhẹ (Intel Core i7 Gen 14 / 16GB / 1TB),Điện tử,Laptop,Laptop Windows,32000000,https://picsum.photos/seed/lap1095/600/600,CPU: Intel Core i7 Gen 14; RAM: 16GB; SSD: 1TB; Phân loại: Văn phòng mỏng nhẹ; VGA: RTX 4050 6GB
SKU001096,Laptop HP Đồ họa kỹ thuật (Intel Core Ultra 7 / 8GB / 1TB),Điện tử,Laptop,Laptop Windows,45000000,https://picsum.photos/seed/lap1096/600/600,CPU: Intel Core Ultra 7; RAM: 8GB; SSD: 1TB; Phân loại: Đồ họa kỹ thuật; VGA: Card tích hợp
SKU001097,Laptop Dell Đồ họa kỹ thuật (AMD Ryzen 7 7000 Series / 8GB / 1TB),Điện tử,Laptop,Laptop Windows,39000000,https://picsum.photos/seed/lap1097/600/600,CPU: AMD Ryzen 7 7000 Series; RAM: 8GB; SSD: 1TB; Phân loại: Đồ họa kỹ thuật; VGA: Card tích hợp
SKU001098,Laptop Dell Văn phòng mỏng nhẹ (Intel Core Ultra 7 / 16GB / 512GB),Điện tử,Laptop,Laptop Windows,50000000,https://picsum.photos/seed/lap1098/600/600,CPU: Intel Core Ultra 7; RAM: 16GB; SSD: 512GB; Phân loại: Văn phòng mỏng nhẹ; VGA: Card tích hợp
SKU001099,Laptop HP Văn phòng mỏng nhẹ (Intel Core i5 Gen 13 / 8GB / 1TB),Điện tử,Laptop,Laptop Windows,40000000,https://picsum.photos/seed/lap1099/600/600,CPU: Intel Core i5 Gen 13; RAM: 8GB; SSD: 1TB; Phân loại: Văn phòng mỏng nhẹ; VGA: RTX 4050 6GB
SKU001100,Laptop Apple MacBook Air 15 M3 (RAM 36GB / SSD 1TB),Điện tử,Laptop,MacBook,28000000,https://picsum.photos/seed/lap1100/600/600,Chip CPU: Apple Silicon; RAM: 36GB; SSD: 1TB; Màn hình: Liquid Retina
SKU001101,Laptop Apple MacBook Pro 16 M3 Max (RAM 24GB / SSD 1TB),Điện tử,Laptop,MacBook,47000000,https://picsum.photos/seed/lap1101/600/600,Chip CPU: Apple Silicon; RAM: 24GB; SSD: 1TB; Màn hình: Liquid Retina
SKU001102,Laptop Apple MacBook Pro 16 M3 Max (RAM 8GB / SSD 512GB),Điện tử,Laptop,MacBook,51000000,https://picsum.photos/seed/lap1102/600/600,Chip CPU: Apple Silicon; RAM: 8GB; SSD: 512GB; Màn hình: Liquid Retina
SKU001103,Laptop Asus Văn phòng mỏng nhẹ (Intel Core Ultra 7 / 8GB / 512GB),Điện tử,Laptop,Laptop Windows,44000000,https://picsum.photos/seed/lap1103/600/600,CPU: Intel Core Ultra 7; RAM: 8GB; SSD: 512GB; Phân loại: Văn phòng mỏng nhẹ; VGA: RTX 4050 6GB
SKU001104,Laptop HP Đồ họa kỹ thuật (Intel Core i5 Gen 13 / 16GB / 1TB),Điện tử,Laptop,Laptop Windows,18000000,https://picsum.photos/seed/lap1104/600/600,CPU: Intel Core i5 Gen 13; RAM: 16GB; SSD: 1TB; Phân loại: Đồ họa kỹ thuật; VGA: RTX 4060 8GB
SKU001105,Laptop Asus Gaming (Intel Core i5 Gen 13 / 16GB / 1TB),Điện tử,Laptop,Laptop Windows,30000000,https://picsum.photos/seed/lap1105/600/600,CPU: Intel Core i5 Gen 13; RAM: 16GB; SSD: 1TB; Phân loại: Gaming; VGA: RTX 4060 8GB
SKU001106,Laptop Apple MacBook Air M2 (RAM 36GB / SSD 256GB),Điện tử,Laptop,MacBook,23000000,https://picsum.photos/seed/lap1106/600/600,Chip CPU: Apple Silicon; RAM: 36GB; SSD: 256GB; Màn hình: Liquid Retina
SKU001107,Laptop Asus Gaming (Intel Core i7 Gen 14 / 8GB / 512GB),Điện tử,Laptop,Laptop Windows,36000000,https://picsum.photos/seed/lap1107/600/600,CPU: Intel Core i7 Gen 14; RAM: 8GB; SSD: 512GB; Phân loại: Gaming; VGA: RTX 4050 6GB
SKU001108,Laptop Acer Văn phòng mỏng nhẹ (Intel Core i5 Gen 13 / 16GB / 512GB),Điện tử,Laptop,Laptop Windows,55000000,https://picsum.photos/seed/lap1108/600/600,CPU: Intel Core i5 Gen 13; RAM: 16GB; SSD: 512GB; Phân loại: Văn phòng mỏng nhẹ; VGA: RTX 4050 6GB
SKU001109,Laptop Lenovo Văn phòng mỏng nhẹ (Intel Core i5 Gen 13 / 16GB / 1TB),Điện tử,Laptop,Laptop Windows,48000000,https://picsum.photos/seed/lap1109/600/600,CPU: Intel Core i5 Gen 13; RAM: 16GB; SSD: 1TB; Phân loại: Văn phòng mỏng nhẹ; VGA: RTX 4060 8GB
SKU001110,Laptop Apple MacBook Air 15 M3 (RAM 36GB / SSD 1TB),Điện tử,Laptop,MacBook,16000000,https://picsum.photos/seed/lap1110/600/600,Chip CPU: Apple Silicon; RAM: 36GB; SSD: 1TB; Màn hình: Liquid Retina
SKU001111,Laptop Lenovo Văn phòng mỏng nhẹ (Intel Core Ultra 7 / 16GB / 512GB),Điện tử,Laptop,Laptop Windows,34000000,https://picsum.photos/seed/lap1111/600/600,CPU: Intel Core Ultra 7; RAM: 16GB; SSD: 512GB; Phân loại: Văn phòng mỏng nhẹ; VGA: Card tích hợp
SKU001112,Laptop Dell Đồ họa kỹ thuật (Intel Core Ultra 7 / 32GB / 1TB),Điện tử,Laptop,Laptop Windows,49000000,https://picsum.photos/seed/lap1112/600/600,CPU: Intel Core Ultra 7; RAM: 32GB; SSD: 1TB; Phân loại: Đồ họa kỹ thuật; VGA: RTX 4060 8GB
SKU001113,Laptop Asus Gaming (Intel Core i5 Gen 13 / 32GB / 1TB),Điện tử,Laptop,Laptop Windows,39000000,https://picsum.photos/seed/lap1113/600/600,CPU: Intel Core i5 Gen 13; RAM: 32GB; SSD: 1TB; Phân loại: Gaming; VGA: RTX 4050 6GB
SKU001114,Laptop HP Gaming (Intel Core Ultra 7 / 8GB / 1TB),Điện tử,Laptop,Laptop Windows,32000000,https://picsum.photos/seed/lap1114/600/600,CPU: Intel Core Ultra 7; RAM: 8GB; SSD: 1TB; Phân loại: Gaming; VGA: RTX 4050 6GB
SKU001115,Laptop HP Đồ họa kỹ thuật (Intel Core i5 Gen 13 / 32GB / 512GB),Điện tử,Laptop,Laptop Windows,51000000,https://picsum.photos/seed/lap1115/600/600,CPU: Intel Core i5 Gen 13; RAM: 32GB; SSD: 512GB; Phân loại: Đồ họa kỹ thuật; VGA: RTX 4060 8GB
SKU001116,Laptop Dell Văn phòng mỏng nhẹ (Intel Core Ultra 7 / 8GB / 1TB),Điện tử,Laptop,Laptop Windows,26000000,https://picsum.photos/seed/lap1116/600/600,CPU: Intel Core Ultra 7; RAM: 8GB; SSD: 1TB; Phân loại: Văn phòng mỏng nhẹ; VGA: RTX 4050 6GB
SKU001117,Laptop Acer Đồ họa kỹ thuật (Intel Core i5 Gen 13 / 16GB / 512GB),Điện tử,Laptop,Laptop Windows,44000000,https://picsum.photos/seed/lap1117/600/600,CPU: Intel Core i5 Gen 13; RAM: 16GB; SSD: 512GB; Phân loại: Đồ họa kỹ thuật; VGA: Card tích hợp
SKU001118,Laptop Acer Văn phòng mỏng nhẹ (Intel Core i7 Gen 14 / 8GB / 1TB),Điện tử,Laptop,Laptop Windows,20000000,https://picsum.photos/seed/lap1118/600/600,CPU: Intel Core i7 Gen 14; RAM: 8GB; SSD: 1TB; Phân loại: Văn phòng mỏng nhẹ; VGA: Card tích hợp
SKU001119,Laptop Asus Văn phòng mỏng nhẹ (Intel Core Ultra 7 / 8GB / 1TB),Điện tử,Laptop,Laptop Windows,45000000,https://picsum.photos/seed/lap1119/600/600,CPU: Intel Core Ultra 7; RAM: 8GB; SSD: 1TB; Phân loại: Văn phòng mỏng nhẹ; VGA: RTX 4050 6GB
SKU001120,Laptop Acer Gaming (Intel Core Ultra 7 / 16GB / 512GB),Điện tử,Laptop,Laptop Windows,43000000,https://picsum.photos/seed/lap1120/600/600,CPU: Intel Core Ultra 7; RAM: 16GB; SSD: 512GB; Phân loại: Gaming; VGA: RTX 4050 6GB
SKU001121,Laptop Dell Đồ họa kỹ thuật (Intel Core i5 Gen 13 / 32GB / 512GB),Điện tử,Laptop,Laptop Windows,22000000,https://picsum.photos/seed/lap1121/600/600,CPU: Intel Core i5 Gen 13; RAM: 32GB; SSD: 512GB; Phân loại: Đồ họa kỹ thuật; VGA: Card tích hợp
SKU001122,Laptop HP Văn phòng mỏng nhẹ (Intel Core i7 Gen 14 / 32GB / 1TB),Điện tử,Laptop,Laptop Windows,33000000,https://picsum.photos/seed/lap1122/600/600,CPU: Intel Core i7 Gen 14; RAM: 32GB; SSD: 1TB; Phân loại: Văn phòng mỏng nhẹ; VGA: RTX 4060 8GB
SKU001123,Laptop Asus Đồ họa kỹ thuật (AMD Ryzen 7 7000 Series / 32GB / 1TB),Điện tử,Laptop,Laptop Windows,38000000,https://picsum.photos/seed/lap1123/600/600,CPU: AMD Ryzen 7 7000 Series; RAM: 32GB; SSD: 1TB; Phân loại: Đồ họa kỹ thuật; VGA: RTX 4060 8GB
SKU001124,Laptop Apple MacBook Air M3 (RAM 24GB / SSD 512GB),Điện tử,Laptop,MacBook,51000000,https://picsum.photos/seed/lap1124/600/600,Chip CPU: Apple Silicon; RAM: 24GB; SSD: 512GB; Màn hình: Liquid Retina
SKU001125,Laptop Dell Đồ họa kỹ thuật (Intel Core i5 Gen 13 / 8GB / 1TB),Điện tử,Laptop,Laptop Windows,14000000,https://picsum.photos/seed/lap1125/600/600,CPU: Intel Core i5 Gen 13; RAM: 8GB; SSD: 1TB; Phân loại: Đồ họa kỹ thuật; VGA: RTX 4050 6GB
SKU001126,Laptop HP Gaming (Intel Core Ultra 7 / 32GB / 1TB),Điện tử,Laptop,Laptop Windows,41000000,https://picsum.photos/seed/lap1126/600/600,CPU: Intel Core Ultra 7; RAM: 32GB; SSD: 1TB; Phân loại: Gaming; VGA: Card tích hợp
SKU001127,Laptop HP Gaming (Intel Core i7 Gen 14 / 16GB / 512GB),Điện tử,Laptop,Laptop Windows,13000000,https://picsum.photos/seed/lap1127/600/600,CPU: Intel Core i7 Gen 14; RAM: 16GB; SSD: 512GB; Phân loại: Gaming; VGA: Card tích hợp
SKU001128,Laptop Asus Đồ họa kỹ thuật (Intel Core Ultra 7 / 16GB / 512GB),Điện tử,Laptop,Laptop Windows,39000000,https://picsum.photos/seed/lap1128/600/600,CPU: Intel Core Ultra 7; RAM: 16GB; SSD: 512GB; Phân loại: Đồ họa kỹ thuật; VGA: RTX 4050 6GB
SKU001129,Laptop Dell Gaming (Intel Core i5 Gen 13 / 16GB / 1TB),Điện tử,Laptop,Laptop Windows,33000000,https://picsum.photos/seed/lap1129/600/600,CPU: Intel Core i5 Gen 13; RAM: 16GB; SSD: 1TB; Phân loại: Gaming; VGA: RTX 4050 6GB
SKU001130,Laptop Acer Gaming (AMD Ryzen 7 7000 Series / 32GB / 1TB),Điện tử,Laptop,Laptop Windows,44000000,https://picsum.photos/seed/lap1130/600/600,CPU: AMD Ryzen 7 7000 Series; RAM: 32GB; SSD: 1TB; Phân loại: Gaming; VGA: RTX 4050 6GB
SKU001131,Laptop Asus Văn phòng mỏng nhẹ (Intel Core i7 Gen 14 / 8GB / 512GB),Điện tử,Laptop,Laptop Windows,25000000,https://picsum.photos/seed/lap1131/600/600,CPU: Intel Core i7 Gen 14; RAM: 8GB; SSD: 512GB; Phân loại: Văn phòng mỏng nhẹ; VGA: RTX 4060 8GB
SKU001132,Laptop Apple MacBook Air M3 (RAM 16GB / SSD 256GB),Điện tử,Laptop,MacBook,35000000,https://picsum.photos/seed/lap1132/600/600,Chip CPU: Apple Silicon; RAM: 16GB; SSD: 256GB; Màn hình: Liquid Retina
SKU001133,Laptop Asus Gaming (AMD Ryzen 7 7000 Series / 8GB / 1TB),Điện tử,Laptop,Laptop Windows,28000000,https://picsum.photos/seed/lap1133/600/600,CPU: AMD Ryzen 7 7000 Series; RAM: 8GB; SSD: 1TB; Phân loại: Gaming; VGA: RTX 4050 6GB
SKU001134,Laptop Asus Gaming (Intel Core i5 Gen 13 / 32GB / 512GB),Điện tử,Laptop,Laptop Windows,27000000,https://picsum.photos/seed/lap1134/600/600,CPU: Intel Core i5 Gen 13; RAM: 32GB; SSD: 512GB; Phân loại: Gaming; VGA: Card tích hợp
SKU001135,Laptop Asus Đồ họa kỹ thuật (Intel Core i5 Gen 13 / 16GB / 1TB),Điện tử,Laptop,Laptop Windows,46000000,https://picsum.photos/seed/lap1135/600/600,CPU: Intel Core i5 Gen 13; RAM: 16GB; SSD: 1TB; Phân loại: Đồ họa kỹ thuật; VGA: RTX 4050 6GB
SKU001136,Laptop HP Đồ họa kỹ thuật (Intel Core Ultra 7 / 8GB / 512GB),Điện tử,Laptop,Laptop Windows,38000000,https://picsum.photos/seed/lap1136/600/600,CPU: Intel Core Ultra 7; RAM: 8GB; SSD: 512GB; Phân loại: Đồ họa kỹ thuật; VGA: RTX 4050 6GB
SKU001137,Laptop Apple MacBook Air 15 M3 (RAM 36GB / SSD 256GB),Điện tử,Laptop,MacBook,26000000,https://picsum.photos/seed/lap1137/600/600,Chip CPU: Apple Silicon; RAM: 36GB; SSD: 256GB; Màn hình: Liquid Retina
SKU001138,Laptop HP Văn phòng mỏng nhẹ (Intel Core i7 Gen 14 / 16GB / 512GB),Điện tử,Laptop,Laptop Windows,15000000,https://picsum.photos/seed/lap1138/600/600,CPU: Intel Core i7 Gen 14; RAM: 16GB; SSD: 512GB; Phân loại: Văn phòng mỏng nhẹ; VGA: RTX 4060 8GB
SKU001139,Laptop Apple MacBook Air 15 M3 (RAM 16GB / SSD 1TB),Điện tử,Laptop,MacBook,47000000,https://picsum.photos/seed/lap1139/600/600,Chip CPU: Apple Silicon; RAM: 16GB; SSD: 1TB; Màn hình: Liquid Retina
SKU001140,Laptop Lenovo Gaming (AMD Ryzen 7 7000 Series / 8GB / 1TB),Điện tử,Laptop,Laptop Windows,53000000,https://picsum.photos/seed/lap1140/600/600,CPU: AMD Ryzen 7 7000 Series; RAM: 8GB; SSD: 1TB; Phân loại: Gaming; VGA: Card tích hợp
SKU001141,Laptop Asus Đồ họa kỹ thuật (Intel Core i7 Gen 14 / 32GB / 1TB),Điện tử,Laptop,Laptop Windows,41000000,https://picsum.photos/seed/lap1141/600/600,CPU: Intel Core i7 Gen 14; RAM: 32GB; SSD: 1TB; Phân loại: Đồ họa kỹ thuật; VGA: RTX 4050 6GB
SKU001142,Laptop Lenovo Văn phòng mỏng nhẹ (AMD Ryzen 7 7000 Series / 16GB / 1TB),Điện tử,Laptop,Laptop Windows,39000000,https://picsum.photos/seed/lap1142/600/600,CPU: AMD Ryzen 7 7000 Series; RAM: 16GB; SSD: 1TB; Phân loại: Văn phòng mỏng nhẹ; VGA: Card tích hợp
SKU001143,Laptop Dell Văn phòng mỏng nhẹ (Intel Core i7 Gen 14 / 8GB / 512GB),Điện tử,Laptop,Laptop Windows,35000000,https://picsum.photos/seed/lap1143/600/600,CPU: Intel Core i7 Gen 14; RAM: 8GB; SSD: 512GB; Phân loại: Văn phòng mỏng nhẹ; VGA: Card tích hợp
SKU001144,Laptop Asus Đồ họa kỹ thuật (Intel Core i7 Gen 14 / 32GB / 1TB),Điện tử,Laptop,Laptop Windows,14000000,https://picsum.photos/seed/lap1144/600/600,CPU: Intel Core i7 Gen 14; RAM: 32GB; SSD: 1TB; Phân loại: Đồ họa kỹ thuật; VGA: RTX 4050 6GB
SKU001145,Laptop HP Đồ họa kỹ thuật (Intel Core i5 Gen 13 / 32GB / 1TB),Điện tử,Laptop,Laptop Windows,41000000,https://picsum.photos/seed/lap1145/600/600,CPU: Intel Core i5 Gen 13; RAM: 32GB; SSD: 1TB; Phân loại: Đồ họa kỹ thuật; VGA: RTX 4060 8GB
SKU001146,Laptop HP Đồ họa kỹ thuật (Intel Core i7 Gen 14 / 32GB / 512GB),Điện tử,Laptop,Laptop Windows,16000000,https://picsum.photos/seed/lap1146/600/600,CPU: Intel Core i7 Gen 14; RAM: 32GB; SSD: 512GB; Phân loại: Đồ họa kỹ thuật; VGA: RTX 4060 8GB
SKU001147,Laptop Lenovo Đồ họa kỹ thuật (Intel Core Ultra 7 / 16GB / 512GB),Điện tử,Laptop,Laptop Windows,39000000,https://picsum.photos/seed/lap1147/600/600,CPU: Intel Core Ultra 7; RAM: 16GB; SSD: 512GB; Phân loại: Đồ họa kỹ thuật; VGA: Card tích hợp
SKU001148,Laptop Lenovo Đồ họa kỹ thuật (Intel Core i5 Gen 13 / 16GB / 512GB),Điện tử,Laptop,Laptop Windows,39000000,https://picsum.photos/seed/lap1148/600/600,CPU: Intel Core i5 Gen 13; RAM: 16GB; SSD: 512GB; Phân loại: Đồ họa kỹ thuật; VGA: Card tích hợp
SKU001149,Laptop Acer Gaming (Intel Core i7 Gen 14 / 32GB / 1TB),Điện tử,Laptop,Laptop Windows,46000000,https://picsum.photos/seed/lap1149/600/600,CPU: Intel Core i7 Gen 14; RAM: 32GB; SSD: 1TB; Phân loại: Gaming; VGA: RTX 4050 6GB
SKU001150,Laptop Lenovo Văn phòng mỏng nhẹ (Intel Core Ultra 7 / 8GB / 512GB),Điện tử,Laptop,Laptop Windows,17000000,https://picsum.photos/seed/lap1150/600/600,CPU: Intel Core Ultra 7; RAM: 8GB; SSD: 512GB; Phân loại: Văn phòng mỏng nhẹ; VGA: Card tích hợp
SKU001151,Laptop Acer Văn phòng mỏng nhẹ (AMD Ryzen 7 7000 Series / 8GB / 1TB),Điện tử,Laptop,Laptop Windows,47000000,https://picsum.photos/seed/lap1151/600/600,CPU: AMD Ryzen 7 7000 Series; RAM: 8GB; SSD: 1TB; Phân loại: Văn phòng mỏng nhẹ; VGA: RTX 4050 6GB
SKU001152,Laptop Asus Văn phòng mỏng nhẹ (Intel Core i7 Gen 14 / 32GB / 1TB),Điện tử,Laptop,Laptop Windows,31000000,https://picsum.photos/seed/lap1152/600/600,CPU: Intel Core i7 Gen 14; RAM: 32GB; SSD: 1TB; Phân loại: Văn phòng mỏng nhẹ; VGA: RTX 4050 6GB
SKU001153,Laptop Acer Đồ họa kỹ thuật (AMD Ryzen 7 7000 Series / 8GB / 1TB),Điện tử,Laptop,Laptop Windows,18000000,https://picsum.photos/seed/lap1153/600/600,CPU: AMD Ryzen 7 7000 Series; RAM: 8GB; SSD: 1TB; Phân loại: Đồ họa kỹ thuật; VGA: RTX 4060 8GB
SKU001154,Laptop Dell Văn phòng mỏng nhẹ (Intel Core i5 Gen 13 / 8GB / 1TB),Điện tử,Laptop,Laptop Windows,38000000,https://picsum.photos/seed/lap1154/600/600,CPU: Intel Core i5 Gen 13; RAM: 8GB; SSD: 1TB; Phân loại: Văn phòng mỏng nhẹ; VGA: Card tích hợp
SKU001155,Laptop Dell Văn phòng mỏng nhẹ (Intel Core i5 Gen 13 / 32GB / 512GB),Điện tử,Laptop,Laptop Windows,27000000,https://picsum.photos/seed/lap1155/600/600,CPU: Intel Core i5 Gen 13; RAM: 32GB; SSD: 512GB; Phân loại: Văn phòng mỏng nhẹ; VGA: RTX 4060 8GB
SKU001156,Laptop Lenovo Văn phòng mỏng nhẹ (Intel Core i5 Gen 13 / 32GB / 512GB),Điện tử,Laptop,Laptop Windows,36000000,https://picsum.photos/seed/lap1156/600/600,CPU: Intel Core i5 Gen 13; RAM: 32GB; SSD: 512GB; Phân loại: Văn phòng mỏng nhẹ; VGA: RTX 4050 6GB
SKU001157,Laptop Lenovo Đồ họa kỹ thuật (Intel Core Ultra 7 / 8GB / 512GB),Điện tử,Laptop,Laptop Windows,21000000,https://picsum.photos/seed/lap1157/600/600,CPU: Intel Core Ultra 7; RAM: 8GB; SSD: 512GB; Phân loại: Đồ họa kỹ thuật; VGA: RTX 4050 6GB
SKU001158,Laptop Apple MacBook Pro 16 M3 Max (RAM 8GB / SSD 512GB),Điện tử,Laptop,MacBook,20000000,https://picsum.photos/seed/lap1158/600/600,Chip CPU: Apple Silicon; RAM: 8GB; SSD: 512GB; Màn hình: Liquid Retina
SKU001159,Laptop Acer Đồ họa kỹ thuật (Intel Core i5 Gen 13 / 8GB / 1TB),Điện tử,Laptop,Laptop Windows,44000000,https://picsum.photos/seed/lap1159/600/600,CPU: Intel Core i5 Gen 13; RAM: 8GB; SSD: 1TB; Phân loại: Đồ họa kỹ thuật; VGA: RTX 4050 6GB
SKU001160,Laptop Lenovo Đồ họa kỹ thuật (Intel Core i5 Gen 13 / 8GB / 512GB),Điện tử,Laptop,Laptop Windows,25000000,https://picsum.photos/seed/lap1160/600/600,CPU: Intel Core i5 Gen 13; RAM: 8GB; SSD: 512GB; Phân loại: Đồ họa kỹ thuật; VGA: RTX 4050 6GB
SKU001161,Laptop Dell Gaming (Intel Core i7 Gen 14 / 8GB / 1TB),Điện tử,Laptop,Laptop Windows,36000000,https://picsum.photos/seed/lap1161/600/600,CPU: Intel Core i7 Gen 14; RAM: 8GB; SSD: 1TB; Phân loại: Gaming; VGA: RTX 4050 6GB
SKU001162,Laptop Asus Văn phòng mỏng nhẹ (Intel Core Ultra 7 / 8GB / 512GB),Điện tử,Laptop,Laptop Windows,35000000,https://picsum.photos/seed/lap1162/600/600,CPU: Intel Core Ultra 7; RAM: 8GB; SSD: 512GB; Phân loại: Văn phòng mỏng nhẹ; VGA: RTX 4050 6GB
SKU001163,Laptop Apple MacBook Air 15 M3 (RAM 36GB / SSD 1TB),Điện tử,Laptop,MacBook,37000000,https://picsum.photos/seed/lap1163/600/600,Chip CPU: Apple Silicon; RAM: 36GB; SSD: 1TB; Màn hình: Liquid Retina
SKU001164,Laptop Asus Gaming (Intel Core Ultra 7 / 16GB / 1TB),Điện tử,Laptop,Laptop Windows,28000000,https://picsum.photos/seed/lap1164/600/600,CPU: Intel Core Ultra 7; RAM: 16GB; SSD: 1TB; Phân loại: Gaming; VGA: RTX 4050 6GB
SKU001165,Laptop HP Gaming (Intel Core i7 Gen 14 / 8GB / 1TB),Điện tử,Laptop,Laptop Windows,45000000,https://picsum.photos/seed/lap1165/600/600,CPU: Intel Core i7 Gen 14; RAM: 8GB; SSD: 1TB; Phân loại: Gaming; VGA: RTX 4050 6GB
SKU001166,Laptop Lenovo Gaming (AMD Ryzen 7 7000 Series / 16GB / 512GB),Điện tử,Laptop,Laptop Windows,17000000,https://picsum.photos/seed/lap1166/600/600,CPU: AMD Ryzen 7 7000 Series; RAM: 16GB; SSD: 512GB; Phân loại: Gaming; VGA: RTX 4060 8GB
SKU001167,Laptop Asus Gaming (AMD Ryzen 7 7000 Series / 16GB / 512GB),Điện tử,Laptop,Laptop Windows,35000000,https://picsum.photos/seed/lap1167/600/600,CPU: AMD Ryzen 7 7000 Series; RAM: 16GB; SSD: 512GB; Phân loại: Gaming; VGA: RTX 4060 8GB
SKU001168,Laptop Acer Đồ họa kỹ thuật (Intel Core i5 Gen 13 / 16GB / 1TB),Điện tử,Laptop,Laptop Windows,51000000,https://picsum.photos/seed/lap1168/600/600,CPU: Intel Core i5 Gen 13; RAM: 16GB; SSD: 1TB; Phân loại: Đồ họa kỹ thuật; VGA: RTX 4050 6GB
SKU001169,Laptop Acer Gaming (Intel Core Ultra 7 / 16GB / 512GB),Điện tử,Laptop,Laptop Windows,38000000,https://picsum.photos/seed/lap1169/600/600,CPU: Intel Core Ultra 7; RAM: 16GB; SSD: 512GB; Phân loại: Gaming; VGA: RTX 4050 6GB
SKU001170,Laptop Lenovo Gaming (Intel Core i5 Gen 13 / 8GB / 1TB),Điện tử,Laptop,Laptop Windows,31000000,https://picsum.photos/seed/lap1170/600/600,CPU: Intel Core i5 Gen 13; RAM: 8GB; SSD: 1TB; Phân loại: Gaming; VGA: RTX 4050 6GB
SKU001171,Laptop Dell Gaming (Intel Core i5 Gen 13 / 8GB / 512GB),Điện tử,Laptop,Laptop Windows,36000000,https://picsum.photos/seed/lap1171/600/600,CPU: Intel Core i5 Gen 13; RAM: 8GB; SSD: 512GB; Phân loại: Gaming; VGA: RTX 4050 6GB
SKU001172,Laptop Dell Đồ họa kỹ thuật (Intel Core i7 Gen 14 / 8GB / 512GB),Điện tử,Laptop,Laptop Windows,29000000,https://picsum.photos/seed/lap1172/600/600,CPU: Intel Core i7 Gen 14; RAM: 8GB; SSD: 512GB; Phân loại: Đồ họa kỹ thuật; VGA: RTX 4050 6GB
SKU001173,Laptop Lenovo Gaming (Intel Core Ultra 7 / 16GB / 512GB),Điện tử,Laptop,Laptop Windows,49000000,https://picsum.photos/seed/lap1173/600/600,CPU: Intel Core Ultra 7; RAM: 16GB; SSD: 512GB; Phân loại: Gaming; VGA: RTX 4050 6GB
SKU001174,Laptop Dell Gaming (Intel Core i5 Gen 13 / 32GB / 1TB),Điện tử,Laptop,Laptop Windows,48000000,https://picsum.photos/seed/lap1174/600/600,CPU: Intel Core i5 Gen 13; RAM: 32GB; SSD: 1TB; Phân loại: Gaming; VGA: RTX 4050 6GB
SKU001175,Laptop Dell Văn phòng mỏng nhẹ (AMD Ryzen 7 7000 Series / 32GB / 512GB),Điện tử,Laptop,Laptop Windows,45000000,https://picsum.photos/seed/lap1175/600/600,CPU: AMD Ryzen 7 7000 Series; RAM: 32GB; SSD: 512GB; Phân loại: Văn phòng mỏng nhẹ; VGA: RTX 4050 6GB
SKU001176,Laptop Lenovo Đồ họa kỹ thuật (Intel Core i5 Gen 13 / 32GB / 1TB),Điện tử,Laptop,Laptop Windows,27000000,https://picsum.photos/seed/lap1176/600/600,CPU: Intel Core i5 Gen 13; RAM: 32GB; SSD: 1TB; Phân loại: Đồ họa kỹ thuật; VGA: RTX 4050 6GB
SKU001177,Laptop HP Gaming (Intel Core i7 Gen 14 / 8GB / 512GB),Điện tử,Laptop,Laptop Windows,20000000,https://picsum.photos/seed/lap1177/600/600,CPU: Intel Core i7 Gen 14; RAM: 8GB; SSD: 512GB; Phân loại: Gaming; VGA: RTX 4060 8GB
SKU001178,Laptop Dell Gaming (Intel Core Ultra 7 / 8GB / 512GB),Điện tử,Laptop,Laptop Windows,34000000,https://picsum.photos/seed/lap1178/600/600,CPU: Intel Core Ultra 7; RAM: 8GB; SSD: 512GB; Phân loại: Gaming; VGA: RTX 4050 6GB
SKU001179,Laptop HP Văn phòng mỏng nhẹ (Intel Core i5 Gen 13 / 32GB / 1TB),Điện tử,Laptop,Laptop Windows,53000000,https://picsum.photos/seed/lap1179/600/600,CPU: Intel Core i5 Gen 13; RAM: 32GB; SSD: 1TB; Phân loại: Văn phòng mỏng nhẹ; VGA: RTX 4050 6GB
SKU001180,Laptop Apple MacBook Pro 14 M3 (RAM 24GB / SSD 1TB),Điện tử,Laptop,MacBook,39000000,https://picsum.photos/seed/lap1180/600/600,Chip CPU: Apple Silicon; RAM: 24GB; SSD: 1TB; Màn hình: Liquid Retina
SKU001181,Laptop Lenovo Gaming (Intel Core i7 Gen 14 / 32GB / 512GB),Điện tử,Laptop,Laptop Windows,53000000,https://picsum.photos/seed/lap1181/600/600,CPU: Intel Core i7 Gen 14; RAM: 32GB; SSD: 512GB; Phân loại: Gaming; VGA: RTX 4050 6GB
SKU001182,Laptop Acer Văn phòng mỏng nhẹ (Intel Core i5 Gen 13 / 32GB / 1TB),Điện tử,Laptop,Laptop Windows,18000000,https://picsum.photos/seed/lap1182/600/600,CPU: Intel Core i5 Gen 13; RAM: 32GB; SSD: 1TB; Phân loại: Văn phòng mỏng nhẹ; VGA: Card tích hợp
SKU001183,Laptop Acer Gaming (Intel Core i7 Gen 14 / 16GB / 512GB),Điện tử,Laptop,Laptop Windows,18000000,https://picsum.photos/seed/lap1183/600/600,CPU: Intel Core i7 Gen 14; RAM: 16GB; SSD: 512GB; Phân loại: Gaming; VGA: Card tích hợp
SKU001184,Laptop Acer Đồ họa kỹ thuật (AMD Ryzen 7 7000 Series / 8GB / 1TB),Điện tử,Laptop,Laptop Windows,18000000,https://picsum.photos/seed/lap1184/600/600,CPU: AMD Ryzen 7 7000 Series; RAM: 8GB; SSD: 1TB; Phân loại: Đồ họa kỹ thuật; VGA: Card tích hợp
SKU001185,Laptop Lenovo Văn phòng mỏng nhẹ (AMD Ryzen 7 7000 Series / 8GB / 512GB),Điện tử,Laptop,Laptop Windows,37000000,https://picsum.photos/seed/lap1185/600/600,CPU: AMD Ryzen 7 7000 Series; RAM: 8GB; SSD: 512GB; Phân loại: Văn phòng mỏng nhẹ; VGA: RTX 4060 8GB
SKU001186,Laptop Asus Văn phòng mỏng nhẹ (Intel Core i5 Gen 13 / 32GB / 1TB),Điện tử,Laptop,Laptop Windows,15000000,https://picsum.photos/seed/lap1186/600/600,CPU: Intel Core i5 Gen 13; RAM: 32GB; SSD: 1TB; Phân loại: Văn phòng mỏng nhẹ; VGA: RTX 4050 6GB
SKU001187,Laptop Lenovo Văn phòng mỏng nhẹ (Intel Core i7 Gen 14 / 16GB / 1TB),Điện tử,Laptop,Laptop Windows,18000000,https://picsum.photos/seed/lap1187/600/600,CPU: Intel Core i7 Gen 14; RAM: 16GB; SSD: 1TB; Phân loại: Văn phòng mỏng nhẹ; VGA: Card tích hợp
SKU001188,Laptop Apple MacBook Air M3 (RAM 16GB / SSD 256GB),Điện tử,Laptop,MacBook,39000000,https://picsum.photos/seed/lap1188/600/600,Chip CPU: Apple Silicon; RAM: 16GB; SSD: 256GB; Màn hình: Liquid Retina
SKU001189,Laptop HP Đồ họa kỹ thuật (Intel Core i7 Gen 14 / 32GB / 512GB),Điện tử,Laptop,Laptop Windows,52000000,https://picsum.photos/seed/lap1189/600/600,CPU: Intel Core i7 Gen 14; RAM: 32GB; SSD: 512GB; Phân loại: Đồ họa kỹ thuật; VGA: RTX 4060 8GB
SKU001190,Laptop Acer Văn phòng mỏng nhẹ (Intel Core i7 Gen 14 / 16GB / 1TB),Điện tử,Laptop,Laptop Windows,32000000,https://picsum.photos/seed/lap1190/600/600,CPU: Intel Core i7 Gen 14; RAM: 16GB; SSD: 1TB; Phân loại: Văn phòng mỏng nhẹ; VGA: RTX 4050 6GB
SKU001191,Laptop Dell Văn phòng mỏng nhẹ (AMD Ryzen 7 7000 Series / 16GB / 1TB),Điện tử,Laptop,Laptop Windows,53000000,https://picsum.photos/seed/lap1191/600/600,CPU: AMD Ryzen 7 7000 Series; RAM: 16GB; SSD: 1TB; Phân loại: Văn phòng mỏng nhẹ; VGA: RTX 4060 8GB
SKU001192,Laptop Acer Đồ họa kỹ thuật (AMD Ryzen 7 7000 Series / 8GB / 512GB),Điện tử,Laptop,Laptop Windows,52000000,https://picsum.photos/seed/lap1192/600/600,CPU: AMD Ryzen 7 7000 Series; RAM: 8GB; SSD: 512GB; Phân loại: Đồ họa kỹ thuật; VGA: RTX 4060 8GB
SKU001193,Laptop Dell Văn phòng mỏng nhẹ (Intel Core i7 Gen 14 / 32GB / 512GB),Điện tử,Laptop,Laptop Windows,24000000,https://picsum.photos/seed/lap1193/600/600,CPU: Intel Core i7 Gen 14; RAM: 32GB; SSD: 512GB; Phân loại: Văn phòng mỏng nhẹ; VGA: RTX 4050 6GB
SKU001194,Laptop Lenovo Gaming (Intel Core i7 Gen 14 / 8GB / 512GB),Điện tử,Laptop,Laptop Windows,36000000,https://picsum.photos/seed/lap1194/600/600,CPU: Intel Core i7 Gen 14; RAM: 8GB; SSD: 512GB; Phân loại: Gaming; VGA: RTX 4050 6GB
SKU001195,Laptop HP Gaming (Intel Core Ultra 7 / 16GB / 1TB),Điện tử,Laptop,Laptop Windows,42000000,https://picsum.photos/seed/lap1195/600/600,CPU: Intel Core Ultra 7; RAM: 16GB; SSD: 1TB; Phân loại: Gaming; VGA: RTX 4060 8GB
SKU001196,Laptop HP Văn phòng mỏng nhẹ (Intel Core i7 Gen 14 / 8GB / 1TB),Điện tử,Laptop,Laptop Windows,23000000,https://picsum.photos/seed/lap1196/600/600,CPU: Intel Core i7 Gen 14; RAM: 8GB; SSD: 1TB; Phân loại: Văn phòng mỏng nhẹ; VGA: Card tích hợp
SKU001197,Laptop Lenovo Đồ họa kỹ thuật (Intel Core Ultra 7 / 8GB / 1TB),Điện tử,Laptop,Laptop Windows,24000000,https://picsum.photos/seed/lap1197/600/600,CPU: Intel Core Ultra 7; RAM: 8GB; SSD: 1TB; Phân loại: Đồ họa kỹ thuật; VGA: RTX 4050 6GB
SKU001198,Laptop Apple MacBook Air M3 (RAM 16GB / SSD 512GB),Điện tử,Laptop,MacBook,15000000,https://picsum.photos/seed/lap1198/600/600,Chip CPU: Apple Silicon; RAM: 16GB; SSD: 512GB; Màn hình: Liquid Retina
SKU001199,Laptop Asus Gaming (Intel Core i7 Gen 14 / 32GB / 1TB),Điện tử,Laptop,Laptop Windows,15000000,https://picsum.photos/seed/lap1199/600/600,CPU: Intel Core i7 Gen 14; RAM: 32GB; SSD: 1TB; Phân loại: Gaming; VGA: RTX 4060 8GB
SKU001200,Laptop Acer Gaming (Intel Core i5 Gen 13 / 32GB / 512GB),Điện tử,Laptop,Laptop Windows,21000000,https://picsum.photos/seed/lap1200/600/600,CPU: Intel Core i5 Gen 13; RAM: 32GB; SSD: 512GB; Phân loại: Gaming; VGA: RTX 4050 6GB
SKU001201,Laptop Dell Văn phòng mỏng nhẹ (AMD Ryzen 7 7000 Series / 16GB / 1TB),Điện tử,Laptop,Laptop Windows,14000000,https://picsum.photos/seed/lap1201/600/600,CPU: AMD Ryzen 7 7000 Series; RAM: 16GB; SSD: 1TB; Phân loại: Văn phòng mỏng nhẹ; VGA: RTX 4050 6GB
SKU001202,Laptop Dell Đồ họa kỹ thuật (AMD Ryzen 7 7000 Series / 16GB / 512GB),Điện tử,Laptop,Laptop Windows,47000000,https://picsum.photos/seed/lap1202/600/600,CPU: AMD Ryzen 7 7000 Series; RAM: 16GB; SSD: 512GB; Phân loại: Đồ họa kỹ thuật; VGA: RTX 4050 6GB
SKU001203,Laptop Acer Đồ họa kỹ thuật (Intel Core i5 Gen 13 / 16GB / 1TB),Điện tử,Laptop,Laptop Windows,23000000,https://picsum.photos/seed/lap1203/600/600,CPU: Intel Core i5 Gen 13; RAM: 16GB; SSD: 1TB; Phân loại: Đồ họa kỹ thuật; VGA: Card tích hợp
SKU001204,Laptop Asus Đồ họa kỹ thuật (AMD Ryzen 7 7000 Series / 8GB / 512GB),Điện tử,Laptop,Laptop Windows,49000000,https://picsum.photos/seed/lap1204/600/600,CPU: AMD Ryzen 7 7000 Series; RAM: 8GB; SSD: 512GB; Phân loại: Đồ họa kỹ thuật; VGA: RTX 4050 6GB
SKU001205,Laptop Acer Đồ họa kỹ thuật (Intel Core i7 Gen 14 / 16GB / 1TB),Điện tử,Laptop,Laptop Windows,23000000,https://picsum.photos/seed/lap1205/600/600,CPU: Intel Core i7 Gen 14; RAM: 16GB; SSD: 1TB; Phân loại: Đồ họa kỹ thuật; VGA: RTX 4060 8GB
SKU001206,Laptop Asus Văn phòng mỏng nhẹ (AMD Ryzen 7 7000 Series / 8GB / 1TB),Điện tử,Laptop,Laptop Windows,34000000,https://picsum.photos/seed/lap1206/600/600,CPU: AMD Ryzen 7 7000 Series; RAM: 8GB; SSD: 1TB; Phân loại: Văn phòng mỏng nhẹ; VGA: RTX 4050 6GB
SKU001207,Laptop HP Văn phòng mỏng nhẹ (Intel Core i7 Gen 14 / 16GB / 1TB),Điện tử,Laptop,Laptop Windows,35000000,https://picsum.photos/seed/lap1207/600/600,CPU: Intel Core i7 Gen 14; RAM: 16GB; SSD: 1TB; Phân loại: Văn phòng mỏng nhẹ; VGA: RTX 4060 8GB
SKU001208,Laptop HP Gaming (Intel Core i7 Gen 14 / 16GB / 1TB),Điện tử,Laptop,Laptop Windows,35000000,https://picsum.photos/seed/lap1208/600/600,CPU: Intel Core i7 Gen 14; RAM: 16GB; SSD: 1TB; Phân loại: Gaming; VGA: Card tích hợp
SKU001209,Laptop Asus Đồ họa kỹ thuật (Intel Core Ultra 7 / 8GB / 1TB),Điện tử,Laptop,Laptop Windows,42000000,https://picsum.photos/seed/lap1209/600/600,CPU: Intel Core Ultra 7; RAM: 8GB; SSD: 1TB; Phân loại: Đồ họa kỹ thuật; VGA: RTX 4060 8GB
SKU001210,Laptop Lenovo Văn phòng mỏng nhẹ (Intel Core i7 Gen 14 / 32GB / 1TB),Điện tử,Laptop,Laptop Windows,39000000,https://picsum.photos/seed/lap1210/600/600,CPU: Intel Core i7 Gen 14; RAM: 32GB; SSD: 1TB; Phân loại: Văn phòng mỏng nhẹ; VGA: RTX 4050 6GB
SKU001211,Laptop HP Gaming (Intel Core i5 Gen 13 / 16GB / 512GB),Điện tử,Laptop,Laptop Windows,33000000,https://picsum.photos/seed/lap1211/600/600,CPU: Intel Core i5 Gen 13; RAM: 16GB; SSD: 512GB; Phân loại: Gaming; VGA: RTX 4050 6GB
SKU001212,Laptop Lenovo Văn phòng mỏng nhẹ (Intel Core Ultra 7 / 8GB / 512GB),Điện tử,Laptop,Laptop Windows,50000000,https://picsum.photos/seed/lap1212/600/600,CPU: Intel Core Ultra 7; RAM: 8GB; SSD: 512GB; Phân loại: Văn phòng mỏng nhẹ; VGA: Card tích hợp
SKU001213,Laptop Dell Đồ họa kỹ thuật (Intel Core i7 Gen 14 / 8GB / 512GB),Điện tử,Laptop,Laptop Windows,22000000,https://picsum.photos/seed/lap1213/600/600,CPU: Intel Core i7 Gen 14; RAM: 8GB; SSD: 512GB; Phân loại: Đồ họa kỹ thuật; VGA: Card tích hợp
SKU001214,Laptop Asus Đồ họa kỹ thuật (Intel Core i7 Gen 14 / 16GB / 512GB),Điện tử,Laptop,Laptop Windows,25000000,https://picsum.photos/seed/lap1214/600/600,CPU: Intel Core i7 Gen 14; RAM: 16GB; SSD: 512GB; Phân loại: Đồ họa kỹ thuật; VGA: Card tích hợp
SKU001215,Laptop Lenovo Đồ họa kỹ thuật (Intel Core Ultra 7 / 16GB / 512GB),Điện tử,Laptop,Laptop Windows,44000000,https://picsum.photos/seed/lap1215/600/600,CPU: Intel Core Ultra 7; RAM: 16GB; SSD: 512GB; Phân loại: Đồ họa kỹ thuật; VGA: RTX 4060 8GB
SKU001216,Laptop Lenovo Đồ họa kỹ thuật (AMD Ryzen 7 7000 Series / 16GB / 1TB),Điện tử,Laptop,Laptop Windows,46000000,https://picsum.photos/seed/lap1216/600/600,CPU: AMD Ryzen 7 7000 Series; RAM: 16GB; SSD: 1TB; Phân loại: Đồ họa kỹ thuật; VGA: Card tích hợp
SKU001217,Laptop Asus Văn phòng mỏng nhẹ (Intel Core Ultra 7 / 32GB / 1TB),Điện tử,Laptop,Laptop Windows,53000000,https://picsum.photos/seed/lap1217/600/600,CPU: Intel Core Ultra 7; RAM: 32GB; SSD: 1TB; Phân loại: Văn phòng mỏng nhẹ; VGA: RTX 4060 8GB
SKU001218,Laptop Acer Văn phòng mỏng nhẹ (AMD Ryzen 7 7000 Series / 8GB / 1TB),Điện tử,Laptop,Laptop Windows,43000000,https://picsum.photos/seed/lap1218/600/600,CPU: AMD Ryzen 7 7000 Series; RAM: 8GB; SSD: 1TB; Phân loại: Văn phòng mỏng nhẹ; VGA: Card tích hợp
SKU001219,Laptop Dell Đồ họa kỹ thuật (Intel Core i5 Gen 13 / 32GB / 1TB),Điện tử,Laptop,Laptop Windows,48000000,https://picsum.photos/seed/lap1219/600/600,CPU: Intel Core i5 Gen 13; RAM: 32GB; SSD: 1TB; Phân loại: Đồ họa kỹ thuật; VGA: RTX 4060 8GB
SKU001220,Laptop Apple MacBook Air M3 (RAM 24GB / SSD 512GB),Điện tử,Laptop,MacBook,45000000,https://picsum.photos/seed/lap1220/600/600,Chip CPU: Apple Silicon; RAM: 24GB; SSD: 512GB; Màn hình: Liquid Retina
SKU001221,Laptop Asus Văn phòng mỏng nhẹ (AMD Ryzen 7 7000 Series / 16GB / 1TB),Điện tử,Laptop,Laptop Windows,35000000,https://picsum.photos/seed/lap1221/600/600,CPU: AMD Ryzen 7 7000 Series; RAM: 16GB; SSD: 1TB; Phân loại: Văn phòng mỏng nhẹ; VGA: Card tích hợp
SKU001222,Laptop Lenovo Gaming (AMD Ryzen 7 7000 Series / 16GB / 1TB),Điện tử,Laptop,Laptop Windows,55000000,https://picsum.photos/seed/lap1222/600/600,CPU: AMD Ryzen 7 7000 Series; RAM: 16GB; SSD: 1TB; Phân loại: Gaming; VGA: Card tích hợp
SKU001223,Laptop Asus Văn phòng mỏng nhẹ (Intel Core i7 Gen 14 / 8GB / 1TB),Điện tử,Laptop,Laptop Windows,47000000,https://picsum.photos/seed/lap1223/600/600,CPU: Intel Core i7 Gen 14; RAM: 8GB; SSD: 1TB; Phân loại: Văn phòng mỏng nhẹ; VGA: Card tích hợp
SKU001224,Laptop Acer Gaming (Intel Core i7 Gen 14 / 8GB / 1TB),Điện tử,Laptop,Laptop Windows,47000000,https://picsum.photos/seed/lap1224/600/600,CPU: Intel Core i7 Gen 14; RAM: 8GB; SSD: 1TB; Phân loại: Gaming; VGA: RTX 4050 6GB
SKU001225,Laptop Apple MacBook Pro 16 M3 Max (RAM 36GB / SSD 512GB),Điện tử,Laptop,MacBook,14000000,https://picsum.photos/seed/lap1225/600/600,Chip CPU: Apple Silicon; RAM: 36GB; SSD: 512GB; Màn hình: Liquid Retina
SKU001226,Laptop Acer Văn phòng mỏng nhẹ (Intel Core Ultra 7 / 32GB / 512GB),Điện tử,Laptop,Laptop Windows,39000000,https://picsum.photos/seed/lap1226/600/600,CPU: Intel Core Ultra 7; RAM: 32GB; SSD: 512GB; Phân loại: Văn phòng mỏng nhẹ; VGA: Card tích hợp
SKU001227,Laptop Lenovo Văn phòng mỏng nhẹ (Intel Core i7 Gen 14 / 16GB / 512GB),Điện tử,Laptop,Laptop Windows,54000000,https://picsum.photos/seed/lap1227/600/600,CPU: Intel Core i7 Gen 14; RAM: 16GB; SSD: 512GB; Phân loại: Văn phòng mỏng nhẹ; VGA: Card tích hợp
SKU001228,Laptop Lenovo Văn phòng mỏng nhẹ (AMD Ryzen 7 7000 Series / 16GB / 512GB),Điện tử,Laptop,Laptop Windows,14000000,https://picsum.photos/seed/lap1228/600/600,CPU: AMD Ryzen 7 7000 Series; RAM: 16GB; SSD: 512GB; Phân loại: Văn phòng mỏng nhẹ; VGA: RTX 4060 8GB
SKU001229,Laptop Asus Gaming (Intel Core i5 Gen 13 / 8GB / 1TB),Điện tử,Laptop,Laptop Windows,51000000,https://picsum.photos/seed/lap1229/600/600,CPU: Intel Core i5 Gen 13; RAM: 8GB; SSD: 1TB; Phân loại: Gaming; VGA: RTX 4060 8GB
SKU001230,Laptop HP Văn phòng mỏng nhẹ (AMD Ryzen 7 7000 Series / 32GB / 512GB),Điện tử,Laptop,Laptop Windows,39000000,https://picsum.photos/seed/lap1230/600/600,CPU: AMD Ryzen 7 7000 Series; RAM: 32GB; SSD: 512GB; Phân loại: Văn phòng mỏng nhẹ; VGA: RTX 4050 6GB
SKU001231,Laptop Asus Gaming (Intel Core i5 Gen 13 / 8GB / 512GB),Điện tử,Laptop,Laptop Windows,24000000,https://picsum.photos/seed/lap1231/600/600,CPU: Intel Core i5 Gen 13; RAM: 8GB; SSD: 512GB; Phân loại: Gaming; VGA: RTX 4050 6GB
SKU001232,Laptop Asus Văn phòng mỏng nhẹ (Intel Core i5 Gen 13 / 8GB / 1TB),Điện tử,Laptop,Laptop Windows,42000000,https://picsum.photos/seed/lap1232/600/600,CPU: Intel Core i5 Gen 13; RAM: 8GB; SSD: 1TB; Phân loại: Văn phòng mỏng nhẹ; VGA: RTX 4050 6GB
SKU001233,Laptop Apple MacBook Air M2 (RAM 24GB / SSD 256GB),Điện tử,Laptop,MacBook,40000000,https://picsum.photos/seed/lap1233/600/600,Chip CPU: Apple Silicon; RAM: 24GB; SSD: 256GB; Màn hình: Liquid Retina
SKU001234,Laptop Apple MacBook Air M3 (RAM 16GB / SSD 512GB),Điện tử,Laptop,MacBook,20000000,https://picsum.photos/seed/lap1234/600/600,Chip CPU: Apple Silicon; RAM: 16GB; SSD: 512GB; Màn hình: Liquid Retina
SKU001235,Laptop Apple MacBook Air M3 (RAM 36GB / SSD 1TB),Điện tử,Laptop,MacBook,15000000,https://picsum.photos/seed/lap1235/600/600,Chip CPU: Apple Silicon; RAM: 36GB; SSD: 1TB; Màn hình: Liquid Retina
SKU001236,Laptop Asus Đồ họa kỹ thuật (AMD Ryzen 7 7000 Series / 16GB / 1TB),Điện tử,Laptop,Laptop Windows,34000000,https://picsum.photos/seed/lap1236/600/600,CPU: AMD Ryzen 7 7000 Series; RAM: 16GB; SSD: 1TB; Phân loại: Đồ họa kỹ thuật; VGA: RTX 4060 8GB
SKU001237,Laptop Acer Đồ họa kỹ thuật (AMD Ryzen 7 7000 Series / 8GB / 1TB),Điện tử,Laptop,Laptop Windows,54000000,https://picsum.photos/seed/lap1237/600/600,CPU: AMD Ryzen 7 7000 Series; RAM: 8GB; SSD: 1TB; Phân loại: Đồ họa kỹ thuật; VGA: RTX 4050 6GB
SKU001238,Laptop Lenovo Gaming (Intel Core i5 Gen 13 / 32GB / 1TB),Điện tử,Laptop,Laptop Windows,32000000,https://picsum.photos/seed/lap1238/600/600,CPU: Intel Core i5 Gen 13; RAM: 32GB; SSD: 1TB; Phân loại: Gaming; VGA: RTX 4050 6GB
SKU001239,Laptop HP Gaming (Intel Core Ultra 7 / 16GB / 512GB),Điện tử,Laptop,Laptop Windows,31000000,https://picsum.photos/seed/lap1239/600/600,CPU: Intel Core Ultra 7; RAM: 16GB; SSD: 512GB; Phân loại: Gaming; VGA: Card tích hợp
SKU001240,Laptop Acer Văn phòng mỏng nhẹ (AMD Ryzen 7 7000 Series / 16GB / 1TB),Điện tử,Laptop,Laptop Windows,49000000,https://picsum.photos/seed/lap1240/600/600,CPU: AMD Ryzen 7 7000 Series; RAM: 16GB; SSD: 1TB; Phân loại: Văn phòng mỏng nhẹ; VGA: RTX 4060 8GB
SKU001241,Laptop Lenovo Đồ họa kỹ thuật (Intel Core i7 Gen 14 / 16GB / 512GB),Điện tử,Laptop,Laptop Windows,50000000,https://picsum.photos/seed/lap1241/600/600,CPU: Intel Core i7 Gen 14; RAM: 16GB; SSD: 512GB; Phân loại: Đồ họa kỹ thuật; VGA: Card tích hợp
SKU001242,Laptop Asus Đồ họa kỹ thuật (Intel Core Ultra 7 / 8GB / 1TB),Điện tử,Laptop,Laptop Windows,43000000,https://picsum.photos/seed/lap1242/600/600,CPU: Intel Core Ultra 7; RAM: 8GB; SSD: 1TB; Phân loại: Đồ họa kỹ thuật; VGA: RTX 4050 6GB
SKU001243,Laptop Apple MacBook Pro 16 M3 Max (RAM 8GB / SSD 512GB),Điện tử,Laptop,MacBook,38000000,https://picsum.photos/seed/lap1243/600/600,Chip CPU: Apple Silicon; RAM: 8GB; SSD: 512GB; Màn hình: Liquid Retina
SKU001244,Laptop Apple MacBook Air M3 (RAM 24GB / SSD 512GB),Điện tử,Laptop,MacBook,31000000,https://picsum.photos/seed/lap1244/600/600,Chip CPU: Apple Silicon; RAM: 24GB; SSD: 512GB; Màn hình: Liquid Retina
SKU001245,Laptop HP Gaming (AMD Ryzen 7 7000 Series / 8GB / 512GB),Điện tử,Laptop,Laptop Windows,34000000,https://picsum.photos/seed/lap1245/600/600,CPU: AMD Ryzen 7 7000 Series; RAM: 8GB; SSD: 512GB; Phân loại: Gaming; VGA: RTX 4060 8GB
SKU001246,Laptop HP Gaming (Intel Core i5 Gen 13 / 8GB / 512GB),Điện tử,Laptop,Laptop Windows,45000000,https://picsum.photos/seed/lap1246/600/600,CPU: Intel Core i5 Gen 13; RAM: 8GB; SSD: 512GB; Phân loại: Gaming; VGA: RTX 4060 8GB
SKU001247,Laptop HP Văn phòng mỏng nhẹ (Intel Core Ultra 7 / 8GB / 1TB),Điện tử,Laptop,Laptop Windows,15000000,https://picsum.photos/seed/lap1247/600/600,CPU: Intel Core Ultra 7; RAM: 8GB; SSD: 1TB; Phân loại: Văn phòng mỏng nhẹ; VGA: RTX 4060 8GB
SKU001248,Laptop Dell Văn phòng mỏng nhẹ (Intel Core i7 Gen 14 / 8GB / 512GB),Điện tử,Laptop,Laptop Windows,25000000,https://picsum.photos/seed/lap1248/600/600,CPU: Intel Core i7 Gen 14; RAM: 8GB; SSD: 512GB; Phân loại: Văn phòng mỏng nhẹ; VGA: RTX 4060 8GB
SKU001249,Laptop Apple MacBook Air 15 M3 (RAM 36GB / SSD 512GB),Điện tử,Laptop,MacBook,20000000,https://picsum.photos/seed/lap1249/600/600,Chip CPU: Apple Silicon; RAM: 36GB; SSD: 512GB; Màn hình: Liquid Retina
SKU001250,Laptop Acer Gaming (Intel Core i5 Gen 13 / 8GB / 512GB),Điện tử,Laptop,Laptop Windows,26000000,https://picsum.photos/seed/lap1250/600/600,CPU: Intel Core i5 Gen 13; RAM: 8GB; SSD: 512GB; Phân loại: Gaming; VGA: RTX 4050 6GB
SKU001251,Laptop Dell Văn phòng mỏng nhẹ (Intel Core i7 Gen 14 / 8GB / 512GB),Điện tử,Laptop,Laptop Windows,42000000,https://picsum.photos/seed/lap1251/600/600,CPU: Intel Core i7 Gen 14; RAM: 8GB; SSD: 512GB; Phân loại: Văn phòng mỏng nhẹ; VGA: Card tích hợp
SKU001252,Laptop Acer Đồ họa kỹ thuật (Intel Core i7 Gen 14 / 8GB / 1TB),Điện tử,Laptop,Laptop Windows,43000000,https://picsum.photos/seed/lap1252/600/600,CPU: Intel Core i7 Gen 14; RAM: 8GB; SSD: 1TB; Phân loại: Đồ họa kỹ thuật; VGA: RTX 4060 8GB
SKU001253,Laptop Apple MacBook Air M2 (RAM 24GB / SSD 512GB),Điện tử,Laptop,MacBook,17000000,https://picsum.photos/seed/lap1253/600/600,Chip CPU: Apple Silicon; RAM: 24GB; SSD: 512GB; Màn hình: Liquid Retina
SKU001254,Laptop Apple MacBook Pro 14 M3 (RAM 24GB / SSD 1TB),Điện tử,Laptop,MacBook,40000000,https://picsum.photos/seed/lap1254/600/600,Chip CPU: Apple Silicon; RAM: 24GB; SSD: 1TB; Màn hình: Liquid Retina
SKU001255,Laptop Lenovo Gaming (Intel Core i5 Gen 13 / 16GB / 1TB),Điện tử,Laptop,Laptop Windows,26000000,https://picsum.photos/seed/lap1255/600/600,CPU: Intel Core i5 Gen 13; RAM: 16GB; SSD: 1TB; Phân loại: Gaming; VGA: RTX 4060 8GB
SKU001256,Laptop Asus Đồ họa kỹ thuật (AMD Ryzen 7 7000 Series / 32GB / 512GB),Điện tử,Laptop,Laptop Windows,39000000,https://picsum.photos/seed/lap1256/600/600,CPU: AMD Ryzen 7 7000 Series; RAM: 32GB; SSD: 512GB; Phân loại: Đồ họa kỹ thuật; VGA: RTX 4060 8GB
SKU001257,Laptop Dell Đồ họa kỹ thuật (AMD Ryzen 7 7000 Series / 8GB / 512GB),Điện tử,Laptop,Laptop Windows,22000000,https://picsum.photos/seed/lap1257/600/600,CPU: AMD Ryzen 7 7000 Series; RAM: 8GB; SSD: 512GB; Phân loại: Đồ họa kỹ thuật; VGA: Card tích hợp
SKU001258,Laptop Lenovo Đồ họa kỹ thuật (Intel Core i5 Gen 13 / 8GB / 512GB),Điện tử,Laptop,Laptop Windows,24000000,https://picsum.photos/seed/lap1258/600/600,CPU: Intel Core i5 Gen 13; RAM: 8GB; SSD: 512GB; Phân loại: Đồ họa kỹ thuật; VGA: RTX 4050 6GB
SKU001259,Laptop HP Văn phòng mỏng nhẹ (Intel Core Ultra 7 / 8GB / 512GB),Điện tử,Laptop,Laptop Windows,24000000,https://picsum.photos/seed/lap1259/600/600,CPU: Intel Core Ultra 7; RAM: 8GB; SSD: 512GB; Phân loại: Văn phòng mỏng nhẹ; VGA: RTX 4060 8GB
SKU001260,Laptop Lenovo Văn phòng mỏng nhẹ (AMD Ryzen 7 7000 Series / 16GB / 1TB),Điện tử,Laptop,Laptop Windows,55000000,https://picsum.photos/seed/lap1260/600/600,CPU: AMD Ryzen 7 7000 Series; RAM: 16GB; SSD: 1TB; Phân loại: Văn phòng mỏng nhẹ; VGA: RTX 4050 6GB
SKU001261,Laptop Asus Gaming (AMD Ryzen 7 7000 Series / 32GB / 1TB),Điện tử,Laptop,Laptop Windows,30000000,https://picsum.photos/seed/lap1261/600/600,CPU: AMD Ryzen 7 7000 Series; RAM: 32GB; SSD: 1TB; Phân loại: Gaming; VGA: Card tích hợp
SKU001262,Laptop Lenovo Gaming (Intel Core Ultra 7 / 16GB / 512GB),Điện tử,Laptop,Laptop Windows,49000000,https://picsum.photos/seed/lap1262/600/600,CPU: Intel Core Ultra 7; RAM: 16GB; SSD: 512GB; Phân loại: Gaming; VGA: RTX 4060 8GB
SKU001263,Laptop Asus Gaming (AMD Ryzen 7 7000 Series / 8GB / 1TB),Điện tử,Laptop,Laptop Windows,27000000,https://picsum.photos/seed/lap1263/600/600,CPU: AMD Ryzen 7 7000 Series; RAM: 8GB; SSD: 1TB; Phân loại: Gaming; VGA: RTX 4050 6GB
SKU001264,Laptop HP Văn phòng mỏng nhẹ (AMD Ryzen 7 7000 Series / 32GB / 512GB),Điện tử,Laptop,Laptop Windows,43000000,https://picsum.photos/seed/lap1264/600/600,CPU: AMD Ryzen 7 7000 Series; RAM: 32GB; SSD: 512GB; Phân loại: Văn phòng mỏng nhẹ; VGA: RTX 4050 6GB
SKU001265,Laptop Asus Gaming (Intel Core i5 Gen 13 / 16GB / 1TB),Điện tử,Laptop,Laptop Windows,36000000,https://picsum.photos/seed/lap1265/600/600,CPU: Intel Core i5 Gen 13; RAM: 16GB; SSD: 1TB; Phân loại: Gaming; VGA: RTX 4060 8GB
SKU001266,Laptop Asus Gaming (Intel Core i5 Gen 13 / 32GB / 512GB),Điện tử,Laptop,Laptop Windows,49000000,https://picsum.photos/seed/lap1266/600/600,CPU: Intel Core i5 Gen 13; RAM: 32GB; SSD: 512GB; Phân loại: Gaming; VGA: Card tích hợp
SKU001267,Laptop Asus Văn phòng mỏng nhẹ (AMD Ryzen 7 7000 Series / 32GB / 512GB),Điện tử,Laptop,Laptop Windows,54000000,https://picsum.photos/seed/lap1267/600/600,CPU: AMD Ryzen 7 7000 Series; RAM: 32GB; SSD: 512GB; Phân loại: Văn phòng mỏng nhẹ; VGA: RTX 4050 6GB
SKU001268,Laptop Acer Đồ họa kỹ thuật (Intel Core i7 Gen 14 / 32GB / 512GB),Điện tử,Laptop,Laptop Windows,21000000,https://picsum.photos/seed/lap1268/600/600,CPU: Intel Core i7 Gen 14; RAM: 32GB; SSD: 512GB; Phân loại: Đồ họa kỹ thuật; VGA: RTX 4050 6GB
SKU001269,Laptop Apple MacBook Air M2 (RAM 16GB / SSD 1TB),Điện tử,Laptop,MacBook,23000000,https://picsum.photos/seed/lap1269/600/600,Chip CPU: Apple Silicon; RAM: 16GB; SSD: 1TB; Màn hình: Liquid Retina
SKU001270,Laptop Asus Gaming (Intel Core i5 Gen 13 / 32GB / 512GB),Điện tử,Laptop,Laptop Windows,32000000,https://picsum.photos/seed/lap1270/600/600,CPU: Intel Core i5 Gen 13; RAM: 32GB; SSD: 512GB; Phân loại: Gaming; VGA: Card tích hợp
SKU001271,Laptop Asus Văn phòng mỏng nhẹ (AMD Ryzen 7 7000 Series / 32GB / 512GB),Điện tử,Laptop,Laptop Windows,55000000,https://picsum.photos/seed/lap1271/600/600,CPU: AMD Ryzen 7 7000 Series; RAM: 32GB; SSD: 512GB; Phân loại: Văn phòng mỏng nhẹ; VGA: RTX 4050 6GB
SKU001272,Laptop Lenovo Văn phòng mỏng nhẹ (AMD Ryzen 7 7000 Series / 32GB / 1TB),Điện tử,Laptop,Laptop Windows,12000000,https://picsum.photos/seed/lap1272/600/600,CPU: AMD Ryzen 7 7000 Series; RAM: 32GB; SSD: 1TB; Phân loại: Văn phòng mỏng nhẹ; VGA: RTX 4050 6GB
SKU001273,Laptop Acer Văn phòng mỏng nhẹ (Intel Core i7 Gen 14 / 32GB / 1TB),Điện tử,Laptop,Laptop Windows,20000000,https://picsum.photos/seed/lap1273/600/600,CPU: Intel Core i7 Gen 14; RAM: 32GB; SSD: 1TB; Phân loại: Văn phòng mỏng nhẹ; VGA: RTX 4050 6GB
SKU001274,Laptop Asus Văn phòng mỏng nhẹ (AMD Ryzen 7 7000 Series / 16GB / 1TB),Điện tử,Laptop,Laptop Windows,15000000,https://picsum.photos/seed/lap1274/600/600,CPU: AMD Ryzen 7 7000 Series; RAM: 16GB; SSD: 1TB; Phân loại: Văn phòng mỏng nhẹ; VGA: Card tích hợp
SKU001275,Laptop Asus Đồ họa kỹ thuật (AMD Ryzen 7 7000 Series / 32GB / 512GB),Điện tử,Laptop,Laptop Windows,13000000,https://picsum.photos/seed/lap1275/600/600,CPU: AMD Ryzen 7 7000 Series; RAM: 32GB; SSD: 512GB; Phân loại: Đồ họa kỹ thuật; VGA: Card tích hợp
SKU001276,Laptop Acer Đồ họa kỹ thuật (Intel Core i7 Gen 14 / 16GB / 1TB),Điện tử,Laptop,Laptop Windows,48000000,https://picsum.photos/seed/lap1276/600/600,CPU: Intel Core i7 Gen 14; RAM: 16GB; SSD: 1TB; Phân loại: Đồ họa kỹ thuật; VGA: RTX 4060 8GB
SKU001277,Laptop Apple MacBook Pro 14 M3 (RAM 36GB / SSD 1TB),Điện tử,Laptop,MacBook,19000000,https://picsum.photos/seed/lap1277/600/600,Chip CPU: Apple Silicon; RAM: 36GB; SSD: 1TB; Màn hình: Liquid Retina
SKU001278,Laptop Lenovo Văn phòng mỏng nhẹ (AMD Ryzen 7 7000 Series / 32GB / 1TB),Điện tử,Laptop,Laptop Windows,39000000,https://picsum.photos/seed/lap1278/600/600,CPU: AMD Ryzen 7 7000 Series; RAM: 32GB; SSD: 1TB; Phân loại: Văn phòng mỏng nhẹ; VGA: RTX 4060 8GB
SKU001279,Laptop Lenovo Văn phòng mỏng nhẹ (AMD Ryzen 7 7000 Series / 16GB / 1TB),Điện tử,Laptop,Laptop Windows,22000000,https://picsum.photos/seed/lap1279/600/600,CPU: AMD Ryzen 7 7000 Series; RAM: 16GB; SSD: 1TB; Phân loại: Văn phòng mỏng nhẹ; VGA: Card tích hợp
SKU001280,Laptop Acer Gaming (AMD Ryzen 7 7000 Series / 8GB / 1TB),Điện tử,Laptop,Laptop Windows,42000000,https://picsum.photos/seed/lap1280/600/600,CPU: AMD Ryzen 7 7000 Series; RAM: 8GB; SSD: 1TB; Phân loại: Gaming; VGA: RTX 4050 6GB
SKU001281,Laptop Dell Gaming (Intel Core Ultra 7 / 32GB / 512GB),Điện tử,Laptop,Laptop Windows,31000000,https://picsum.photos/seed/lap1281/600/600,CPU: Intel Core Ultra 7; RAM: 32GB; SSD: 512GB; Phân loại: Gaming; VGA: RTX 4050 6GB
SKU001282,Laptop Dell Đồ họa kỹ thuật (Intel Core Ultra 7 / 32GB / 1TB),Điện tử,Laptop,Laptop Windows,16000000,https://picsum.photos/seed/lap1282/600/600,CPU: Intel Core Ultra 7; RAM: 32GB; SSD: 1TB; Phân loại: Đồ họa kỹ thuật; VGA: RTX 4060 8GB
SKU001283,Laptop Asus Văn phòng mỏng nhẹ (Intel Core i5 Gen 13 / 32GB / 512GB),Điện tử,Laptop,Laptop Windows,31000000,https://picsum.photos/seed/lap1283/600/600,CPU: Intel Core i5 Gen 13; RAM: 32GB; SSD: 512GB; Phân loại: Văn phòng mỏng nhẹ; VGA: RTX 4050 6GB
SKU001284,Laptop Lenovo Đồ họa kỹ thuật (Intel Core i5 Gen 13 / 16GB / 512GB),Điện tử,Laptop,Laptop Windows,53000000,https://picsum.photos/seed/lap1284/600/600,CPU: Intel Core i5 Gen 13; RAM: 16GB; SSD: 512GB; Phân loại: Đồ họa kỹ thuật; VGA: RTX 4050 6GB
SKU001285,Laptop Dell Văn phòng mỏng nhẹ (AMD Ryzen 7 7000 Series / 16GB / 512GB),Điện tử,Laptop,Laptop Windows,25000000,https://picsum.photos/seed/lap1285/600/600,CPU: AMD Ryzen 7 7000 Series; RAM: 16GB; SSD: 512GB; Phân loại: Văn phòng mỏng nhẹ; VGA: Card tích hợp
SKU001286,Laptop Asus Gaming (AMD Ryzen 7 7000 Series / 32GB / 512GB),Điện tử,Laptop,Laptop Windows,15000000,https://picsum.photos/seed/lap1286/600/600,CPU: AMD Ryzen 7 7000 Series; RAM: 32GB; SSD: 512GB; Phân loại: Gaming; VGA: Card tích hợp
SKU001287,Laptop Apple MacBook Pro 14 M3 (RAM 24GB / SSD 256GB),Điện tử,Laptop,MacBook,25000000,https://picsum.photos/seed/lap1287/600/600,Chip CPU: Apple Silicon; RAM: 24GB; SSD: 256GB; Màn hình: Liquid Retina
SKU001288,Laptop HP Văn phòng mỏng nhẹ (Intel Core i7 Gen 14 / 8GB / 1TB),Điện tử,Laptop,Laptop Windows,27000000,https://picsum.photos/seed/lap1288/600/600,CPU: Intel Core i7 Gen 14; RAM: 8GB; SSD: 1TB; Phân loại: Văn phòng mỏng nhẹ; VGA: RTX 4060 8GB
SKU001289,Laptop Asus Đồ họa kỹ thuật (AMD Ryzen 7 7000 Series / 8GB / 512GB),Điện tử,Laptop,Laptop Windows,43000000,https://picsum.photos/seed/lap1289/600/600,CPU: AMD Ryzen 7 7000 Series; RAM: 8GB; SSD: 512GB; Phân loại: Đồ họa kỹ thuật; VGA: RTX 4050 6GB
SKU001290,Laptop Apple MacBook Air M3 (RAM 16GB / SSD 512GB),Điện tử,Laptop,MacBook,49000000,https://picsum.photos/seed/lap1290/600/600,Chip CPU: Apple Silicon; RAM: 16GB; SSD: 512GB; Màn hình: Liquid Retina
SKU001291,Laptop Dell Gaming (Intel Core i5 Gen 13 / 32GB / 512GB),Điện tử,Laptop,Laptop Windows,50000000,https://picsum.photos/seed/lap1291/600/600,CPU: Intel Core i5 Gen 13; RAM: 32GB; SSD: 512GB; Phân loại: Gaming; VGA: Card tích hợp
SKU001292,Laptop HP Gaming (Intel Core i7 Gen 14 / 32GB / 1TB),Điện tử,Laptop,Laptop Windows,41000000,https://picsum.photos/seed/lap1292/600/600,CPU: Intel Core i7 Gen 14; RAM: 32GB; SSD: 1TB; Phân loại: Gaming; VGA: Card tích hợp
SKU001293,Laptop HP Gaming (AMD Ryzen 7 7000 Series / 16GB / 512GB),Điện tử,Laptop,Laptop Windows,14000000,https://picsum.photos/seed/lap1293/600/600,CPU: AMD Ryzen 7 7000 Series; RAM: 16GB; SSD: 512GB; Phân loại: Gaming; VGA: RTX 4050 6GB
SKU001294,Laptop Asus Đồ họa kỹ thuật (Intel Core i7 Gen 14 / 8GB / 512GB),Điện tử,Laptop,Laptop Windows,21000000,https://picsum.photos/seed/lap1294/600/600,CPU: Intel Core i7 Gen 14; RAM: 8GB; SSD: 512GB; Phân loại: Đồ họa kỹ thuật; VGA: Card tích hợp
SKU001295,Laptop Asus Văn phòng mỏng nhẹ (Intel Core Ultra 7 / 16GB / 512GB),Điện tử,Laptop,Laptop Windows,39000000,https://picsum.photos/seed/lap1295/600/600,CPU: Intel Core Ultra 7; RAM: 16GB; SSD: 512GB; Phân loại: Văn phòng mỏng nhẹ; VGA: Card tích hợp
SKU001296,Laptop Asus Đồ họa kỹ thuật (Intel Core i5 Gen 13 / 32GB / 1TB),Điện tử,Laptop,Laptop Windows,33000000,https://picsum.photos/seed/lap1296/600/600,CPU: Intel Core i5 Gen 13; RAM: 32GB; SSD: 1TB; Phân loại: Đồ họa kỹ thuật; VGA: RTX 4050 6GB
SKU001297,Laptop Dell Đồ họa kỹ thuật (Intel Core Ultra 7 / 32GB / 512GB),Điện tử,Laptop,Laptop Windows,51000000,https://picsum.photos/seed/lap1297/600/600,CPU: Intel Core Ultra 7; RAM: 32GB; SSD: 512GB; Phân loại: Đồ họa kỹ thuật; VGA: RTX 4050 6GB
SKU001298,Laptop Dell Đồ họa kỹ thuật (Intel Core Ultra 7 / 16GB / 1TB),Điện tử,Laptop,Laptop Windows,23000000,https://picsum.photos/seed/lap1298/600/600,CPU: Intel Core Ultra 7; RAM: 16GB; SSD: 1TB; Phân loại: Đồ họa kỹ thuật; VGA: RTX 4060 8GB
SKU001299,Laptop Asus Gaming (Intel Core Ultra 7 / 8GB / 1TB),Điện tử,Laptop,Laptop Windows,27000000,https://picsum.photos/seed/lap1299/600/600,CPU: Intel Core Ultra 7; RAM: 8GB; SSD: 1TB; Phân loại: Gaming; VGA: RTX 4060 8GB
SKU001300,Laptop HP Văn phòng mỏng nhẹ (Intel Core Ultra 7 / 16GB / 512GB),Điện tử,Laptop,Laptop Windows,21000000,https://picsum.photos/seed/lap1300/600/600,CPU: Intel Core Ultra 7; RAM: 16GB; SSD: 512GB; Phân loại: Văn phòng mỏng nhẹ; VGA: RTX 4050 6GB
SKU001301,Máy giặt Electrolux 11.0 kg Giặt sấy kết hợp Inverter,Điện máy,Máy giặt,Giặt sấy kết hợp,17000000,https://picsum.photos/seed/homeapp1301/600/600,Khối lượng giặt: 11.0kg; Kiểu lồng: Giặt sấy kết hợp; Động cơ: Truyền động trực tiếp Inverter; Giặt nước nóng
SKU001302,Máy giặt Panasonic 8.5 kg Cửa trên (Lồng đứng) Inverter,Điện máy,Máy giặt,Cửa trên (Lồng đứng),21000000,https://picsum.photos/seed/homeapp1302/600/600,Khối lượng giặt: 8.5kg; Kiểu lồng: Cửa trên (Lồng đứng); Động cơ: Truyền động trực tiếp Inverter; Giặt nước nóng
SKU001303,Máy giặt Electrolux 9.5 kg Giặt sấy kết hợp Inverter,Điện máy,Máy giặt,Giặt sấy kết hợp,21000000,https://picsum.photos/seed/homeapp1303/600/600,Khối lượng giặt: 9.5kg; Kiểu lồng: Giặt sấy kết hợp; Động cơ: Truyền động trực tiếp Inverter; Giặt nước nóng
SKU001304,Tủ lạnh LG 550 Lít Inverter 2 cánh truyền thống,Điện máy,Tủ lạnh,Inverter 2 cánh truyền thống,19000000,https://picsum.photos/seed/homeapp1304/600/600,Dung tích: 550L; Kiểu tủ: Inverter 2 cánh truyền thống; Công nghệ: Inverter tiết kiệm điện; Khử mùi: Ag+ Nano
SKU001305,Tủ lạnh Panasonic 450 Lít Inverter ngăn đông dưới,Điện máy,Tủ lạnh,Inverter ngăn đông dưới,25000000,https://picsum.photos/seed/homeapp1305/600/600,Dung tích: 450L; Kiểu tủ: Inverter ngăn đông dưới; Công nghệ: Inverter tiết kiệm điện; Khử mùi: Ag+ Nano
SKU001306,Tủ lạnh LG 320 Lít Inverter ngăn đông dưới,Điện máy,Tủ lạnh,Inverter ngăn đông dưới,22000000,https://picsum.photos/seed/homeapp1306/600/600,Dung tích: 320L; Kiểu tủ: Inverter ngăn đông dưới; Công nghệ: Inverter tiết kiệm điện; Khử mùi: Ag+ Nano
SKU001307,Máy giặt Toshiba 10.0 kg Giặt sấy kết hợp Inverter,Điện máy,Máy giặt,Giặt sấy kết hợp,20000000,https://picsum.photos/seed/homeapp1307/600/600,Khối lượng giặt: 10.0kg; Kiểu lồng: Giặt sấy kết hợp; Động cơ: Truyền động trực tiếp Inverter; Giặt nước nóng
SKU001308,Tủ lạnh Toshiba 180 Lít Multi Door 4 cánh,Điện máy,Tủ lạnh,Multi Door 4 cánh,6000000,https://picsum.photos/seed/homeapp1308/600/600,Dung tích: 180L; Kiểu tủ: Multi Door 4 cánh; Công nghệ: Inverter tiết kiệm điện; Khử mùi: Ag+ Nano
SKU001309,Máy giặt Samsung 10.0 kg Giặt sấy kết hợp Inverter,Điện máy,Máy giặt,Giặt sấy kết hợp,10000000,https://picsum.photos/seed/homeapp1309/600/600,Khối lượng giặt: 10.0kg; Kiểu lồng: Giặt sấy kết hợp; Động cơ: Truyền động trực tiếp Inverter; Giặt nước nóng
SKU001310,Máy giặt LG 9.5 kg Cửa trước (Lồng ngang) Inverter,Điện máy,Máy giặt,Cửa trước (Lồng ngang),8000000,https://picsum.photos/seed/homeapp1310/600/600,Khối lượng giặt: 9.5kg; Kiểu lồng: Cửa trước (Lồng ngang); Động cơ: Truyền động trực tiếp Inverter; Giặt nước nóng
SKU001311,Máy giặt Panasonic 11.0 kg Cửa trên (Lồng đứng) Inverter,Điện máy,Máy giặt,Cửa trên (Lồng đứng),18000000,https://picsum.photos/seed/homeapp1311/600/600,Khối lượng giặt: 11.0kg; Kiểu lồng: Cửa trên (Lồng đứng); Động cơ: Truyền động trực tiếp Inverter; Giặt nước nóng
SKU001312,Tủ lạnh Toshiba 320 Lít Side by side,Điện máy,Tủ lạnh,Side by side,29000000,https://picsum.photos/seed/homeapp1312/600/600,Dung tích: 320L; Kiểu tủ: Side by side; Công nghệ: Inverter tiết kiệm điện; Khử mùi: Ag+ Nano
SKU001313,Tủ lạnh LG 450 Lít Inverter ngăn đông dưới,Điện máy,Tủ lạnh,Inverter ngăn đông dưới,22000000,https://picsum.photos/seed/homeapp1313/600/600,Dung tích: 450L; Kiểu tủ: Inverter ngăn đông dưới; Công nghệ: Inverter tiết kiệm điện; Khử mùi: Ag+ Nano
SKU001314,Tủ lạnh Aqua 320 Lít Side by side,Điện máy,Tủ lạnh,Side by side,28000000,https://picsum.photos/seed/homeapp1314/600/600,Dung tích: 320L; Kiểu tủ: Side by side; Công nghệ: Inverter tiết kiệm điện; Khử mùi: Ag+ Nano
SKU001315,Tủ lạnh LG 250 Lít Side by side,Điện máy,Tủ lạnh,Side by side,25000000,https://picsum.photos/seed/homeapp1315/600/600,Dung tích: 250L; Kiểu tủ: Side by side; Công nghệ: Inverter tiết kiệm điện; Khử mùi: Ag+ Nano
SKU001316,Tủ lạnh Panasonic 450 Lít Inverter 2 cánh truyền thống,Điện máy,Tủ lạnh,Inverter 2 cánh truyền thống,33000000,https://picsum.photos/seed/homeapp1316/600/600,Dung tích: 450L; Kiểu tủ: Inverter 2 cánh truyền thống; Công nghệ: Inverter tiết kiệm điện; Khử mùi: Ag+ Nano
SKU001317,Máy giặt LG 9.5 kg Giặt sấy kết hợp Inverter,Điện máy,Máy giặt,Giặt sấy kết hợp,8000000,https://picsum.photos/seed/homeapp1317/600/600,Khối lượng giặt: 9.5kg; Kiểu lồng: Giặt sấy kết hợp; Động cơ: Truyền động trực tiếp Inverter; Giặt nước nóng
SKU001318,Tủ lạnh Samsung 320 Lít Inverter ngăn đông dưới,Điện máy,Tủ lạnh,Inverter ngăn đông dưới,7000000,https://picsum.photos/seed/homeapp1318/600/600,Dung tích: 320L; Kiểu tủ: Inverter ngăn đông dưới; Công nghệ: Inverter tiết kiệm điện; Khử mùi: Ag+ Nano
SKU001319,Máy giặt LG 11.0 kg Cửa trên (Lồng đứng) Inverter,Điện máy,Máy giặt,Cửa trên (Lồng đứng),8000000,https://picsum.photos/seed/homeapp1319/600/600,Khối lượng giặt: 11.0kg; Kiểu lồng: Cửa trên (Lồng đứng); Động cơ: Truyền động trực tiếp Inverter; Giặt nước nóng
SKU001320,Tủ lạnh Toshiba 550 Lít Inverter ngăn đông dưới,Điện máy,Tủ lạnh,Inverter ngăn đông dưới,14000000,https://picsum.photos/seed/homeapp1320/600/600,Dung tích: 550L; Kiểu tủ: Inverter ngăn đông dưới; Công nghệ: Inverter tiết kiệm điện; Khử mùi: Ag+ Nano
SKU001321,Máy giặt Electrolux 8.5 kg Giặt sấy kết hợp Inverter,Điện máy,Máy giặt,Giặt sấy kết hợp,13000000,https://picsum.photos/seed/homeapp1321/600/600,Khối lượng giặt: 8.5kg; Kiểu lồng: Giặt sấy kết hợp; Động cơ: Truyền động trực tiếp Inverter; Giặt nước nóng
SKU001322,Máy giặt Toshiba 10.0 kg Cửa trên (Lồng đứng) Inverter,Điện máy,Máy giặt,Cửa trên (Lồng đứng),17000000,https://picsum.photos/seed/homeapp1322/600/600,Khối lượng giặt: 10.0kg; Kiểu lồng: Cửa trên (Lồng đứng); Động cơ: Truyền động trực tiếp Inverter; Giặt nước nóng
SKU001323,Tủ lạnh LG 250 Lít Side by side,Điện máy,Tủ lạnh,Side by side,11000000,https://picsum.photos/seed/homeapp1323/600/600,Dung tích: 250L; Kiểu tủ: Side by side; Công nghệ: Inverter tiết kiệm điện; Khử mùi: Ag+ Nano
SKU001324,Tủ lạnh Samsung 320 Lít Inverter ngăn đông dưới,Điện máy,Tủ lạnh,Inverter ngăn đông dưới,36000000,https://picsum.photos/seed/homeapp1324/600/600,Dung tích: 320L; Kiểu tủ: Inverter ngăn đông dưới; Công nghệ: Inverter tiết kiệm điện; Khử mùi: Ag+ Nano
SKU001325,Máy giặt Panasonic 9.5 kg Cửa trên (Lồng đứng) Inverter,Điện máy,Máy giặt,Cửa trên (Lồng đứng),22000000,https://picsum.photos/seed/homeapp1325/600/600,Khối lượng giặt: 9.5kg; Kiểu lồng: Cửa trên (Lồng đứng); Động cơ: Truyền động trực tiếp Inverter; Giặt nước nóng
SKU001326,Máy giặt Samsung 11.0 kg Cửa trước (Lồng ngang) Inverter,Điện máy,Máy giặt,Cửa trước (Lồng ngang),21000000,https://picsum.photos/seed/homeapp1326/600/600,Khối lượng giặt: 11.0kg; Kiểu lồng: Cửa trước (Lồng ngang); Động cơ: Truyền động trực tiếp Inverter; Giặt nước nóng
SKU001327,Máy giặt Samsung 11.0 kg Cửa trên (Lồng đứng) Inverter,Điện máy,Máy giặt,Cửa trên (Lồng đứng),10000000,https://picsum.photos/seed/homeapp1327/600/600,Khối lượng giặt: 11.0kg; Kiểu lồng: Cửa trên (Lồng đứng); Động cơ: Truyền động trực tiếp Inverter; Giặt nước nóng
SKU001328,Tủ lạnh Samsung 320 Lít Inverter 2 cánh truyền thống,Điện máy,Tủ lạnh,Inverter 2 cánh truyền thống,13000000,https://picsum.photos/seed/homeapp1328/600/600,Dung tích: 320L; Kiểu tủ: Inverter 2 cánh truyền thống; Công nghệ: Inverter tiết kiệm điện; Khử mùi: Ag+ Nano
SKU001329,Máy giặt LG 8.5 kg Cửa trên (Lồng đứng) Inverter,Điện máy,Máy giặt,Cửa trên (Lồng đứng),13000000,https://picsum.photos/seed/homeapp1329/600/600,Khối lượng giặt: 8.5kg; Kiểu lồng: Cửa trên (Lồng đứng); Động cơ: Truyền động trực tiếp Inverter; Giặt nước nóng
SKU001330,Máy giặt LG 12.5 kg Cửa trước (Lồng ngang) Inverter,Điện máy,Máy giặt,Cửa trước (Lồng ngang),15000000,https://picsum.photos/seed/homeapp1330/600/600,Khối lượng giặt: 12.5kg; Kiểu lồng: Cửa trước (Lồng ngang); Động cơ: Truyền động trực tiếp Inverter; Giặt nước nóng
SKU001331,Tủ lạnh Panasonic 320 Lít Side by side,Điện máy,Tủ lạnh,Side by side,43000000,https://picsum.photos/seed/homeapp1331/600/600,Dung tích: 320L; Kiểu tủ: Side by side; Công nghệ: Inverter tiết kiệm điện; Khử mùi: Ag+ Nano
SKU001332,Tủ lạnh Aqua 630 Lít Side by side,Điện máy,Tủ lạnh,Side by side,34000000,https://picsum.photos/seed/homeapp1332/600/600,Dung tích: 630L; Kiểu tủ: Side by side; Công nghệ: Inverter tiết kiệm điện; Khử mùi: Ag+ Nano
SKU001333,Tủ lạnh LG 180 Lít Inverter ngăn đông dưới,Điện máy,Tủ lạnh,Inverter ngăn đông dưới,41000000,https://picsum.photos/seed/homeapp1333/600/600,Dung tích: 180L; Kiểu tủ: Inverter ngăn đông dưới; Công nghệ: Inverter tiết kiệm điện; Khử mùi: Ag+ Nano
SKU001334,Máy giặt Electrolux 8.5 kg Cửa trước (Lồng ngang) Inverter,Điện máy,Máy giặt,Cửa trước (Lồng ngang),17000000,https://picsum.photos/seed/homeapp1334/600/600,Khối lượng giặt: 8.5kg; Kiểu lồng: Cửa trước (Lồng ngang); Động cơ: Truyền động trực tiếp Inverter; Giặt nước nóng
SKU001335,Máy giặt LG 10.0 kg Giặt sấy kết hợp Inverter,Điện máy,Máy giặt,Giặt sấy kết hợp,11000000,https://picsum.photos/seed/homeapp1335/600/600,Khối lượng giặt: 10.0kg; Kiểu lồng: Giặt sấy kết hợp; Động cơ: Truyền động trực tiếp Inverter; Giặt nước nóng
SKU001336,Máy giặt Samsung 12.5 kg Cửa trên (Lồng đứng) Inverter,Điện máy,Máy giặt,Cửa trên (Lồng đứng),9000000,https://picsum.photos/seed/homeapp1336/600/600,Khối lượng giặt: 12.5kg; Kiểu lồng: Cửa trên (Lồng đứng); Động cơ: Truyền động trực tiếp Inverter; Giặt nước nóng
SKU001337,Tủ lạnh Panasonic 450 Lít Multi Door 4 cánh,Điện máy,Tủ lạnh,Multi Door 4 cánh,10000000,https://picsum.photos/seed/homeapp1337/600/600,Dung tích: 450L; Kiểu tủ: Multi Door 4 cánh; Công nghệ: Inverter tiết kiệm điện; Khử mùi: Ag+ Nano
SKU001338,Máy giặt Electrolux 10.0 kg Giặt sấy kết hợp Inverter,Điện máy,Máy giặt,Giặt sấy kết hợp,16000000,https://picsum.photos/seed/homeapp1338/600/600,Khối lượng giặt: 10.0kg; Kiểu lồng: Giặt sấy kết hợp; Động cơ: Truyền động trực tiếp Inverter; Giặt nước nóng
SKU001339,Máy giặt LG 10.0 kg Giặt sấy kết hợp Inverter,Điện máy,Máy giặt,Giặt sấy kết hợp,18000000,https://picsum.photos/seed/homeapp1339/600/600,Khối lượng giặt: 10.0kg; Kiểu lồng: Giặt sấy kết hợp; Động cơ: Truyền động trực tiếp Inverter; Giặt nước nóng
SKU001340,Máy giặt Samsung 9.5 kg Cửa trên (Lồng đứng) Inverter,Điện máy,Máy giặt,Cửa trên (Lồng đứng),6000000,https://picsum.photos/seed/homeapp1340/600/600,Khối lượng giặt: 9.5kg; Kiểu lồng: Cửa trên (Lồng đứng); Động cơ: Truyền động trực tiếp Inverter; Giặt nước nóng
SKU001341,Tủ lạnh Panasonic 550 Lít Inverter 2 cánh truyền thống,Điện máy,Tủ lạnh,Inverter 2 cánh truyền thống,15000000,https://picsum.photos/seed/homeapp1341/600/600,Dung tích: 550L; Kiểu tủ: Inverter 2 cánh truyền thống; Công nghệ: Inverter tiết kiệm điện; Khử mùi: Ag+ Nano
SKU001342,Tủ lạnh Panasonic 630 Lít Multi Door 4 cánh,Điện máy,Tủ lạnh,Multi Door 4 cánh,15000000,https://picsum.photos/seed/homeapp1342/600/600,Dung tích: 630L; Kiểu tủ: Multi Door 4 cánh; Công nghệ: Inverter tiết kiệm điện; Khử mùi: Ag+ Nano
SKU001343,Máy giặt Panasonic 10.0 kg Giặt sấy kết hợp Inverter,Điện máy,Máy giặt,Giặt sấy kết hợp,9000000,https://picsum.photos/seed/homeapp1343/600/600,Khối lượng giặt: 10.0kg; Kiểu lồng: Giặt sấy kết hợp; Động cơ: Truyền động trực tiếp Inverter; Giặt nước nóng
SKU001344,Tủ lạnh Aqua 550 Lít Inverter 2 cánh truyền thống,Điện máy,Tủ lạnh,Inverter 2 cánh truyền thống,23000000,https://picsum.photos/seed/homeapp1344/600/600,Dung tích: 550L; Kiểu tủ: Inverter 2 cánh truyền thống; Công nghệ: Inverter tiết kiệm điện; Khử mùi: Ag+ Nano
SKU001345,Máy giặt Samsung 11.0 kg Giặt sấy kết hợp Inverter,Điện máy,Máy giặt,Giặt sấy kết hợp,13000000,https://picsum.photos/seed/homeapp1345/600/600,Khối lượng giặt: 11.0kg; Kiểu lồng: Giặt sấy kết hợp; Động cơ: Truyền động trực tiếp Inverter; Giặt nước nóng
SKU001346,Máy giặt Toshiba 12.5 kg Cửa trên (Lồng đứng) Inverter,Điện máy,Máy giặt,Cửa trên (Lồng đứng),12000000,https://picsum.photos/seed/homeapp1346/600/600,Khối lượng giặt: 12.5kg; Kiểu lồng: Cửa trên (Lồng đứng); Động cơ: Truyền động trực tiếp Inverter; Giặt nước nóng
SKU001347,Tủ lạnh Samsung 320 Lít Inverter ngăn đông dưới,Điện máy,Tủ lạnh,Inverter ngăn đông dưới,22000000,https://picsum.photos/seed/homeapp1347/600/600,Dung tích: 320L; Kiểu tủ: Inverter ngăn đông dưới; Công nghệ: Inverter tiết kiệm điện; Khử mùi: Ag+ Nano
SKU001348,Tủ lạnh Samsung 250 Lít Side by side,Điện máy,Tủ lạnh,Side by side,38000000,https://picsum.photos/seed/homeapp1348/600/600,Dung tích: 250L; Kiểu tủ: Side by side; Công nghệ: Inverter tiết kiệm điện; Khử mùi: Ag+ Nano
SKU001349,Máy giặt Panasonic 9.5 kg Cửa trên (Lồng đứng) Inverter,Điện máy,Máy giặt,Cửa trên (Lồng đứng),7000000,https://picsum.photos/seed/homeapp1349/600/600,Khối lượng giặt: 9.5kg; Kiểu lồng: Cửa trên (Lồng đứng); Động cơ: Truyền động trực tiếp Inverter; Giặt nước nóng
SKU001350,Tủ lạnh Aqua 250 Lít Multi Door 4 cánh,Điện máy,Tủ lạnh,Multi Door 4 cánh,18000000,https://picsum.photos/seed/homeapp1350/600/600,Dung tích: 250L; Kiểu tủ: Multi Door 4 cánh; Công nghệ: Inverter tiết kiệm điện; Khử mùi: Ag+ Nano
SKU001351,Tủ lạnh Samsung 250 Lít Side by side,Điện máy,Tủ lạnh,Side by side,21000000,https://picsum.photos/seed/homeapp1351/600/600,Dung tích: 250L; Kiểu tủ: Side by side; Công nghệ: Inverter tiết kiệm điện; Khử mùi: Ag+ Nano
SKU001352,Máy giặt Samsung 12.5 kg Giặt sấy kết hợp Inverter,Điện máy,Máy giặt,Giặt sấy kết hợp,16000000,https://picsum.photos/seed/homeapp1352/600/600,Khối lượng giặt: 12.5kg; Kiểu lồng: Giặt sấy kết hợp; Động cơ: Truyền động trực tiếp Inverter; Giặt nước nóng
SKU001353,Máy giặt Electrolux 9.5 kg Giặt sấy kết hợp Inverter,Điện máy,Máy giặt,Giặt sấy kết hợp,11000000,https://picsum.photos/seed/homeapp1353/600/600,Khối lượng giặt: 9.5kg; Kiểu lồng: Giặt sấy kết hợp; Động cơ: Truyền động trực tiếp Inverter; Giặt nước nóng
SKU001354,Máy giặt Panasonic 8.5 kg Cửa trên (Lồng đứng) Inverter,Điện máy,Máy giặt,Cửa trên (Lồng đứng),18000000,https://picsum.photos/seed/homeapp1354/600/600,Khối lượng giặt: 8.5kg; Kiểu lồng: Cửa trên (Lồng đứng); Động cơ: Truyền động trực tiếp Inverter; Giặt nước nóng
SKU001355,Tủ lạnh Samsung 250 Lít Inverter 2 cánh truyền thống,Điện máy,Tủ lạnh,Inverter 2 cánh truyền thống,21000000,https://picsum.photos/seed/homeapp1355/600/600,Dung tích: 250L; Kiểu tủ: Inverter 2 cánh truyền thống; Công nghệ: Inverter tiết kiệm điện; Khử mùi: Ag+ Nano
SKU001356,Máy giặt Samsung 10.0 kg Giặt sấy kết hợp Inverter,Điện máy,Máy giặt,Giặt sấy kết hợp,8000000,https://picsum.photos/seed/homeapp1356/600/600,Khối lượng giặt: 10.0kg; Kiểu lồng: Giặt sấy kết hợp; Động cơ: Truyền động trực tiếp Inverter; Giặt nước nóng
SKU001357,Tủ lạnh Samsung 250 Lít Inverter 2 cánh truyền thống,Điện máy,Tủ lạnh,Inverter 2 cánh truyền thống,41000000,https://picsum.photos/seed/homeapp1357/600/600,Dung tích: 250L; Kiểu tủ: Inverter 2 cánh truyền thống; Công nghệ: Inverter tiết kiệm điện; Khử mùi: Ag+ Nano
SKU001358,Tủ lạnh LG 450 Lít Side by side,Điện máy,Tủ lạnh,Side by side,6000000,https://picsum.photos/seed/homeapp1358/600/600,Dung tích: 450L; Kiểu tủ: Side by side; Công nghệ: Inverter tiết kiệm điện; Khử mùi: Ag+ Nano
SKU001359,Máy giặt Samsung 9.5 kg Cửa trước (Lồng ngang) Inverter,Điện máy,Máy giặt,Cửa trước (Lồng ngang),6000000,https://picsum.photos/seed/homeapp1359/600/600,Khối lượng giặt: 9.5kg; Kiểu lồng: Cửa trước (Lồng ngang); Động cơ: Truyền động trực tiếp Inverter; Giặt nước nóng
SKU001360,Tủ lạnh LG 450 Lít Inverter ngăn đông dưới,Điện máy,Tủ lạnh,Inverter ngăn đông dưới,33000000,https://picsum.photos/seed/homeapp1360/600/600,Dung tích: 450L; Kiểu tủ: Inverter ngăn đông dưới; Công nghệ: Inverter tiết kiệm điện; Khử mùi: Ag+ Nano
SKU001361,Tủ lạnh Aqua 180 Lít Inverter 2 cánh truyền thống,Điện máy,Tủ lạnh,Inverter 2 cánh truyền thống,42000000,https://picsum.photos/seed/homeapp1361/600/600,Dung tích: 180L; Kiểu tủ: Inverter 2 cánh truyền thống; Công nghệ: Inverter tiết kiệm điện; Khử mùi: Ag+ Nano
SKU001362,Máy giặt Panasonic 8.5 kg Giặt sấy kết hợp Inverter,Điện máy,Máy giặt,Giặt sấy kết hợp,5000000,https://picsum.photos/seed/homeapp1362/600/600,Khối lượng giặt: 8.5kg; Kiểu lồng: Giặt sấy kết hợp; Động cơ: Truyền động trực tiếp Inverter; Giặt nước nóng
SKU001363,Máy giặt Samsung 8.5 kg Giặt sấy kết hợp Inverter,Điện máy,Máy giặt,Giặt sấy kết hợp,21000000,https://picsum.photos/seed/homeapp1363/600/600,Khối lượng giặt: 8.5kg; Kiểu lồng: Giặt sấy kết hợp; Động cơ: Truyền động trực tiếp Inverter; Giặt nước nóng
SKU001364,Tủ lạnh Samsung 450 Lít Inverter 2 cánh truyền thống,Điện máy,Tủ lạnh,Inverter 2 cánh truyền thống,23000000,https://picsum.photos/seed/homeapp1364/600/600,Dung tích: 450L; Kiểu tủ: Inverter 2 cánh truyền thống; Công nghệ: Inverter tiết kiệm điện; Khử mùi: Ag+ Nano
SKU001365,Tủ lạnh Toshiba 180 Lít Side by side,Điện máy,Tủ lạnh,Side by side,16000000,https://picsum.photos/seed/homeapp1365/600/600,Dung tích: 180L; Kiểu tủ: Side by side; Công nghệ: Inverter tiết kiệm điện; Khử mùi: Ag+ Nano
SKU001366,Máy giặt Toshiba 10.0 kg Giặt sấy kết hợp Inverter,Điện máy,Máy giặt,Giặt sấy kết hợp,5000000,https://picsum.photos/seed/homeapp1366/600/600,Khối lượng giặt: 10.0kg; Kiểu lồng: Giặt sấy kết hợp; Động cơ: Truyền động trực tiếp Inverter; Giặt nước nóng
SKU001367,Máy giặt Panasonic 8.5 kg Cửa trên (Lồng đứng) Inverter,Điện máy,Máy giặt,Cửa trên (Lồng đứng),5000000,https://picsum.photos/seed/homeapp1367/600/600,Khối lượng giặt: 8.5kg; Kiểu lồng: Cửa trên (Lồng đứng); Động cơ: Truyền động trực tiếp Inverter; Giặt nước nóng
SKU001368,Máy giặt Samsung 10.0 kg Cửa trước (Lồng ngang) Inverter,Điện máy,Máy giặt,Cửa trước (Lồng ngang),8000000,https://picsum.photos/seed/homeapp1368/600/600,Khối lượng giặt: 10.0kg; Kiểu lồng: Cửa trước (Lồng ngang); Động cơ: Truyền động trực tiếp Inverter; Giặt nước nóng
SKU001369,Tủ lạnh Samsung 450 Lít Side by side,Điện máy,Tủ lạnh,Side by side,44000000,https://picsum.photos/seed/homeapp1369/600/600,Dung tích: 450L; Kiểu tủ: Side by side; Công nghệ: Inverter tiết kiệm điện; Khử mùi: Ag+ Nano
SKU001370,Máy giặt Samsung 9.5 kg Cửa trên (Lồng đứng) Inverter,Điện máy,Máy giặt,Cửa trên (Lồng đứng),8000000,https://picsum.photos/seed/homeapp1370/600/600,Khối lượng giặt: 9.5kg; Kiểu lồng: Cửa trên (Lồng đứng); Động cơ: Truyền động trực tiếp Inverter; Giặt nước nóng
SKU001371,Tủ lạnh Aqua 630 Lít Multi Door 4 cánh,Điện máy,Tủ lạnh,Multi Door 4 cánh,44000000,https://picsum.photos/seed/homeapp1371/600/600,Dung tích: 630L; Kiểu tủ: Multi Door 4 cánh; Công nghệ: Inverter tiết kiệm điện; Khử mùi: Ag+ Nano
SKU001372,Tủ lạnh Aqua 320 Lít Side by side,Điện máy,Tủ lạnh,Side by side,28000000,https://picsum.photos/seed/homeapp1372/600/600,Dung tích: 320L; Kiểu tủ: Side by side; Công nghệ: Inverter tiết kiệm điện; Khử mùi: Ag+ Nano
SKU001373,Máy giặt Toshiba 12.5 kg Giặt sấy kết hợp Inverter,Điện máy,Máy giặt,Giặt sấy kết hợp,12000000,https://picsum.photos/seed/homeapp1373/600/600,Khối lượng giặt: 12.5kg; Kiểu lồng: Giặt sấy kết hợp; Động cơ: Truyền động trực tiếp Inverter; Giặt nước nóng
SKU001374,Tủ lạnh Panasonic 630 Lít Inverter 2 cánh truyền thống,Điện máy,Tủ lạnh,Inverter 2 cánh truyền thống,36000000,https://picsum.photos/seed/homeapp1374/600/600,Dung tích: 630L; Kiểu tủ: Inverter 2 cánh truyền thống; Công nghệ: Inverter tiết kiệm điện; Khử mùi: Ag+ Nano
SKU001375,Tủ lạnh Samsung 180 Lít Inverter 2 cánh truyền thống,Điện máy,Tủ lạnh,Inverter 2 cánh truyền thống,29000000,https://picsum.photos/seed/homeapp1375/600/600,Dung tích: 180L; Kiểu tủ: Inverter 2 cánh truyền thống; Công nghệ: Inverter tiết kiệm điện; Khử mùi: Ag+ Nano
SKU001376,Tủ lạnh Samsung 630 Lít Side by side,Điện máy,Tủ lạnh,Side by side,19000000,https://picsum.photos/seed/homeapp1376/600/600,Dung tích: 630L; Kiểu tủ: Side by side; Công nghệ: Inverter tiết kiệm điện; Khử mùi: Ag+ Nano
SKU001377,Tủ lạnh Panasonic 550 Lít Inverter 2 cánh truyền thống,Điện máy,Tủ lạnh,Inverter 2 cánh truyền thống,33000000,https://picsum.photos/seed/homeapp1377/600/600,Dung tích: 550L; Kiểu tủ: Inverter 2 cánh truyền thống; Công nghệ: Inverter tiết kiệm điện; Khử mùi: Ag+ Nano
SKU001378,Máy giặt Panasonic 10.0 kg Cửa trên (Lồng đứng) Inverter,Điện máy,Máy giặt,Cửa trên (Lồng đứng),11000000,https://picsum.photos/seed/homeapp1378/600/600,Khối lượng giặt: 10.0kg; Kiểu lồng: Cửa trên (Lồng đứng); Động cơ: Truyền động trực tiếp Inverter; Giặt nước nóng
SKU001379,Tủ lạnh Samsung 180 Lít Inverter ngăn đông dưới,Điện máy,Tủ lạnh,Inverter ngăn đông dưới,20000000,https://picsum.photos/seed/homeapp1379/600/600,Dung tích: 180L; Kiểu tủ: Inverter ngăn đông dưới; Công nghệ: Inverter tiết kiệm điện; Khử mùi: Ag+ Nano
SKU001380,Máy giặt Toshiba 12.5 kg Giặt sấy kết hợp Inverter,Điện máy,Máy giặt,Giặt sấy kết hợp,12000000,https://picsum.photos/seed/homeapp1380/600/600,Khối lượng giặt: 12.5kg; Kiểu lồng: Giặt sấy kết hợp; Động cơ: Truyền động trực tiếp Inverter; Giặt nước nóng
SKU001381,Tủ lạnh LG 550 Lít Inverter 2 cánh truyền thống,Điện máy,Tủ lạnh,Inverter 2 cánh truyền thống,22000000,https://picsum.photos/seed/homeapp1381/600/600,Dung tích: 550L; Kiểu tủ: Inverter 2 cánh truyền thống; Công nghệ: Inverter tiết kiệm điện; Khử mùi: Ag+ Nano
SKU001382,Tủ lạnh LG 550 Lít Inverter 2 cánh truyền thống,Điện máy,Tủ lạnh,Inverter 2 cánh truyền thống,7000000,https://picsum.photos/seed/homeapp1382/600/600,Dung tích: 550L; Kiểu tủ: Inverter 2 cánh truyền thống; Công nghệ: Inverter tiết kiệm điện; Khử mùi: Ag+ Nano
SKU001383,Máy giặt LG 8.5 kg Giặt sấy kết hợp Inverter,Điện máy,Máy giặt,Giặt sấy kết hợp,13000000,https://picsum.photos/seed/homeapp1383/600/600,Khối lượng giặt: 8.5kg; Kiểu lồng: Giặt sấy kết hợp; Động cơ: Truyền động trực tiếp Inverter; Giặt nước nóng
SKU001384,Máy giặt Samsung 8.5 kg Giặt sấy kết hợp Inverter,Điện máy,Máy giặt,Giặt sấy kết hợp,18000000,https://picsum.photos/seed/homeapp1384/600/600,Khối lượng giặt: 8.5kg; Kiểu lồng: Giặt sấy kết hợp; Động cơ: Truyền động trực tiếp Inverter; Giặt nước nóng
SKU001385,Tủ lạnh LG 250 Lít Side by side,Điện máy,Tủ lạnh,Side by side,34000000,https://picsum.photos/seed/homeapp1385/600/600,Dung tích: 250L; Kiểu tủ: Side by side; Công nghệ: Inverter tiết kiệm điện; Khử mùi: Ag+ Nano
SKU001386,Máy giặt Electrolux 12.5 kg Cửa trước (Lồng ngang) Inverter,Điện máy,Máy giặt,Cửa trước (Lồng ngang),5000000,https://picsum.photos/seed/homeapp1386/600/600,Khối lượng giặt: 12.5kg; Kiểu lồng: Cửa trước (Lồng ngang); Động cơ: Truyền động trực tiếp Inverter; Giặt nước nóng
SKU001387,Máy giặt Samsung 8.5 kg Cửa trên (Lồng đứng) Inverter,Điện máy,Máy giặt,Cửa trên (Lồng đứng),9000000,https://picsum.photos/seed/homeapp1387/600/600,Khối lượng giặt: 8.5kg; Kiểu lồng: Cửa trên (Lồng đứng); Động cơ: Truyền động trực tiếp Inverter; Giặt nước nóng
SKU001388,Tủ lạnh LG 320 Lít Side by side,Điện máy,Tủ lạnh,Side by side,22000000,https://picsum.photos/seed/homeapp1388/600/600,Dung tích: 320L; Kiểu tủ: Side by side; Công nghệ: Inverter tiết kiệm điện; Khử mùi: Ag+ Nano
SKU001389,Máy giặt Toshiba 8.5 kg Giặt sấy kết hợp Inverter,Điện máy,Máy giặt,Giặt sấy kết hợp,6000000,https://picsum.photos/seed/homeapp1389/600/600,Khối lượng giặt: 8.5kg; Kiểu lồng: Giặt sấy kết hợp; Động cơ: Truyền động trực tiếp Inverter; Giặt nước nóng
SKU001390,Máy giặt Panasonic 10.0 kg Giặt sấy kết hợp Inverter,Điện máy,Máy giặt,Giặt sấy kết hợp,17000000,https://picsum.photos/seed/homeapp1390/600/600,Khối lượng giặt: 10.0kg; Kiểu lồng: Giặt sấy kết hợp; Động cơ: Truyền động trực tiếp Inverter; Giặt nước nóng
SKU001391,Tủ lạnh Aqua 180 Lít Inverter 2 cánh truyền thống,Điện máy,Tủ lạnh,Inverter 2 cánh truyền thống,21000000,https://picsum.photos/seed/homeapp1391/600/600,Dung tích: 180L; Kiểu tủ: Inverter 2 cánh truyền thống; Công nghệ: Inverter tiết kiệm điện; Khử mùi: Ag+ Nano
SKU001392,Máy giặt Toshiba 10.0 kg Cửa trên (Lồng đứng) Inverter,Điện máy,Máy giặt,Cửa trên (Lồng đứng),9000000,https://picsum.photos/seed/homeapp1392/600/600,Khối lượng giặt: 10.0kg; Kiểu lồng: Cửa trên (Lồng đứng); Động cơ: Truyền động trực tiếp Inverter; Giặt nước nóng
SKU001393,Máy giặt Toshiba 9.5 kg Giặt sấy kết hợp Inverter,Điện máy,Máy giặt,Giặt sấy kết hợp,7000000,https://picsum.photos/seed/homeapp1393/600/600,Khối lượng giặt: 9.5kg; Kiểu lồng: Giặt sấy kết hợp; Động cơ: Truyền động trực tiếp Inverter; Giặt nước nóng
SKU001394,Tủ lạnh Toshiba 450 Lít Inverter ngăn đông dưới,Điện máy,Tủ lạnh,Inverter ngăn đông dưới,38000000,https://picsum.photos/seed/homeapp1394/600/600,Dung tích: 450L; Kiểu tủ: Inverter ngăn đông dưới; Công nghệ: Inverter tiết kiệm điện; Khử mùi: Ag+ Nano
SKU001395,Máy giặt Panasonic 10.0 kg Giặt sấy kết hợp Inverter,Điện máy,Máy giặt,Giặt sấy kết hợp,17000000,https://picsum.photos/seed/homeapp1395/600/600,Khối lượng giặt: 10.0kg; Kiểu lồng: Giặt sấy kết hợp; Động cơ: Truyền động trực tiếp Inverter; Giặt nước nóng
SKU001396,Máy giặt Panasonic 11.0 kg Giặt sấy kết hợp Inverter,Điện máy,Máy giặt,Giặt sấy kết hợp,14000000,https://picsum.photos/seed/homeapp1396/600/600,Khối lượng giặt: 11.0kg; Kiểu lồng: Giặt sấy kết hợp; Động cơ: Truyền động trực tiếp Inverter; Giặt nước nóng
SKU001397,Máy giặt Samsung 9.5 kg Giặt sấy kết hợp Inverter,Điện máy,Máy giặt,Giặt sấy kết hợp,14000000,https://picsum.photos/seed/homeapp1397/600/600,Khối lượng giặt: 9.5kg; Kiểu lồng: Giặt sấy kết hợp; Động cơ: Truyền động trực tiếp Inverter; Giặt nước nóng
SKU001398,Tủ lạnh Panasonic 250 Lít Inverter ngăn đông dưới,Điện máy,Tủ lạnh,Inverter ngăn đông dưới,20000000,https://picsum.photos/seed/homeapp1398/600/600,Dung tích: 250L; Kiểu tủ: Inverter ngăn đông dưới; Công nghệ: Inverter tiết kiệm điện; Khử mùi: Ag+ Nano
SKU001399,Máy giặt Panasonic 9.5 kg Cửa trên (Lồng đứng) Inverter,Điện máy,Máy giặt,Cửa trên (Lồng đứng),21000000,https://picsum.photos/seed/homeapp1399/600/600,Khối lượng giặt: 9.5kg; Kiểu lồng: Cửa trên (Lồng đứng); Động cơ: Truyền động trực tiếp Inverter; Giặt nước nóng
SKU001400,Tủ lạnh Samsung 630 Lít Inverter ngăn đông dưới,Điện máy,Tủ lạnh,Inverter ngăn đông dưới,20000000,https://picsum.photos/seed/homeapp1400/600/600,Dung tích: 630L; Kiểu tủ: Inverter ngăn đông dưới; Công nghệ: Inverter tiết kiệm điện; Khử mùi: Ag+ Nano
SKU001401,Máy giặt Toshiba 11.0 kg Cửa trước (Lồng ngang) Inverter,Điện máy,Máy giặt,Cửa trước (Lồng ngang),21000000,https://picsum.photos/seed/homeapp1401/600/600,Khối lượng giặt: 11.0kg; Kiểu lồng: Cửa trước (Lồng ngang); Động cơ: Truyền động trực tiếp Inverter; Giặt nước nóng
SKU001402,Máy giặt Panasonic 10.0 kg Giặt sấy kết hợp Inverter,Điện máy,Máy giặt,Giặt sấy kết hợp,19000000,https://picsum.photos/seed/homeapp1402/600/600,Khối lượng giặt: 10.0kg; Kiểu lồng: Giặt sấy kết hợp; Động cơ: Truyền động trực tiếp Inverter; Giặt nước nóng
SKU001403,Tủ lạnh LG 320 Lít Multi Door 4 cánh,Điện máy,Tủ lạnh,Multi Door 4 cánh,25000000,https://picsum.photos/seed/homeapp1403/600/600,Dung tích: 320L; Kiểu tủ: Multi Door 4 cánh; Công nghệ: Inverter tiết kiệm điện; Khử mùi: Ag+ Nano
SKU001404,Tủ lạnh Panasonic 550 Lít Inverter 2 cánh truyền thống,Điện máy,Tủ lạnh,Inverter 2 cánh truyền thống,25000000,https://picsum.photos/seed/homeapp1404/600/600,Dung tích: 550L; Kiểu tủ: Inverter 2 cánh truyền thống; Công nghệ: Inverter tiết kiệm điện; Khử mùi: Ag+ Nano
SKU001405,Tủ lạnh Samsung 630 Lít Side by side,Điện máy,Tủ lạnh,Side by side,36000000,https://picsum.photos/seed/homeapp1405/600/600,Dung tích: 630L; Kiểu tủ: Side by side; Công nghệ: Inverter tiết kiệm điện; Khử mùi: Ag+ Nano
SKU001406,Máy giặt Toshiba 11.0 kg Cửa trên (Lồng đứng) Inverter,Điện máy,Máy giặt,Cửa trên (Lồng đứng),14000000,https://picsum.photos/seed/homeapp1406/600/600,Khối lượng giặt: 11.0kg; Kiểu lồng: Cửa trên (Lồng đứng); Động cơ: Truyền động trực tiếp Inverter; Giặt nước nóng
SKU001407,Máy giặt Panasonic 10.0 kg Cửa trước (Lồng ngang) Inverter,Điện máy,Máy giặt,Cửa trước (Lồng ngang),17000000,https://picsum.photos/seed/homeapp1407/600/600,Khối lượng giặt: 10.0kg; Kiểu lồng: Cửa trước (Lồng ngang); Động cơ: Truyền động trực tiếp Inverter; Giặt nước nóng
SKU001408,Tủ lạnh LG 320 Lít Multi Door 4 cánh,Điện máy,Tủ lạnh,Multi Door 4 cánh,40000000,https://picsum.photos/seed/homeapp1408/600/600,Dung tích: 320L; Kiểu tủ: Multi Door 4 cánh; Công nghệ: Inverter tiết kiệm điện; Khử mùi: Ag+ Nano
SKU001409,Máy giặt Panasonic 12.5 kg Giặt sấy kết hợp Inverter,Điện máy,Máy giặt,Giặt sấy kết hợp,11000000,https://picsum.photos/seed/homeapp1409/600/600,Khối lượng giặt: 12.5kg; Kiểu lồng: Giặt sấy kết hợp; Động cơ: Truyền động trực tiếp Inverter; Giặt nước nóng
SKU001410,Tủ lạnh Toshiba 630 Lít Inverter 2 cánh truyền thống,Điện máy,Tủ lạnh,Inverter 2 cánh truyền thống,40000000,https://picsum.photos/seed/homeapp1410/600/600,Dung tích: 630L; Kiểu tủ: Inverter 2 cánh truyền thống; Công nghệ: Inverter tiết kiệm điện; Khử mùi: Ag+ Nano
SKU001411,Máy giặt LG 8.5 kg Giặt sấy kết hợp Inverter,Điện máy,Máy giặt,Giặt sấy kết hợp,12000000,https://picsum.photos/seed/homeapp1411/600/600,Khối lượng giặt: 8.5kg; Kiểu lồng: Giặt sấy kết hợp; Động cơ: Truyền động trực tiếp Inverter; Giặt nước nóng
SKU001412,Máy giặt Electrolux 9.5 kg Giặt sấy kết hợp Inverter,Điện máy,Máy giặt,Giặt sấy kết hợp,8000000,https://picsum.photos/seed/homeapp1412/600/600,Khối lượng giặt: 9.5kg; Kiểu lồng: Giặt sấy kết hợp; Động cơ: Truyền động trực tiếp Inverter; Giặt nước nóng
SKU001413,Máy giặt Panasonic 10.0 kg Cửa trên (Lồng đứng) Inverter,Điện máy,Máy giặt,Cửa trên (Lồng đứng),5000000,https://picsum.photos/seed/homeapp1413/600/600,Khối lượng giặt: 10.0kg; Kiểu lồng: Cửa trên (Lồng đứng); Động cơ: Truyền động trực tiếp Inverter; Giặt nước nóng
SKU001414,Máy giặt Toshiba 10.0 kg Cửa trên (Lồng đứng) Inverter,Điện máy,Máy giặt,Cửa trên (Lồng đứng),19000000,https://picsum.photos/seed/homeapp1414/600/600,Khối lượng giặt: 10.0kg; Kiểu lồng: Cửa trên (Lồng đứng); Động cơ: Truyền động trực tiếp Inverter; Giặt nước nóng
SKU001415,Tủ lạnh Samsung 320 Lít Multi Door 4 cánh,Điện máy,Tủ lạnh,Multi Door 4 cánh,8000000,https://picsum.photos/seed/homeapp1415/600/600,Dung tích: 320L; Kiểu tủ: Multi Door 4 cánh; Công nghệ: Inverter tiết kiệm điện; Khử mùi: Ag+ Nano
SKU001416,Tủ lạnh Samsung 550 Lít Inverter 2 cánh truyền thống,Điện máy,Tủ lạnh,Inverter 2 cánh truyền thống,44000000,https://picsum.photos/seed/homeapp1416/600/600,Dung tích: 550L; Kiểu tủ: Inverter 2 cánh truyền thống; Công nghệ: Inverter tiết kiệm điện; Khử mùi: Ag+ Nano
SKU001417,Tủ lạnh Panasonic 550 Lít Inverter 2 cánh truyền thống,Điện máy,Tủ lạnh,Inverter 2 cánh truyền thống,31000000,https://picsum.photos/seed/homeapp1417/600/600,Dung tích: 550L; Kiểu tủ: Inverter 2 cánh truyền thống; Công nghệ: Inverter tiết kiệm điện; Khử mùi: Ag+ Nano
SKU001418,Máy giặt Panasonic 9.5 kg Giặt sấy kết hợp Inverter,Điện máy,Máy giặt,Giặt sấy kết hợp,16000000,https://picsum.photos/seed/homeapp1418/600/600,Khối lượng giặt: 9.5kg; Kiểu lồng: Giặt sấy kết hợp; Động cơ: Truyền động trực tiếp Inverter; Giặt nước nóng
SKU001419,Tủ lạnh Toshiba 450 Lít Side by side,Điện máy,Tủ lạnh,Side by side,11000000,https://picsum.photos/seed/homeapp1419/600/600,Dung tích: 450L; Kiểu tủ: Side by side; Công nghệ: Inverter tiết kiệm điện; Khử mùi: Ag+ Nano
SKU001420,Tủ lạnh Toshiba 250 Lít Multi Door 4 cánh,Điện máy,Tủ lạnh,Multi Door 4 cánh,24000000,https://picsum.photos/seed/homeapp1420/600/600,Dung tích: 250L; Kiểu tủ: Multi Door 4 cánh; Công nghệ: Inverter tiết kiệm điện; Khử mùi: Ag+ Nano
SKU001421,Tủ lạnh LG 320 Lít Side by side,Điện máy,Tủ lạnh,Side by side,10000000,https://picsum.photos/seed/homeapp1421/600/600,Dung tích: 320L; Kiểu tủ: Side by side; Công nghệ: Inverter tiết kiệm điện; Khử mùi: Ag+ Nano
SKU001422,Máy giặt Electrolux 8.5 kg Cửa trước (Lồng ngang) Inverter,Điện máy,Máy giặt,Cửa trước (Lồng ngang),12000000,https://picsum.photos/seed/homeapp1422/600/600,Khối lượng giặt: 8.5kg; Kiểu lồng: Cửa trước (Lồng ngang); Động cơ: Truyền động trực tiếp Inverter; Giặt nước nóng
SKU001423,Máy giặt Panasonic 10.0 kg Cửa trước (Lồng ngang) Inverter,Điện máy,Máy giặt,Cửa trước (Lồng ngang),18000000,https://picsum.photos/seed/homeapp1423/600/600,Khối lượng giặt: 10.0kg; Kiểu lồng: Cửa trước (Lồng ngang); Động cơ: Truyền động trực tiếp Inverter; Giặt nước nóng
SKU001424,Máy giặt Panasonic 8.5 kg Giặt sấy kết hợp Inverter,Điện máy,Máy giặt,Giặt sấy kết hợp,15000000,https://picsum.photos/seed/homeapp1424/600/600,Khối lượng giặt: 8.5kg; Kiểu lồng: Giặt sấy kết hợp; Động cơ: Truyền động trực tiếp Inverter; Giặt nước nóng
SKU001425,Tủ lạnh Samsung 320 Lít Inverter ngăn đông dưới,Điện máy,Tủ lạnh,Inverter ngăn đông dưới,31000000,https://picsum.photos/seed/homeapp1425/600/600,Dung tích: 320L; Kiểu tủ: Inverter ngăn đông dưới; Công nghệ: Inverter tiết kiệm điện; Khử mùi: Ag+ Nano
SKU001426,Tủ lạnh LG 450 Lít Inverter 2 cánh truyền thống,Điện máy,Tủ lạnh,Inverter 2 cánh truyền thống,34000000,https://picsum.photos/seed/homeapp1426/600/600,Dung tích: 450L; Kiểu tủ: Inverter 2 cánh truyền thống; Công nghệ: Inverter tiết kiệm điện; Khử mùi: Ag+ Nano
SKU001427,Máy giặt LG 11.0 kg Cửa trước (Lồng ngang) Inverter,Điện máy,Máy giặt,Cửa trước (Lồng ngang),15000000,https://picsum.photos/seed/homeapp1427/600/600,Khối lượng giặt: 11.0kg; Kiểu lồng: Cửa trước (Lồng ngang); Động cơ: Truyền động trực tiếp Inverter; Giặt nước nóng
SKU001428,Tủ lạnh Samsung 450 Lít Inverter 2 cánh truyền thống,Điện máy,Tủ lạnh,Inverter 2 cánh truyền thống,37000000,https://picsum.photos/seed/homeapp1428/600/600,Dung tích: 450L; Kiểu tủ: Inverter 2 cánh truyền thống; Công nghệ: Inverter tiết kiệm điện; Khử mùi: Ag+ Nano
SKU001429,Máy giặt LG 12.5 kg Cửa trên (Lồng đứng) Inverter,Điện máy,Máy giặt,Cửa trên (Lồng đứng),17000000,https://picsum.photos/seed/homeapp1429/600/600,Khối lượng giặt: 12.5kg; Kiểu lồng: Cửa trên (Lồng đứng); Động cơ: Truyền động trực tiếp Inverter; Giặt nước nóng
SKU001430,Máy giặt Samsung 8.5 kg Cửa trên (Lồng đứng) Inverter,Điện máy,Máy giặt,Cửa trên (Lồng đứng),12000000,https://picsum.photos/seed/homeapp1430/600/600,Khối lượng giặt: 8.5kg; Kiểu lồng: Cửa trên (Lồng đứng); Động cơ: Truyền động trực tiếp Inverter; Giặt nước nóng
SKU001431,Tủ lạnh Samsung 320 Lít Multi Door 4 cánh,Điện máy,Tủ lạnh,Multi Door 4 cánh,11000000,https://picsum.photos/seed/homeapp1431/600/600,Dung tích: 320L; Kiểu tủ: Multi Door 4 cánh; Công nghệ: Inverter tiết kiệm điện; Khử mùi: Ag+ Nano
SKU001432,Máy giặt Electrolux 9.5 kg Cửa trước (Lồng ngang) Inverter,Điện máy,Máy giặt,Cửa trước (Lồng ngang),8000000,https://picsum.photos/seed/homeapp1432/600/600,Khối lượng giặt: 9.5kg; Kiểu lồng: Cửa trước (Lồng ngang); Động cơ: Truyền động trực tiếp Inverter; Giặt nước nóng
SKU001433,Tủ lạnh Samsung 320 Lít Inverter 2 cánh truyền thống,Điện máy,Tủ lạnh,Inverter 2 cánh truyền thống,37000000,https://picsum.photos/seed/homeapp1433/600/600,Dung tích: 320L; Kiểu tủ: Inverter 2 cánh truyền thống; Công nghệ: Inverter tiết kiệm điện; Khử mùi: Ag+ Nano
SKU001434,Tủ lạnh Aqua 550 Lít Side by side,Điện máy,Tủ lạnh,Side by side,44000000,https://picsum.photos/seed/homeapp1434/600/600,Dung tích: 550L; Kiểu tủ: Side by side; Công nghệ: Inverter tiết kiệm điện; Khử mùi: Ag+ Nano
SKU001435,Tủ lạnh LG 550 Lít Multi Door 4 cánh,Điện máy,Tủ lạnh,Multi Door 4 cánh,5000000,https://picsum.photos/seed/homeapp1435/600/600,Dung tích: 550L; Kiểu tủ: Multi Door 4 cánh; Công nghệ: Inverter tiết kiệm điện; Khử mùi: Ag+ Nano
SKU001436,Máy giặt LG 8.5 kg Giặt sấy kết hợp Inverter,Điện máy,Máy giặt,Giặt sấy kết hợp,18000000,https://picsum.photos/seed/homeapp1436/600/600,Khối lượng giặt: 8.5kg; Kiểu lồng: Giặt sấy kết hợp; Động cơ: Truyền động trực tiếp Inverter; Giặt nước nóng
SKU001437,Máy giặt Panasonic 10.0 kg Giặt sấy kết hợp Inverter,Điện máy,Máy giặt,Giặt sấy kết hợp,5000000,https://picsum.photos/seed/homeapp1437/600/600,Khối lượng giặt: 10.0kg; Kiểu lồng: Giặt sấy kết hợp; Động cơ: Truyền động trực tiếp Inverter; Giặt nước nóng
SKU001438,Tủ lạnh Toshiba 180 Lít Multi Door 4 cánh,Điện máy,Tủ lạnh,Multi Door 4 cánh,11000000,https://picsum.photos/seed/homeapp1438/600/600,Dung tích: 180L; Kiểu tủ: Multi Door 4 cánh; Công nghệ: Inverter tiết kiệm điện; Khử mùi: Ag+ Nano
SKU001439,Máy giặt Samsung 9.5 kg Cửa trên (Lồng đứng) Inverter,Điện máy,Máy giặt,Cửa trên (Lồng đứng),12000000,https://picsum.photos/seed/homeapp1439/600/600,Khối lượng giặt: 9.5kg; Kiểu lồng: Cửa trên (Lồng đứng); Động cơ: Truyền động trực tiếp Inverter; Giặt nước nóng
SKU001440,Tủ lạnh Aqua 450 Lít Inverter 2 cánh truyền thống,Điện máy,Tủ lạnh,Inverter 2 cánh truyền thống,27000000,https://picsum.photos/seed/homeapp1440/600/600,Dung tích: 450L; Kiểu tủ: Inverter 2 cánh truyền thống; Công nghệ: Inverter tiết kiệm điện; Khử mùi: Ag+ Nano
SKU001441,Tủ lạnh LG 630 Lít Inverter ngăn đông dưới,Điện máy,Tủ lạnh,Inverter ngăn đông dưới,26000000,https://picsum.photos/seed/homeapp1441/600/600,Dung tích: 630L; Kiểu tủ: Inverter ngăn đông dưới; Công nghệ: Inverter tiết kiệm điện; Khử mùi: Ag+ Nano
SKU001442,Máy giặt Toshiba 9.5 kg Giặt sấy kết hợp Inverter,Điện máy,Máy giặt,Giặt sấy kết hợp,17000000,https://picsum.photos/seed/homeapp1442/600/600,Khối lượng giặt: 9.5kg; Kiểu lồng: Giặt sấy kết hợp; Động cơ: Truyền động trực tiếp Inverter; Giặt nước nóng
SKU001443,Tủ lạnh Samsung 250 Lít Multi Door 4 cánh,Điện máy,Tủ lạnh,Multi Door 4 cánh,35000000,https://picsum.photos/seed/homeapp1443/600/600,Dung tích: 250L; Kiểu tủ: Multi Door 4 cánh; Công nghệ: Inverter tiết kiệm điện; Khử mùi: Ag+ Nano
SKU001444,Tủ lạnh Toshiba 630 Lít Inverter ngăn đông dưới,Điện máy,Tủ lạnh,Inverter ngăn đông dưới,32000000,https://picsum.photos/seed/homeapp1444/600/600,Dung tích: 630L; Kiểu tủ: Inverter ngăn đông dưới; Công nghệ: Inverter tiết kiệm điện; Khử mùi: Ag+ Nano
SKU001445,Máy giặt Toshiba 12.5 kg Giặt sấy kết hợp Inverter,Điện máy,Máy giặt,Giặt sấy kết hợp,18000000,https://picsum.photos/seed/homeapp1445/600/600,Khối lượng giặt: 12.5kg; Kiểu lồng: Giặt sấy kết hợp; Động cơ: Truyền động trực tiếp Inverter; Giặt nước nóng
SKU001446,Máy giặt Electrolux 12.5 kg Cửa trên (Lồng đứng) Inverter,Điện máy,Máy giặt,Cửa trên (Lồng đứng),19000000,https://picsum.photos/seed/homeapp1446/600/600,Khối lượng giặt: 12.5kg; Kiểu lồng: Cửa trên (Lồng đứng); Động cơ: Truyền động trực tiếp Inverter; Giặt nước nóng
SKU001447,Tủ lạnh Panasonic 550 Lít Inverter ngăn đông dưới,Điện máy,Tủ lạnh,Inverter ngăn đông dưới,20000000,https://picsum.photos/seed/homeapp1447/600/600,Dung tích: 550L; Kiểu tủ: Inverter ngăn đông dưới; Công nghệ: Inverter tiết kiệm điện; Khử mùi: Ag+ Nano
SKU001448,Tủ lạnh LG 450 Lít Inverter ngăn đông dưới,Điện máy,Tủ lạnh,Inverter ngăn đông dưới,33000000,https://picsum.photos/seed/homeapp1448/600/600,Dung tích: 450L; Kiểu tủ: Inverter ngăn đông dưới; Công nghệ: Inverter tiết kiệm điện; Khử mùi: Ag+ Nano
SKU001449,Máy giặt Electrolux 11.0 kg Cửa trước (Lồng ngang) Inverter,Điện máy,Máy giặt,Cửa trước (Lồng ngang),5000000,https://picsum.photos/seed/homeapp1449/600/600,Khối lượng giặt: 11.0kg; Kiểu lồng: Cửa trước (Lồng ngang); Động cơ: Truyền động trực tiếp Inverter; Giặt nước nóng
SKU001450,Máy giặt Panasonic 9.5 kg Cửa trên (Lồng đứng) Inverter,Điện máy,Máy giặt,Cửa trên (Lồng đứng),12000000,https://picsum.photos/seed/homeapp1450/600/600,Khối lượng giặt: 9.5kg; Kiểu lồng: Cửa trên (Lồng đứng); Động cơ: Truyền động trực tiếp Inverter; Giặt nước nóng
SKU001451,Tủ lạnh LG 550 Lít Inverter ngăn đông dưới,Điện máy,Tủ lạnh,Inverter ngăn đông dưới,41000000,https://picsum.photos/seed/homeapp1451/600/600,Dung tích: 550L; Kiểu tủ: Inverter ngăn đông dưới; Công nghệ: Inverter tiết kiệm điện; Khử mùi: Ag+ Nano
SKU001452,Máy giặt Toshiba 11.0 kg Cửa trên (Lồng đứng) Inverter,Điện máy,Máy giặt,Cửa trên (Lồng đứng),8000000,https://picsum.photos/seed/homeapp1452/600/600,Khối lượng giặt: 11.0kg; Kiểu lồng: Cửa trên (Lồng đứng); Động cơ: Truyền động trực tiếp Inverter; Giặt nước nóng
SKU001453,Tủ lạnh Samsung 250 Lít Inverter ngăn đông dưới,Điện máy,Tủ lạnh,Inverter ngăn đông dưới,23000000,https://picsum.photos/seed/homeapp1453/600/600,Dung tích: 250L; Kiểu tủ: Inverter ngăn đông dưới; Công nghệ: Inverter tiết kiệm điện; Khử mùi: Ag+ Nano
SKU001454,Tủ lạnh Panasonic 180 Lít Multi Door 4 cánh,Điện máy,Tủ lạnh,Multi Door 4 cánh,39000000,https://picsum.photos/seed/homeapp1454/600/600,Dung tích: 180L; Kiểu tủ: Multi Door 4 cánh; Công nghệ: Inverter tiết kiệm điện; Khử mùi: Ag+ Nano
SKU001455,Tủ lạnh Samsung 630 Lít Multi Door 4 cánh,Điện máy,Tủ lạnh,Multi Door 4 cánh,12000000,https://picsum.photos/seed/homeapp1455/600/600,Dung tích: 630L; Kiểu tủ: Multi Door 4 cánh; Công nghệ: Inverter tiết kiệm điện; Khử mùi: Ag+ Nano
SKU001456,Máy giặt Toshiba 11.0 kg Giặt sấy kết hợp Inverter,Điện máy,Máy giặt,Giặt sấy kết hợp,11000000,https://picsum.photos/seed/homeapp1456/600/600,Khối lượng giặt: 11.0kg; Kiểu lồng: Giặt sấy kết hợp; Động cơ: Truyền động trực tiếp Inverter; Giặt nước nóng
SKU001457,Máy giặt Panasonic 10.0 kg Cửa trên (Lồng đứng) Inverter,Điện máy,Máy giặt,Cửa trên (Lồng đứng),14000000,https://picsum.photos/seed/homeapp1457/600/600,Khối lượng giặt: 10.0kg; Kiểu lồng: Cửa trên (Lồng đứng); Động cơ: Truyền động trực tiếp Inverter; Giặt nước nóng
SKU001458,Tủ lạnh LG 550 Lít Inverter 2 cánh truyền thống,Điện máy,Tủ lạnh,Inverter 2 cánh truyền thống,28000000,https://picsum.photos/seed/homeapp1458/600/600,Dung tích: 550L; Kiểu tủ: Inverter 2 cánh truyền thống; Công nghệ: Inverter tiết kiệm điện; Khử mùi: Ag+ Nano
SKU001459,Tủ lạnh Toshiba 320 Lít Inverter 2 cánh truyền thống,Điện máy,Tủ lạnh,Inverter 2 cánh truyền thống,20000000,https://picsum.photos/seed/homeapp1459/600/600,Dung tích: 320L; Kiểu tủ: Inverter 2 cánh truyền thống; Công nghệ: Inverter tiết kiệm điện; Khử mùi: Ag+ Nano
SKU001460,Máy giặt Panasonic 9.5 kg Giặt sấy kết hợp Inverter,Điện máy,Máy giặt,Giặt sấy kết hợp,17000000,https://picsum.photos/seed/homeapp1460/600/600,Khối lượng giặt: 9.5kg; Kiểu lồng: Giặt sấy kết hợp; Động cơ: Truyền động trực tiếp Inverter; Giặt nước nóng
SKU001461,Máy giặt Electrolux 8.5 kg Giặt sấy kết hợp Inverter,Điện máy,Máy giặt,Giặt sấy kết hợp,5000000,https://picsum.photos/seed/homeapp1461/600/600,Khối lượng giặt: 8.5kg; Kiểu lồng: Giặt sấy kết hợp; Động cơ: Truyền động trực tiếp Inverter; Giặt nước nóng
SKU001462,Máy giặt Panasonic 11.0 kg Giặt sấy kết hợp Inverter,Điện máy,Máy giặt,Giặt sấy kết hợp,6000000,https://picsum.photos/seed/homeapp1462/600/600,Khối lượng giặt: 11.0kg; Kiểu lồng: Giặt sấy kết hợp; Động cơ: Truyền động trực tiếp Inverter; Giặt nước nóng
SKU001463,Máy giặt Toshiba 8.5 kg Giặt sấy kết hợp Inverter,Điện máy,Máy giặt,Giặt sấy kết hợp,19000000,https://picsum.photos/seed/homeapp1463/600/600,Khối lượng giặt: 8.5kg; Kiểu lồng: Giặt sấy kết hợp; Động cơ: Truyền động trực tiếp Inverter; Giặt nước nóng
SKU001464,Tủ lạnh Panasonic 320 Lít Inverter ngăn đông dưới,Điện máy,Tủ lạnh,Inverter ngăn đông dưới,35000000,https://picsum.photos/seed/homeapp1464/600/600,Dung tích: 320L; Kiểu tủ: Inverter ngăn đông dưới; Công nghệ: Inverter tiết kiệm điện; Khử mùi: Ag+ Nano
SKU001465,Tủ lạnh Aqua 630 Lít Multi Door 4 cánh,Điện máy,Tủ lạnh,Multi Door 4 cánh,13000000,https://picsum.photos/seed/homeapp1465/600/600,Dung tích: 630L; Kiểu tủ: Multi Door 4 cánh; Công nghệ: Inverter tiết kiệm điện; Khử mùi: Ag+ Nano
SKU001466,Tủ lạnh Samsung 630 Lít Inverter ngăn đông dưới,Điện máy,Tủ lạnh,Inverter ngăn đông dưới,11000000,https://picsum.photos/seed/homeapp1466/600/600,Dung tích: 630L; Kiểu tủ: Inverter ngăn đông dưới; Công nghệ: Inverter tiết kiệm điện; Khử mùi: Ag+ Nano
SKU001467,Tủ lạnh Panasonic 450 Lít Inverter 2 cánh truyền thống,Điện máy,Tủ lạnh,Inverter 2 cánh truyền thống,34000000,https://picsum.photos/seed/homeapp1467/600/600,Dung tích: 450L; Kiểu tủ: Inverter 2 cánh truyền thống; Công nghệ: Inverter tiết kiệm điện; Khử mùi: Ag+ Nano
SKU001468,Máy giặt Samsung 8.5 kg Giặt sấy kết hợp Inverter,Điện máy,Máy giặt,Giặt sấy kết hợp,17000000,https://picsum.photos/seed/homeapp1468/600/600,Khối lượng giặt: 8.5kg; Kiểu lồng: Giặt sấy kết hợp; Động cơ: Truyền động trực tiếp Inverter; Giặt nước nóng
SKU001469,Tủ lạnh Samsung 320 Lít Multi Door 4 cánh,Điện máy,Tủ lạnh,Multi Door 4 cánh,41000000,https://picsum.photos/seed/homeapp1469/600/600,Dung tích: 320L; Kiểu tủ: Multi Door 4 cánh; Công nghệ: Inverter tiết kiệm điện; Khử mùi: Ag+ Nano
SKU001470,Máy giặt Panasonic 10.0 kg Giặt sấy kết hợp Inverter,Điện máy,Máy giặt,Giặt sấy kết hợp,20000000,https://picsum.photos/seed/homeapp1470/600/600,Khối lượng giặt: 10.0kg; Kiểu lồng: Giặt sấy kết hợp; Động cơ: Truyền động trực tiếp Inverter; Giặt nước nóng
SKU001471,Tủ lạnh Panasonic 180 Lít Multi Door 4 cánh,Điện máy,Tủ lạnh,Multi Door 4 cánh,23000000,https://picsum.photos/seed/homeapp1471/600/600,Dung tích: 180L; Kiểu tủ: Multi Door 4 cánh; Công nghệ: Inverter tiết kiệm điện; Khử mùi: Ag+ Nano
SKU001472,Máy giặt Samsung 11.0 kg Cửa trên (Lồng đứng) Inverter,Điện máy,Máy giặt,Cửa trên (Lồng đứng),6000000,https://picsum.photos/seed/homeapp1472/600/600,Khối lượng giặt: 11.0kg; Kiểu lồng: Cửa trên (Lồng đứng); Động cơ: Truyền động trực tiếp Inverter; Giặt nước nóng
SKU001473,Tủ lạnh Samsung 250 Lít Inverter ngăn đông dưới,Điện máy,Tủ lạnh,Inverter ngăn đông dưới,32000000,https://picsum.photos/seed/homeapp1473/600/600,Dung tích: 250L; Kiểu tủ: Inverter ngăn đông dưới; Công nghệ: Inverter tiết kiệm điện; Khử mùi: Ag+ Nano
SKU001474,Tủ lạnh Panasonic 180 Lít Inverter 2 cánh truyền thống,Điện máy,Tủ lạnh,Inverter 2 cánh truyền thống,20000000,https://picsum.photos/seed/homeapp1474/600/600,Dung tích: 180L; Kiểu tủ: Inverter 2 cánh truyền thống; Công nghệ: Inverter tiết kiệm điện; Khử mùi: Ag+ Nano
SKU001475,Máy giặt Toshiba 8.5 kg Cửa trước (Lồng ngang) Inverter,Điện máy,Máy giặt,Cửa trước (Lồng ngang),16000000,https://picsum.photos/seed/homeapp1475/600/600,Khối lượng giặt: 8.5kg; Kiểu lồng: Cửa trước (Lồng ngang); Động cơ: Truyền động trực tiếp Inverter; Giặt nước nóng
SKU001476,Máy giặt Samsung 11.0 kg Cửa trước (Lồng ngang) Inverter,Điện máy,Máy giặt,Cửa trước (Lồng ngang),17000000,https://picsum.photos/seed/homeapp1476/600/600,Khối lượng giặt: 11.0kg; Kiểu lồng: Cửa trước (Lồng ngang); Động cơ: Truyền động trực tiếp Inverter; Giặt nước nóng
SKU001477,Máy giặt Samsung 8.5 kg Cửa trên (Lồng đứng) Inverter,Điện máy,Máy giặt,Cửa trên (Lồng đứng),5000000,https://picsum.photos/seed/homeapp1477/600/600,Khối lượng giặt: 8.5kg; Kiểu lồng: Cửa trên (Lồng đứng); Động cơ: Truyền động trực tiếp Inverter; Giặt nước nóng
SKU001478,Máy giặt Samsung 12.5 kg Cửa trước (Lồng ngang) Inverter,Điện máy,Máy giặt,Cửa trước (Lồng ngang),5000000,https://picsum.photos/seed/homeapp1478/600/600,Khối lượng giặt: 12.5kg; Kiểu lồng: Cửa trước (Lồng ngang); Động cơ: Truyền động trực tiếp Inverter; Giặt nước nóng
SKU001479,Máy giặt Toshiba 8.5 kg Cửa trước (Lồng ngang) Inverter,Điện máy,Máy giặt,Cửa trước (Lồng ngang),20000000,https://picsum.photos/seed/homeapp1479/600/600,Khối lượng giặt: 8.5kg; Kiểu lồng: Cửa trước (Lồng ngang); Động cơ: Truyền động trực tiếp Inverter; Giặt nước nóng
SKU001480,Tủ lạnh LG 180 Lít Inverter ngăn đông dưới,Điện máy,Tủ lạnh,Inverter ngăn đông dưới,24000000,https://picsum.photos/seed/homeapp1480/600/600,Dung tích: 180L; Kiểu tủ: Inverter ngăn đông dưới; Công nghệ: Inverter tiết kiệm điện; Khử mùi: Ag+ Nano
SKU001481,Máy giặt Panasonic 12.5 kg Giặt sấy kết hợp Inverter,Điện máy,Máy giặt,Giặt sấy kết hợp,15000000,https://picsum.photos/seed/homeapp1481/600/600,Khối lượng giặt: 12.5kg; Kiểu lồng: Giặt sấy kết hợp; Động cơ: Truyền động trực tiếp Inverter; Giặt nước nóng
SKU001482,Tủ lạnh LG 550 Lít Inverter ngăn đông dưới,Điện máy,Tủ lạnh,Inverter ngăn đông dưới,6000000,https://picsum.photos/seed/homeapp1482/600/600,Dung tích: 550L; Kiểu tủ: Inverter ngăn đông dưới; Công nghệ: Inverter tiết kiệm điện; Khử mùi: Ag+ Nano
SKU001483,Máy giặt Samsung 8.5 kg Cửa trên (Lồng đứng) Inverter,Điện máy,Máy giặt,Cửa trên (Lồng đứng),10000000,https://picsum.photos/seed/homeapp1483/600/600,Khối lượng giặt: 8.5kg; Kiểu lồng: Cửa trên (Lồng đứng); Động cơ: Truyền động trực tiếp Inverter; Giặt nước nóng
SKU001484,Máy giặt Toshiba 11.0 kg Cửa trước (Lồng ngang) Inverter,Điện máy,Máy giặt,Cửa trước (Lồng ngang),18000000,https://picsum.photos/seed/homeapp1484/600/600,Khối lượng giặt: 11.0kg; Kiểu lồng: Cửa trước (Lồng ngang); Động cơ: Truyền động trực tiếp Inverter; Giặt nước nóng
SKU001485,Tủ lạnh LG 630 Lít Inverter 2 cánh truyền thống,Điện máy,Tủ lạnh,Inverter 2 cánh truyền thống,9000000,https://picsum.photos/seed/homeapp1485/600/600,Dung tích: 630L; Kiểu tủ: Inverter 2 cánh truyền thống; Công nghệ: Inverter tiết kiệm điện; Khử mùi: Ag+ Nano
SKU001486,Máy giặt Samsung 11.0 kg Giặt sấy kết hợp Inverter,Điện máy,Máy giặt,Giặt sấy kết hợp,7000000,https://picsum.photos/seed/homeapp1486/600/600,Khối lượng giặt: 11.0kg; Kiểu lồng: Giặt sấy kết hợp; Động cơ: Truyền động trực tiếp Inverter; Giặt nước nóng
SKU001487,Tủ lạnh Panasonic 630 Lít Inverter ngăn đông dưới,Điện máy,Tủ lạnh,Inverter ngăn đông dưới,11000000,https://picsum.photos/seed/homeapp1487/600/600,Dung tích: 630L; Kiểu tủ: Inverter ngăn đông dưới; Công nghệ: Inverter tiết kiệm điện; Khử mùi: Ag+ Nano
SKU001488,Tủ lạnh Panasonic 630 Lít Inverter 2 cánh truyền thống,Điện máy,Tủ lạnh,Inverter 2 cánh truyền thống,37000000,https://picsum.photos/seed/homeapp1488/600/600,Dung tích: 630L; Kiểu tủ: Inverter 2 cánh truyền thống; Công nghệ: Inverter tiết kiệm điện; Khử mùi: Ag+ Nano
SKU001489,Tủ lạnh Panasonic 180 Lít Side by side,Điện máy,Tủ lạnh,Side by side,36000000,https://picsum.photos/seed/homeapp1489/600/600,Dung tích: 180L; Kiểu tủ: Side by side; Công nghệ: Inverter tiết kiệm điện; Khử mùi: Ag+ Nano
SKU001490,Máy giặt Electrolux 12.5 kg Giặt sấy kết hợp Inverter,Điện máy,Máy giặt,Giặt sấy kết hợp,20000000,https://picsum.photos/seed/homeapp1490/600/600,Khối lượng giặt: 12.5kg; Kiểu lồng: Giặt sấy kết hợp; Động cơ: Truyền động trực tiếp Inverter; Giặt nước nóng
SKU001491,Máy giặt Electrolux 12.5 kg Cửa trên (Lồng đứng) Inverter,Điện máy,Máy giặt,Cửa trên (Lồng đứng),7000000,https://picsum.photos/seed/homeapp1491/600/600,Khối lượng giặt: 12.5kg; Kiểu lồng: Cửa trên (Lồng đứng); Động cơ: Truyền động trực tiếp Inverter; Giặt nước nóng
SKU001492,Tủ lạnh Aqua 450 Lít Inverter 2 cánh truyền thống,Điện máy,Tủ lạnh,Inverter 2 cánh truyền thống,33000000,https://picsum.photos/seed/homeapp1492/600/600,Dung tích: 450L; Kiểu tủ: Inverter 2 cánh truyền thống; Công nghệ: Inverter tiết kiệm điện; Khử mùi: Ag+ Nano
SKU001493,Máy giặt Samsung 10.0 kg Cửa trước (Lồng ngang) Inverter,Điện máy,Máy giặt,Cửa trước (Lồng ngang),13000000,https://picsum.photos/seed/homeapp1493/600/600,Khối lượng giặt: 10.0kg; Kiểu lồng: Cửa trước (Lồng ngang); Động cơ: Truyền động trực tiếp Inverter; Giặt nước nóng
SKU001494,Tủ lạnh LG 180 Lít Inverter 2 cánh truyền thống,Điện máy,Tủ lạnh,Inverter 2 cánh truyền thống,36000000,https://picsum.photos/seed/homeapp1494/600/600,Dung tích: 180L; Kiểu tủ: Inverter 2 cánh truyền thống; Công nghệ: Inverter tiết kiệm điện; Khử mùi: Ag+ Nano
SKU001495,Tủ lạnh Samsung 180 Lít Multi Door 4 cánh,Điện máy,Tủ lạnh,Multi Door 4 cánh,5000000,https://picsum.photos/seed/homeapp1495/600/600,Dung tích: 180L; Kiểu tủ: Multi Door 4 cánh; Công nghệ: Inverter tiết kiệm điện; Khử mùi: Ag+ Nano
SKU001496,Máy giặt Electrolux 9.5 kg Giặt sấy kết hợp Inverter,Điện máy,Máy giặt,Giặt sấy kết hợp,14000000,https://picsum.photos/seed/homeapp1496/600/600,Khối lượng giặt: 9.5kg; Kiểu lồng: Giặt sấy kết hợp; Động cơ: Truyền động trực tiếp Inverter; Giặt nước nóng
SKU001497,Máy giặt Samsung 9.5 kg Cửa trước (Lồng ngang) Inverter,Điện máy,Máy giặt,Cửa trước (Lồng ngang),18000000,https://picsum.photos/seed/homeapp1497/600/600,Khối lượng giặt: 9.5kg; Kiểu lồng: Cửa trước (Lồng ngang); Động cơ: Truyền động trực tiếp Inverter; Giặt nước nóng
SKU001498,Máy giặt LG 11.0 kg Cửa trên (Lồng đứng) Inverter,Điện máy,Máy giặt,Cửa trên (Lồng đứng),11000000,https://picsum.photos/seed/homeapp1498/600/600,Khối lượng giặt: 11.0kg; Kiểu lồng: Cửa trên (Lồng đứng); Động cơ: Truyền động trực tiếp Inverter; Giặt nước nóng
SKU001499,Máy giặt Samsung 9.5 kg Giặt sấy kết hợp Inverter,Điện máy,Máy giặt,Giặt sấy kết hợp,22000000,https://picsum.photos/seed/homeapp1499/600/600,Khối lượng giặt: 9.5kg; Kiểu lồng: Giặt sấy kết hợp; Động cơ: Truyền động trực tiếp Inverter; Giặt nước nóng
SKU001500,Máy giặt Toshiba 8.5 kg Cửa trên (Lồng đứng) Inverter,Điện máy,Máy giặt,Cửa trên (Lồng đứng),19000000,https://picsum.photos/seed/homeapp1500/600/600,Khối lượng giặt: 8.5kg; Kiểu lồng: Cửa trên (Lồng đứng); Động cơ: Truyền động trực tiếp Inverter; Giặt nước nóng
SKU001501,Tủ lạnh LG 180 Lít Multi Door 4 cánh,Điện máy,Tủ lạnh,Multi Door 4 cánh,37000000,https://picsum.photos/seed/homeapp1501/600/600,Dung tích: 180L; Kiểu tủ: Multi Door 4 cánh; Công nghệ: Inverter tiết kiệm điện; Khử mùi: Ag+ Nano
SKU001502,Máy giặt Toshiba 8.5 kg Cửa trước (Lồng ngang) Inverter,Điện máy,Máy giặt,Cửa trước (Lồng ngang),21000000,https://picsum.photos/seed/homeapp1502/600/600,Khối lượng giặt: 8.5kg; Kiểu lồng: Cửa trước (Lồng ngang); Động cơ: Truyền động trực tiếp Inverter; Giặt nước nóng
SKU001503,Máy giặt Panasonic 10.0 kg Cửa trước (Lồng ngang) Inverter,Điện máy,Máy giặt,Cửa trước (Lồng ngang),10000000,https://picsum.photos/seed/homeapp1503/600/600,Khối lượng giặt: 10.0kg; Kiểu lồng: Cửa trước (Lồng ngang); Động cơ: Truyền động trực tiếp Inverter; Giặt nước nóng
SKU001504,Tủ lạnh LG 320 Lít Inverter ngăn đông dưới,Điện máy,Tủ lạnh,Inverter ngăn đông dưới,26000000,https://picsum.photos/seed/homeapp1504/600/600,Dung tích: 320L; Kiểu tủ: Inverter ngăn đông dưới; Công nghệ: Inverter tiết kiệm điện; Khử mùi: Ag+ Nano
SKU001505,Tủ lạnh Aqua 630 Lít Multi Door 4 cánh,Điện máy,Tủ lạnh,Multi Door 4 cánh,18000000,https://picsum.photos/seed/homeapp1505/600/600,Dung tích: 630L; Kiểu tủ: Multi Door 4 cánh; Công nghệ: Inverter tiết kiệm điện; Khử mùi: Ag+ Nano
SKU001506,Tủ lạnh Toshiba 180 Lít Side by side,Điện máy,Tủ lạnh,Side by side,13000000,https://picsum.photos/seed/homeapp1506/600/600,Dung tích: 180L; Kiểu tủ: Side by side; Công nghệ: Inverter tiết kiệm điện; Khử mùi: Ag+ Nano
SKU001507,Tủ lạnh Samsung 320 Lít Multi Door 4 cánh,Điện máy,Tủ lạnh,Multi Door 4 cánh,41000000,https://picsum.photos/seed/homeapp1507/600/600,Dung tích: 320L; Kiểu tủ: Multi Door 4 cánh; Công nghệ: Inverter tiết kiệm điện; Khử mùi: Ag+ Nano
SKU001508,Tủ lạnh Toshiba 250 Lít Inverter ngăn đông dưới,Điện máy,Tủ lạnh,Inverter ngăn đông dưới,38000000,https://picsum.photos/seed/homeapp1508/600/600,Dung tích: 250L; Kiểu tủ: Inverter ngăn đông dưới; Công nghệ: Inverter tiết kiệm điện; Khử mùi: Ag+ Nano
SKU001509,Máy giặt Electrolux 8.5 kg Giặt sấy kết hợp Inverter,Điện máy,Máy giặt,Giặt sấy kết hợp,6000000,https://picsum.photos/seed/homeapp1509/600/600,Khối lượng giặt: 8.5kg; Kiểu lồng: Giặt sấy kết hợp; Động cơ: Truyền động trực tiếp Inverter; Giặt nước nóng
SKU001510,Tủ lạnh LG 450 Lít Inverter ngăn đông dưới,Điện máy,Tủ lạnh,Inverter ngăn đông dưới,22000000,https://picsum.photos/seed/homeapp1510/600/600,Dung tích: 450L; Kiểu tủ: Inverter ngăn đông dưới; Công nghệ: Inverter tiết kiệm điện; Khử mùi: Ag+ Nano
SKU001511,Tủ lạnh Panasonic 320 Lít Inverter ngăn đông dưới,Điện máy,Tủ lạnh,Inverter ngăn đông dưới,18000000,https://picsum.photos/seed/homeapp1511/600/600,Dung tích: 320L; Kiểu tủ: Inverter ngăn đông dưới; Công nghệ: Inverter tiết kiệm điện; Khử mùi: Ag+ Nano
SKU001512,Máy giặt Electrolux 12.5 kg Cửa trên (Lồng đứng) Inverter,Điện máy,Máy giặt,Cửa trên (Lồng đứng),5000000,https://picsum.photos/seed/homeapp1512/600/600,Khối lượng giặt: 12.5kg; Kiểu lồng: Cửa trên (Lồng đứng); Động cơ: Truyền động trực tiếp Inverter; Giặt nước nóng
SKU001513,Máy giặt Electrolux 10.0 kg Cửa trên (Lồng đứng) Inverter,Điện máy,Máy giặt,Cửa trên (Lồng đứng),14000000,https://picsum.photos/seed/homeapp1513/600/600,Khối lượng giặt: 10.0kg; Kiểu lồng: Cửa trên (Lồng đứng); Động cơ: Truyền động trực tiếp Inverter; Giặt nước nóng
SKU001514,Tủ lạnh Toshiba 550 Lít Inverter 2 cánh truyền thống,Điện máy,Tủ lạnh,Inverter 2 cánh truyền thống,23000000,https://picsum.photos/seed/homeapp1514/600/600,Dung tích: 550L; Kiểu tủ: Inverter 2 cánh truyền thống; Công nghệ: Inverter tiết kiệm điện; Khử mùi: Ag+ Nano
SKU001515,Tủ lạnh Aqua 450 Lít Side by side,Điện máy,Tủ lạnh,Side by side,37000000,https://picsum.photos/seed/homeapp1515/600/600,Dung tích: 450L; Kiểu tủ: Side by side; Công nghệ: Inverter tiết kiệm điện; Khử mùi: Ag+ Nano
SKU001516,Máy giặt LG 8.5 kg Giặt sấy kết hợp Inverter,Điện máy,Máy giặt,Giặt sấy kết hợp,15000000,https://picsum.photos/seed/homeapp1516/600/600,Khối lượng giặt: 8.5kg; Kiểu lồng: Giặt sấy kết hợp; Động cơ: Truyền động trực tiếp Inverter; Giặt nước nóng
SKU001517,Tủ lạnh Panasonic 630 Lít Inverter ngăn đông dưới,Điện máy,Tủ lạnh,Inverter ngăn đông dưới,35000000,https://picsum.photos/seed/homeapp1517/600/600,Dung tích: 630L; Kiểu tủ: Inverter ngăn đông dưới; Công nghệ: Inverter tiết kiệm điện; Khử mùi: Ag+ Nano
SKU001518,Tủ lạnh LG 180 Lít Inverter ngăn đông dưới,Điện máy,Tủ lạnh,Inverter ngăn đông dưới,40000000,https://picsum.photos/seed/homeapp1518/600/600,Dung tích: 180L; Kiểu tủ: Inverter ngăn đông dưới; Công nghệ: Inverter tiết kiệm điện; Khử mùi: Ag+ Nano
SKU001519,Máy giặt Panasonic 9.5 kg Cửa trên (Lồng đứng) Inverter,Điện máy,Máy giặt,Cửa trên (Lồng đứng),15000000,https://picsum.photos/seed/homeapp1519/600/600,Khối lượng giặt: 9.5kg; Kiểu lồng: Cửa trên (Lồng đứng); Động cơ: Truyền động trực tiếp Inverter; Giặt nước nóng
SKU001520,Máy giặt LG 11.0 kg Cửa trước (Lồng ngang) Inverter,Điện máy,Máy giặt,Cửa trước (Lồng ngang),6000000,https://picsum.photos/seed/homeapp1520/600/600,Khối lượng giặt: 11.0kg; Kiểu lồng: Cửa trước (Lồng ngang); Động cơ: Truyền động trực tiếp Inverter; Giặt nước nóng
SKU001521,Máy giặt Toshiba 12.5 kg Cửa trên (Lồng đứng) Inverter,Điện máy,Máy giặt,Cửa trên (Lồng đứng),12000000,https://picsum.photos/seed/homeapp1521/600/600,Khối lượng giặt: 12.5kg; Kiểu lồng: Cửa trên (Lồng đứng); Động cơ: Truyền động trực tiếp Inverter; Giặt nước nóng
SKU001522,Tủ lạnh LG 550 Lít Multi Door 4 cánh,Điện máy,Tủ lạnh,Multi Door 4 cánh,36000000,https://picsum.photos/seed/homeapp1522/600/600,Dung tích: 550L; Kiểu tủ: Multi Door 4 cánh; Công nghệ: Inverter tiết kiệm điện; Khử mùi: Ag+ Nano
SKU001523,Tủ lạnh Aqua 320 Lít Multi Door 4 cánh,Điện máy,Tủ lạnh,Multi Door 4 cánh,8000000,https://picsum.photos/seed/homeapp1523/600/600,Dung tích: 320L; Kiểu tủ: Multi Door 4 cánh; Công nghệ: Inverter tiết kiệm điện; Khử mùi: Ag+ Nano
SKU001524,Tủ lạnh Toshiba 250 Lít Inverter 2 cánh truyền thống,Điện máy,Tủ lạnh,Inverter 2 cánh truyền thống,30000000,https://picsum.photos/seed/homeapp1524/600/600,Dung tích: 250L; Kiểu tủ: Inverter 2 cánh truyền thống; Công nghệ: Inverter tiết kiệm điện; Khử mùi: Ag+ Nano
SKU001525,Tủ lạnh Panasonic 450 Lít Inverter 2 cánh truyền thống,Điện máy,Tủ lạnh,Inverter 2 cánh truyền thống,13000000,https://picsum.photos/seed/homeapp1525/600/600,Dung tích: 450L; Kiểu tủ: Inverter 2 cánh truyền thống; Công nghệ: Inverter tiết kiệm điện; Khử mùi: Ag+ Nano
SKU001526,Tủ lạnh Aqua 630 Lít Multi Door 4 cánh,Điện máy,Tủ lạnh,Multi Door 4 cánh,22000000,https://picsum.photos/seed/homeapp1526/600/600,Dung tích: 630L; Kiểu tủ: Multi Door 4 cánh; Công nghệ: Inverter tiết kiệm điện; Khử mùi: Ag+ Nano
SKU001527,Tủ lạnh LG 180 Lít Inverter 2 cánh truyền thống,Điện máy,Tủ lạnh,Inverter 2 cánh truyền thống,44000000,https://picsum.photos/seed/homeapp1527/600/600,Dung tích: 180L; Kiểu tủ: Inverter 2 cánh truyền thống; Công nghệ: Inverter tiết kiệm điện; Khử mùi: Ag+ Nano
SKU001528,Tủ lạnh Toshiba 450 Lít Multi Door 4 cánh,Điện máy,Tủ lạnh,Multi Door 4 cánh,27000000,https://picsum.photos/seed/homeapp1528/600/600,Dung tích: 450L; Kiểu tủ: Multi Door 4 cánh; Công nghệ: Inverter tiết kiệm điện; Khử mùi: Ag+ Nano
SKU001529,Tủ lạnh Toshiba 450 Lít Inverter 2 cánh truyền thống,Điện máy,Tủ lạnh,Inverter 2 cánh truyền thống,30000000,https://picsum.photos/seed/homeapp1529/600/600,Dung tích: 450L; Kiểu tủ: Inverter 2 cánh truyền thống; Công nghệ: Inverter tiết kiệm điện; Khử mùi: Ag+ Nano
SKU001530,Máy giặt Toshiba 12.5 kg Giặt sấy kết hợp Inverter,Điện máy,Máy giặt,Giặt sấy kết hợp,12000000,https://picsum.photos/seed/homeapp1530/600/600,Khối lượng giặt: 12.5kg; Kiểu lồng: Giặt sấy kết hợp; Động cơ: Truyền động trực tiếp Inverter; Giặt nước nóng
SKU001531,Tủ lạnh Panasonic 630 Lít Side by side,Điện máy,Tủ lạnh,Side by side,22000000,https://picsum.photos/seed/homeapp1531/600/600,Dung tích: 630L; Kiểu tủ: Side by side; Công nghệ: Inverter tiết kiệm điện; Khử mùi: Ag+ Nano
SKU001532,Tủ lạnh LG 250 Lít Multi Door 4 cánh,Điện máy,Tủ lạnh,Multi Door 4 cánh,9000000,https://picsum.photos/seed/homeapp1532/600/600,Dung tích: 250L; Kiểu tủ: Multi Door 4 cánh; Công nghệ: Inverter tiết kiệm điện; Khử mùi: Ag+ Nano
SKU001533,Máy giặt Electrolux 8.5 kg Cửa trước (Lồng ngang) Inverter,Điện máy,Máy giặt,Cửa trước (Lồng ngang),17000000,https://picsum.photos/seed/homeapp1533/600/600,Khối lượng giặt: 8.5kg; Kiểu lồng: Cửa trước (Lồng ngang); Động cơ: Truyền động trực tiếp Inverter; Giặt nước nóng
SKU001534,Tủ lạnh Samsung 320 Lít Inverter 2 cánh truyền thống,Điện máy,Tủ lạnh,Inverter 2 cánh truyền thống,25000000,https://picsum.photos/seed/homeapp1534/600/600,Dung tích: 320L; Kiểu tủ: Inverter 2 cánh truyền thống; Công nghệ: Inverter tiết kiệm điện; Khử mùi: Ag+ Nano
SKU001535,Máy giặt Samsung 8.5 kg Cửa trên (Lồng đứng) Inverter,Điện máy,Máy giặt,Cửa trên (Lồng đứng),6000000,https://picsum.photos/seed/homeapp1535/600/600,Khối lượng giặt: 8.5kg; Kiểu lồng: Cửa trên (Lồng đứng); Động cơ: Truyền động trực tiếp Inverter; Giặt nước nóng
SKU001536,Tủ lạnh Panasonic 250 Lít Side by side,Điện máy,Tủ lạnh,Side by side,40000000,https://picsum.photos/seed/homeapp1536/600/600,Dung tích: 250L; Kiểu tủ: Side by side; Công nghệ: Inverter tiết kiệm điện; Khử mùi: Ag+ Nano
SKU001537,Máy giặt LG 12.5 kg Cửa trên (Lồng đứng) Inverter,Điện máy,Máy giặt,Cửa trên (Lồng đứng),18000000,https://picsum.photos/seed/homeapp1537/600/600,Khối lượng giặt: 12.5kg; Kiểu lồng: Cửa trên (Lồng đứng); Động cơ: Truyền động trực tiếp Inverter; Giặt nước nóng
SKU001538,Tủ lạnh Samsung 320 Lít Multi Door 4 cánh,Điện máy,Tủ lạnh,Multi Door 4 cánh,43000000,https://picsum.photos/seed/homeapp1538/600/600,Dung tích: 320L; Kiểu tủ: Multi Door 4 cánh; Công nghệ: Inverter tiết kiệm điện; Khử mùi: Ag+ Nano
SKU001539,Tủ lạnh Toshiba 550 Lít Inverter ngăn đông dưới,Điện máy,Tủ lạnh,Inverter ngăn đông dưới,11000000,https://picsum.photos/seed/homeapp1539/600/600,Dung tích: 550L; Kiểu tủ: Inverter ngăn đông dưới; Công nghệ: Inverter tiết kiệm điện; Khử mùi: Ag+ Nano
SKU001540,Máy giặt LG 12.5 kg Giặt sấy kết hợp Inverter,Điện máy,Máy giặt,Giặt sấy kết hợp,20000000,https://picsum.photos/seed/homeapp1540/600/600,Khối lượng giặt: 12.5kg; Kiểu lồng: Giặt sấy kết hợp; Động cơ: Truyền động trực tiếp Inverter; Giặt nước nóng
SKU001541,Máy giặt Electrolux 12.5 kg Giặt sấy kết hợp Inverter,Điện máy,Máy giặt,Giặt sấy kết hợp,10000000,https://picsum.photos/seed/homeapp1541/600/600,Khối lượng giặt: 12.5kg; Kiểu lồng: Giặt sấy kết hợp; Động cơ: Truyền động trực tiếp Inverter; Giặt nước nóng
SKU001542,Tủ lạnh LG 180 Lít Inverter 2 cánh truyền thống,Điện máy,Tủ lạnh,Inverter 2 cánh truyền thống,34000000,https://picsum.photos/seed/homeapp1542/600/600,Dung tích: 180L; Kiểu tủ: Inverter 2 cánh truyền thống; Công nghệ: Inverter tiết kiệm điện; Khử mùi: Ag+ Nano
SKU001543,Máy giặt LG 11.0 kg Giặt sấy kết hợp Inverter,Điện máy,Máy giặt,Giặt sấy kết hợp,6000000,https://picsum.photos/seed/homeapp1543/600/600,Khối lượng giặt: 11.0kg; Kiểu lồng: Giặt sấy kết hợp; Động cơ: Truyền động trực tiếp Inverter; Giặt nước nóng
SKU001544,Máy giặt Samsung 9.5 kg Cửa trên (Lồng đứng) Inverter,Điện máy,Máy giặt,Cửa trên (Lồng đứng),6000000,https://picsum.photos/seed/homeapp1544/600/600,Khối lượng giặt: 9.5kg; Kiểu lồng: Cửa trên (Lồng đứng); Động cơ: Truyền động trực tiếp Inverter; Giặt nước nóng
SKU001545,Tủ lạnh Panasonic 180 Lít Multi Door 4 cánh,Điện máy,Tủ lạnh,Multi Door 4 cánh,41000000,https://picsum.photos/seed/homeapp1545/600/600,Dung tích: 180L; Kiểu tủ: Multi Door 4 cánh; Công nghệ: Inverter tiết kiệm điện; Khử mùi: Ag+ Nano
SKU001546,Máy giặt Toshiba 8.5 kg Cửa trước (Lồng ngang) Inverter,Điện máy,Máy giặt,Cửa trước (Lồng ngang),10000000,https://picsum.photos/seed/homeapp1546/600/600,Khối lượng giặt: 8.5kg; Kiểu lồng: Cửa trước (Lồng ngang); Động cơ: Truyền động trực tiếp Inverter; Giặt nước nóng
SKU001547,Tủ lạnh Panasonic 630 Lít Multi Door 4 cánh,Điện máy,Tủ lạnh,Multi Door 4 cánh,8000000,https://picsum.photos/seed/homeapp1547/600/600,Dung tích: 630L; Kiểu tủ: Multi Door 4 cánh; Công nghệ: Inverter tiết kiệm điện; Khử mùi: Ag+ Nano
SKU001548,Máy giặt LG 10.0 kg Cửa trước (Lồng ngang) Inverter,Điện máy,Máy giặt,Cửa trước (Lồng ngang),5000000,https://picsum.photos/seed/homeapp1548/600/600,Khối lượng giặt: 10.0kg; Kiểu lồng: Cửa trước (Lồng ngang); Động cơ: Truyền động trực tiếp Inverter; Giặt nước nóng
SKU001549,Máy giặt Panasonic 11.0 kg Cửa trên (Lồng đứng) Inverter,Điện máy,Máy giặt,Cửa trên (Lồng đứng),19000000,https://picsum.photos/seed/homeapp1549/600/600,Khối lượng giặt: 11.0kg; Kiểu lồng: Cửa trên (Lồng đứng); Động cơ: Truyền động trực tiếp Inverter; Giặt nước nóng
SKU001550,Tủ lạnh Toshiba 550 Lít Inverter 2 cánh truyền thống,Điện máy,Tủ lạnh,Inverter 2 cánh truyền thống,41000000,https://picsum.photos/seed/homeapp1550/600/600,Dung tích: 550L; Kiểu tủ: Inverter 2 cánh truyền thống; Công nghệ: Inverter tiết kiệm điện; Khử mùi: Ag+ Nano
SKU001551,Robot hút bụi lau nhà Ecovacs (Lực hút 5000-8000Pa) Model 331,Gia dụng,Robot hút bụi lau nhà,Thiết bị nhà bếp thông minh,11000000,https://picsum.photos/seed/kitchen1551/600/600,"Dung tích/Công suất: Lực hút 5000-8000Pa; Tính năng nổi bật: Điều hướng Laser LDS, Tự đổ rác, Tự giặt giẻ"
SKU001552,Robot hút bụi lau nhà Dreame (Lực hút 5000-8000Pa) Model 417,Gia dụng,Robot hút bụi lau nhà,Thiết bị nhà bếp thông minh,1000000,https://picsum.photos/seed/kitchen1552/600/600,"Dung tích/Công suất: Lực hút 5000-8000Pa; Tính năng nổi bật: Điều hướng Laser LDS, Tự đổ rác, Tự giặt giẻ"
SKU001553,Nồi chiên không dầu Philips (5.5L - 8L) Model 237,Gia dụng,Nồi chiên không dầu,Thiết bị nhà bếp thông minh,3000000,https://picsum.photos/seed/kitchen1553/600/600,"Dung tích/Công suất: 5.5L - 8L; Tính năng nổi bật: Nhiệt độ 80-200°C, Giảm 80% dầu mỡ"
SKU001554,Máy ép chậm Kalite (Ép nguyên quả) Model 474,Gia dụng,Máy ép chậm,Thiết bị nhà bếp thông minh,13490000,https://picsum.photos/seed/kitchen1554/600/600,"Dung tích/Công suất: Ép nguyên quả; Tính năng nổi bật: Tốc độ vòng quay 45-60 vòng/phút, Giữ 98% vitamin"
SKU001555,Robot hút bụi lau nhà Ecovacs (Lực hút 5000-8000Pa) Model 772,Gia dụng,Robot hút bụi lau nhà,Thiết bị nhà bếp thông minh,10490000,https://picsum.photos/seed/kitchen1555/600/600,"Dung tích/Công suất: Lực hút 5000-8000Pa; Tính năng nổi bật: Điều hướng Laser LDS, Tự đổ rác, Tự giặt giẻ"
SKU001556,Nồi chiên không dầu Tefal (5.5L - 8L) Model 385,Gia dụng,Nồi chiên không dầu,Thiết bị nhà bếp thông minh,14000000,https://picsum.photos/seed/kitchen1556/600/600,"Dung tích/Công suất: 5.5L - 8L; Tính năng nổi bật: Nhiệt độ 80-200°C, Giảm 80% dầu mỡ"
SKU001557,Robot hút bụi lau nhà Ecovacs (Lực hút 5000-8000Pa) Model 357,Gia dụng,Robot hút bụi lau nhà,Thiết bị nhà bếp thông minh,12490000,https://picsum.photos/seed/kitchen1557/600/600,"Dung tích/Công suất: Lực hút 5000-8000Pa; Tính năng nổi bật: Điều hướng Laser LDS, Tự đổ rác, Tự giặt giẻ"
SKU001558,Lò vi sóng có nướng Panasonic (23L - 30L) Model 819,Gia dụng,Lò vi sóng có nướng,Thiết bị nhà bếp thông minh,18490000,https://picsum.photos/seed/kitchen1558/600/600,"Dung tích/Công suất: 23L - 30L; Tính năng nổi bật: Công suất vi sóng 900W, Nướng 1000W"
SKU001559,Máy ép chậm Kuvings (Ép nguyên quả) Model 688,Gia dụng,Máy ép chậm,Thiết bị nhà bếp thông minh,17490000,https://picsum.photos/seed/kitchen1559/600/600,"Dung tích/Công suất: Ép nguyên quả; Tính năng nổi bật: Tốc độ vòng quay 45-60 vòng/phút, Giữ 98% vitamin"
SKU001560,Robot hút bụi lau nhà Dreame (Lực hút 5000-8000Pa) Model 711,Gia dụng,Robot hút bụi lau nhà,Thiết bị nhà bếp thông minh,9000000,https://picsum.photos/seed/kitchen1560/600/600,"Dung tích/Công suất: Lực hút 5000-8000Pa; Tính năng nổi bật: Điều hướng Laser LDS, Tự đổ rác, Tự giặt giẻ"
SKU001561,Nồi chiên không dầu Philips (5.5L - 8L) Model 270,Gia dụng,Nồi chiên không dầu,Thiết bị nhà bếp thông minh,2000000,https://picsum.photos/seed/kitchen1561/600/600,"Dung tích/Công suất: 5.5L - 8L; Tính năng nổi bật: Nhiệt độ 80-200°C, Giảm 80% dầu mỡ"
SKU001562,Lò vi sóng có nướng Panasonic (23L - 30L) Model 233,Gia dụng,Lò vi sóng có nướng,Thiết bị nhà bếp thông minh,15200000,https://picsum.photos/seed/kitchen1562/600/600,"Dung tích/Công suất: 23L - 30L; Tính năng nổi bật: Công suất vi sóng 900W, Nướng 1000W"
SKU001563,Nồi chiên không dầu Tefal (5.5L - 8L) Model 935,Gia dụng,Nồi chiên không dầu,Thiết bị nhà bếp thông minh,3200000,https://picsum.photos/seed/kitchen1563/600/600,"Dung tích/Công suất: 5.5L - 8L; Tính năng nổi bật: Nhiệt độ 80-200°C, Giảm 80% dầu mỡ"
SKU001564,Máy ép chậm Kuvings (Ép nguyên quả) Model 143,Gia dụng,Máy ép chậm,Thiết bị nhà bếp thông minh,5000000,https://picsum.photos/seed/kitchen1564/600/600,"Dung tích/Công suất: Ép nguyên quả; Tính năng nổi bật: Tốc độ vòng quay 45-60 vòng/phút, Giữ 98% vitamin"
SKU001565,Lò vi sóng có nướng Sharp (23L - 30L) Model 179,Gia dụng,Lò vi sóng có nướng,Thiết bị nhà bếp thông minh,5490000,https://picsum.photos/seed/kitchen1565/600/600,"Dung tích/Công suất: 23L - 30L; Tính năng nổi bật: Công suất vi sóng 900W, Nướng 1000W"
SKU001566,Lò vi sóng có nướng Sharp (23L - 30L) Model 689,Gia dụng,Lò vi sóng có nướng,Thiết bị nhà bếp thông minh,8200000,https://picsum.photos/seed/kitchen1566/600/600,"Dung tích/Công suất: 23L - 30L; Tính năng nổi bật: Công suất vi sóng 900W, Nướng 1000W"
SKU001567,Robot hút bụi lau nhà Dreame (Lực hút 5000-8000Pa) Model 599,Gia dụng,Robot hút bụi lau nhà,Thiết bị nhà bếp thông minh,2000000,https://picsum.photos/seed/kitchen1567/600/600,"Dung tích/Công suất: Lực hút 5000-8000Pa; Tính năng nổi bật: Điều hướng Laser LDS, Tự đổ rác, Tự giặt giẻ"
SKU001568,Nồi cơm điện cao tần Cuckoo (1.5L - 1.8L) Model 610,Gia dụng,Nồi cơm điện cao tần,Thiết bị nhà bếp thông minh,2000000,https://picsum.photos/seed/kitchen1568/600/600,"Dung tích/Công suất: 1.5L - 1.8L; Tính năng nổi bật: Lòng nồi chống dính kim cương, Giữ ấm 48h"
SKU001569,Máy ép chậm Hurom (Ép nguyên quả) Model 684,Gia dụng,Máy ép chậm,Thiết bị nhà bếp thông minh,16200000,https://picsum.photos/seed/kitchen1569/600/600,"Dung tích/Công suất: Ép nguyên quả; Tính năng nổi bật: Tốc độ vòng quay 45-60 vòng/phút, Giữ 98% vitamin"
SKU001570,Robot hút bụi lau nhà Ecovacs (Lực hút 5000-8000Pa) Model 316,Gia dụng,Robot hút bụi lau nhà,Thiết bị nhà bếp thông minh,11490000,https://picsum.photos/seed/kitchen1570/600/600,"Dung tích/Công suất: Lực hút 5000-8000Pa; Tính năng nổi bật: Điều hướng Laser LDS, Tự đổ rác, Tự giặt giẻ"
SKU001571,Máy ép chậm Kuvings (Ép nguyên quả) Model 699,Gia dụng,Máy ép chậm,Thiết bị nhà bếp thông minh,5200000,https://picsum.photos/seed/kitchen1571/600/600,"Dung tích/Công suất: Ép nguyên quả; Tính năng nổi bật: Tốc độ vòng quay 45-60 vòng/phút, Giữ 98% vitamin"
SKU001572,Máy ép chậm Kalite (Ép nguyên quả) Model 927,Gia dụng,Máy ép chậm,Thiết bị nhà bếp thông minh,6200000,https://picsum.photos/seed/kitchen1572/600/600,"Dung tích/Công suất: Ép nguyên quả; Tính năng nổi bật: Tốc độ vòng quay 45-60 vòng/phút, Giữ 98% vitamin"
SKU001573,Robot hút bụi lau nhà Dreame (Lực hút 5000-8000Pa) Model 951,Gia dụng,Robot hút bụi lau nhà,Thiết bị nhà bếp thông minh,3490000,https://picsum.photos/seed/kitchen1573/600/600,"Dung tích/Công suất: Lực hút 5000-8000Pa; Tính năng nổi bật: Điều hướng Laser LDS, Tự đổ rác, Tự giặt giẻ"
SKU001574,Nồi cơm điện cao tần Cuckoo (1.5L - 1.8L) Model 365,Gia dụng,Nồi cơm điện cao tần,Thiết bị nhà bếp thông minh,10000000,https://picsum.photos/seed/kitchen1574/600/600,"Dung tích/Công suất: 1.5L - 1.8L; Tính năng nổi bật: Lòng nồi chống dính kim cương, Giữ ấm 48h"
SKU001575,Máy ép chậm Hurom (Ép nguyên quả) Model 830,Gia dụng,Máy ép chậm,Thiết bị nhà bếp thông minh,17200000,https://picsum.photos/seed/kitchen1575/600/600,"Dung tích/Công suất: Ép nguyên quả; Tính năng nổi bật: Tốc độ vòng quay 45-60 vòng/phút, Giữ 98% vitamin"
SKU001576,Robot hút bụi lau nhà Dreame (Lực hút 5000-8000Pa) Model 308,Gia dụng,Robot hút bụi lau nhà,Thiết bị nhà bếp thông minh,18490000,https://picsum.photos/seed/kitchen1576/600/600,"Dung tích/Công suất: Lực hút 5000-8000Pa; Tính năng nổi bật: Điều hướng Laser LDS, Tự đổ rác, Tự giặt giẻ"
SKU001577,Lò vi sóng có nướng Panasonic (23L - 30L) Model 505,Gia dụng,Lò vi sóng có nướng,Thiết bị nhà bếp thông minh,5000000,https://picsum.photos/seed/kitchen1577/600/600,"Dung tích/Công suất: 23L - 30L; Tính năng nổi bật: Công suất vi sóng 900W, Nướng 1000W"
SKU001578,Nồi chiên không dầu Lock&Lock (5.5L - 8L) Model 352,Gia dụng,Nồi chiên không dầu,Thiết bị nhà bếp thông minh,11490000,https://picsum.photos/seed/kitchen1578/600/600,"Dung tích/Công suất: 5.5L - 8L; Tính năng nổi bật: Nhiệt độ 80-200°C, Giảm 80% dầu mỡ"
SKU001579,Nồi chiên không dầu Tefal (5.5L - 8L) Model 526,Gia dụng,Nồi chiên không dầu,Thiết bị nhà bếp thông minh,8200000,https://picsum.photos/seed/kitchen1579/600/600,"Dung tích/Công suất: 5.5L - 8L; Tính năng nổi bật: Nhiệt độ 80-200°C, Giảm 80% dầu mỡ"
SKU001580,Robot hút bụi lau nhà Dreame (Lực hút 5000-8000Pa) Model 105,Gia dụng,Robot hút bụi lau nhà,Thiết bị nhà bếp thông minh,7490000,https://picsum.photos/seed/kitchen1580/600/600,"Dung tích/Công suất: Lực hút 5000-8000Pa; Tính năng nổi bật: Điều hướng Laser LDS, Tự đổ rác, Tự giặt giẻ"
SKU001581,Nồi cơm điện cao tần Toshiba (1.5L - 1.8L) Model 775,Gia dụng,Nồi cơm điện cao tần,Thiết bị nhà bếp thông minh,6200000,https://picsum.photos/seed/kitchen1581/600/600,"Dung tích/Công suất: 1.5L - 1.8L; Tính năng nổi bật: Lòng nồi chống dính kim cương, Giữ ấm 48h"
SKU001582,Lò vi sóng có nướng Sharp (23L - 30L) Model 233,Gia dụng,Lò vi sóng có nướng,Thiết bị nhà bếp thông minh,10000000,https://picsum.photos/seed/kitchen1582/600/600,"Dung tích/Công suất: 23L - 30L; Tính năng nổi bật: Công suất vi sóng 900W, Nướng 1000W"
SKU001583,Nồi chiên không dầu Lock&Lock (5.5L - 8L) Model 535,Gia dụng,Nồi chiên không dầu,Thiết bị nhà bếp thông minh,14000000,https://picsum.photos/seed/kitchen1583/600/600,"Dung tích/Công suất: 5.5L - 8L; Tính năng nổi bật: Nhiệt độ 80-200°C, Giảm 80% dầu mỡ"
SKU001584,Nồi chiên không dầu Lock&Lock (5.5L - 8L) Model 608,Gia dụng,Nồi chiên không dầu,Thiết bị nhà bếp thông minh,3000000,https://picsum.photos/seed/kitchen1584/600/600,"Dung tích/Công suất: 5.5L - 8L; Tính năng nổi bật: Nhiệt độ 80-200°C, Giảm 80% dầu mỡ"
SKU001585,Nồi cơm điện cao tần Cuckoo (1.5L - 1.8L) Model 643,Gia dụng,Nồi cơm điện cao tần,Thiết bị nhà bếp thông minh,14000000,https://picsum.photos/seed/kitchen1585/600/600,"Dung tích/Công suất: 1.5L - 1.8L; Tính năng nổi bật: Lòng nồi chống dính kim cương, Giữ ấm 48h"
SKU001586,Robot hút bụi lau nhà Dreame (Lực hút 5000-8000Pa) Model 800,Gia dụng,Robot hút bụi lau nhà,Thiết bị nhà bếp thông minh,16000000,https://picsum.photos/seed/kitchen1586/600/600,"Dung tích/Công suất: Lực hút 5000-8000Pa; Tính năng nổi bật: Điều hướng Laser LDS, Tự đổ rác, Tự giặt giẻ"
SKU001587,Robot hút bụi lau nhà Ecovacs (Lực hút 5000-8000Pa) Model 236,Gia dụng,Robot hút bụi lau nhà,Thiết bị nhà bếp thông minh,15200000,https://picsum.photos/seed/kitchen1587/600/600,"Dung tích/Công suất: Lực hút 5000-8000Pa; Tính năng nổi bật: Điều hướng Laser LDS, Tự đổ rác, Tự giặt giẻ"
SKU001588,Nồi cơm điện cao tần Tiger (1.5L - 1.8L) Model 409,Gia dụng,Nồi cơm điện cao tần,Thiết bị nhà bếp thông minh,2000000,https://picsum.photos/seed/kitchen1588/600/600,"Dung tích/Công suất: 1.5L - 1.8L; Tính năng nổi bật: Lòng nồi chống dính kim cương, Giữ ấm 48h"
SKU001589,Máy ép chậm Hurom (Ép nguyên quả) Model 894,Gia dụng,Máy ép chậm,Thiết bị nhà bếp thông minh,17000000,https://picsum.photos/seed/kitchen1589/600/600,"Dung tích/Công suất: Ép nguyên quả; Tính năng nổi bật: Tốc độ vòng quay 45-60 vòng/phút, Giữ 98% vitamin"
SKU001590,Robot hút bụi lau nhà Ecovacs (Lực hút 5000-8000Pa) Model 320,Gia dụng,Robot hút bụi lau nhà,Thiết bị nhà bếp thông minh,15000000,https://picsum.photos/seed/kitchen1590/600/600,"Dung tích/Công suất: Lực hút 5000-8000Pa; Tính năng nổi bật: Điều hướng Laser LDS, Tự đổ rác, Tự giặt giẻ"
SKU001591,Lò vi sóng có nướng Panasonic (23L - 30L) Model 466,Gia dụng,Lò vi sóng có nướng,Thiết bị nhà bếp thông minh,3490000,https://picsum.photos/seed/kitchen1591/600/600,"Dung tích/Công suất: 23L - 30L; Tính năng nổi bật: Công suất vi sóng 900W, Nướng 1000W"
SKU001592,Nồi chiên không dầu Lock&Lock (5.5L - 8L) Model 832,Gia dụng,Nồi chiên không dầu,Thiết bị nhà bếp thông minh,12490000,https://picsum.photos/seed/kitchen1592/600/600,"Dung tích/Công suất: 5.5L - 8L; Tính năng nổi bật: Nhiệt độ 80-200°C, Giảm 80% dầu mỡ"
SKU001593,Nồi chiên không dầu Philips (5.5L - 8L) Model 880,Gia dụng,Nồi chiên không dầu,Thiết bị nhà bếp thông minh,1490000,https://picsum.photos/seed/kitchen1593/600/600,"Dung tích/Công suất: 5.5L - 8L; Tính năng nổi bật: Nhiệt độ 80-200°C, Giảm 80% dầu mỡ"
SKU001594,Robot hút bụi lau nhà Ecovacs (Lực hút 5000-8000Pa) Model 374,Gia dụng,Robot hút bụi lau nhà,Thiết bị nhà bếp thông minh,8490000,https://picsum.photos/seed/kitchen1594/600/600,"Dung tích/Công suất: Lực hút 5000-8000Pa; Tính năng nổi bật: Điều hướng Laser LDS, Tự đổ rác, Tự giặt giẻ"
SKU001595,Lò vi sóng có nướng Panasonic (23L - 30L) Model 174,Gia dụng,Lò vi sóng có nướng,Thiết bị nhà bếp thông minh,14200000,https://picsum.photos/seed/kitchen1595/600/600,"Dung tích/Công suất: 23L - 30L; Tính năng nổi bật: Công suất vi sóng 900W, Nướng 1000W"
SKU001596,Lò vi sóng có nướng Sharp (23L - 30L) Model 497,Gia dụng,Lò vi sóng có nướng,Thiết bị nhà bếp thông minh,7200000,https://picsum.photos/seed/kitchen1596/600/600,"Dung tích/Công suất: 23L - 30L; Tính năng nổi bật: Công suất vi sóng 900W, Nướng 1000W"
SKU001597,Nồi chiên không dầu Philips (5.5L - 8L) Model 844,Gia dụng,Nồi chiên không dầu,Thiết bị nhà bếp thông minh,10200000,https://picsum.photos/seed/kitchen1597/600/600,"Dung tích/Công suất: 5.5L - 8L; Tính năng nổi bật: Nhiệt độ 80-200°C, Giảm 80% dầu mỡ"
SKU001598,Lò vi sóng có nướng Panasonic (23L - 30L) Model 363,Gia dụng,Lò vi sóng có nướng,Thiết bị nhà bếp thông minh,2000000,https://picsum.photos/seed/kitchen1598/600/600,"Dung tích/Công suất: 23L - 30L; Tính năng nổi bật: Công suất vi sóng 900W, Nướng 1000W"
SKU001599,Máy ép chậm Hurom (Ép nguyên quả) Model 389,Gia dụng,Máy ép chậm,Thiết bị nhà bếp thông minh,1000000,https://picsum.photos/seed/kitchen1599/600/600,"Dung tích/Công suất: Ép nguyên quả; Tính năng nổi bật: Tốc độ vòng quay 45-60 vòng/phút, Giữ 98% vitamin"
SKU001600,Lò vi sóng có nướng Electrolux (23L - 30L) Model 128,Gia dụng,Lò vi sóng có nướng,Thiết bị nhà bếp thông minh,5200000,https://picsum.photos/seed/kitchen1600/600/600,"Dung tích/Công suất: 23L - 30L; Tính năng nổi bật: Công suất vi sóng 900W, Nướng 1000W"
SKU001601,Lò vi sóng có nướng Panasonic (23L - 30L) Model 309,Gia dụng,Lò vi sóng có nướng,Thiết bị nhà bếp thông minh,11490000,https://picsum.photos/seed/kitchen1601/600/600,"Dung tích/Công suất: 23L - 30L; Tính năng nổi bật: Công suất vi sóng 900W, Nướng 1000W"
SKU001602,Máy ép chậm Kalite (Ép nguyên quả) Model 336,Gia dụng,Máy ép chậm,Thiết bị nhà bếp thông minh,17490000,https://picsum.photos/seed/kitchen1602/600/600,"Dung tích/Công suất: Ép nguyên quả; Tính năng nổi bật: Tốc độ vòng quay 45-60 vòng/phút, Giữ 98% vitamin"
SKU001603,Máy ép chậm Kalite (Ép nguyên quả) Model 771,Gia dụng,Máy ép chậm,Thiết bị nhà bếp thông minh,6000000,https://picsum.photos/seed/kitchen1603/600/600,"Dung tích/Công suất: Ép nguyên quả; Tính năng nổi bật: Tốc độ vòng quay 45-60 vòng/phút, Giữ 98% vitamin"
SKU001604,Nồi chiên không dầu Tefal (5.5L - 8L) Model 209,Gia dụng,Nồi chiên không dầu,Thiết bị nhà bếp thông minh,7490000,https://picsum.photos/seed/kitchen1604/600/600,"Dung tích/Công suất: 5.5L - 8L; Tính năng nổi bật: Nhiệt độ 80-200°C, Giảm 80% dầu mỡ"
SKU001605,Nồi cơm điện cao tần Tiger (1.5L - 1.8L) Model 613,Gia dụng,Nồi cơm điện cao tần,Thiết bị nhà bếp thông minh,17490000,https://picsum.photos/seed/kitchen1605/600/600,"Dung tích/Công suất: 1.5L - 1.8L; Tính năng nổi bật: Lòng nồi chống dính kim cương, Giữ ấm 48h"
SKU001606,Robot hút bụi lau nhà Ecovacs (Lực hút 5000-8000Pa) Model 653,Gia dụng,Robot hút bụi lau nhà,Thiết bị nhà bếp thông minh,15000000,https://picsum.photos/seed/kitchen1606/600/600,"Dung tích/Công suất: Lực hút 5000-8000Pa; Tính năng nổi bật: Điều hướng Laser LDS, Tự đổ rác, Tự giặt giẻ"
SKU001607,Nồi cơm điện cao tần Toshiba (1.5L - 1.8L) Model 962,Gia dụng,Nồi cơm điện cao tần,Thiết bị nhà bếp thông minh,12000000,https://picsum.photos/seed/kitchen1607/600/600,"Dung tích/Công suất: 1.5L - 1.8L; Tính năng nổi bật: Lòng nồi chống dính kim cương, Giữ ấm 48h"
SKU001608,Nồi cơm điện cao tần Tiger (1.5L - 1.8L) Model 297,Gia dụng,Nồi cơm điện cao tần,Thiết bị nhà bếp thông minh,18490000,https://picsum.photos/seed/kitchen1608/600/600,"Dung tích/Công suất: 1.5L - 1.8L; Tính năng nổi bật: Lòng nồi chống dính kim cương, Giữ ấm 48h"
SKU001609,Nồi cơm điện cao tần Toshiba (1.5L - 1.8L) Model 651,Gia dụng,Nồi cơm điện cao tần,Thiết bị nhà bếp thông minh,8200000,https://picsum.photos/seed/kitchen1609/600/600,"Dung tích/Công suất: 1.5L - 1.8L; Tính năng nổi bật: Lòng nồi chống dính kim cương, Giữ ấm 48h"
SKU001610,Nồi chiên không dầu Philips (5.5L - 8L) Model 497,Gia dụng,Nồi chiên không dầu,Thiết bị nhà bếp thông minh,15490000,https://picsum.photos/seed/kitchen1610/600/600,"Dung tích/Công suất: 5.5L - 8L; Tính năng nổi bật: Nhiệt độ 80-200°C, Giảm 80% dầu mỡ"
SKU001611,Nồi chiên không dầu Lock&Lock (5.5L - 8L) Model 571,Gia dụng,Nồi chiên không dầu,Thiết bị nhà bếp thông minh,11000000,https://picsum.photos/seed/kitchen1611/600/600,"Dung tích/Công suất: 5.5L - 8L; Tính năng nổi bật: Nhiệt độ 80-200°C, Giảm 80% dầu mỡ"
SKU001612,Nồi chiên không dầu Philips (5.5L - 8L) Model 691,Gia dụng,Nồi chiên không dầu,Thiết bị nhà bếp thông minh,1490000,https://picsum.photos/seed/kitchen1612/600/600,"Dung tích/Công suất: 5.5L - 8L; Tính năng nổi bật: Nhiệt độ 80-200°C, Giảm 80% dầu mỡ"
SKU001613,Máy ép chậm Kuvings (Ép nguyên quả) Model 626,Gia dụng,Máy ép chậm,Thiết bị nhà bếp thông minh,6200000,https://picsum.photos/seed/kitchen1613/600/600,"Dung tích/Công suất: Ép nguyên quả; Tính năng nổi bật: Tốc độ vòng quay 45-60 vòng/phút, Giữ 98% vitamin"
SKU001614,Nồi cơm điện cao tần Tiger (1.5L - 1.8L) Model 248,Gia dụng,Nồi cơm điện cao tần,Thiết bị nhà bếp thông minh,3200000,https://picsum.photos/seed/kitchen1614/600/600,"Dung tích/Công suất: 1.5L - 1.8L; Tính năng nổi bật: Lòng nồi chống dính kim cương, Giữ ấm 48h"
SKU001615,Nồi cơm điện cao tần Toshiba (1.5L - 1.8L) Model 994,Gia dụng,Nồi cơm điện cao tần,Thiết bị nhà bếp thông minh,9200000,https://picsum.photos/seed/kitchen1615/600/600,"Dung tích/Công suất: 1.5L - 1.8L; Tính năng nổi bật: Lòng nồi chống dính kim cương, Giữ ấm 48h"
SKU001616,Nồi chiên không dầu Tefal (5.5L - 8L) Model 922,Gia dụng,Nồi chiên không dầu,Thiết bị nhà bếp thông minh,10200000,https://picsum.photos/seed/kitchen1616/600/600,"Dung tích/Công suất: 5.5L - 8L; Tính năng nổi bật: Nhiệt độ 80-200°C, Giảm 80% dầu mỡ"
SKU001617,Nồi chiên không dầu Philips (5.5L - 8L) Model 578,Gia dụng,Nồi chiên không dầu,Thiết bị nhà bếp thông minh,1490000,https://picsum.photos/seed/kitchen1617/600/600,"Dung tích/Công suất: 5.5L - 8L; Tính năng nổi bật: Nhiệt độ 80-200°C, Giảm 80% dầu mỡ"
SKU001618,Lò vi sóng có nướng Sharp (23L - 30L) Model 418,Gia dụng,Lò vi sóng có nướng,Thiết bị nhà bếp thông minh,16200000,https://picsum.photos/seed/kitchen1618/600/600,"Dung tích/Công suất: 23L - 30L; Tính năng nổi bật: Công suất vi sóng 900W, Nướng 1000W"
SKU001619,Lò vi sóng có nướng Electrolux (23L - 30L) Model 673,Gia dụng,Lò vi sóng có nướng,Thiết bị nhà bếp thông minh,18200000,https://picsum.photos/seed/kitchen1619/600/600,"Dung tích/Công suất: 23L - 30L; Tính năng nổi bật: Công suất vi sóng 900W, Nướng 1000W"
SKU001620,Robot hút bụi lau nhà Ecovacs (Lực hút 5000-8000Pa) Model 828,Gia dụng,Robot hút bụi lau nhà,Thiết bị nhà bếp thông minh,16000000,https://picsum.photos/seed/kitchen1620/600/600,"Dung tích/Công suất: Lực hút 5000-8000Pa; Tính năng nổi bật: Điều hướng Laser LDS, Tự đổ rác, Tự giặt giẻ"
SKU001621,Máy ép chậm Kuvings (Ép nguyên quả) Model 358,Gia dụng,Máy ép chậm,Thiết bị nhà bếp thông minh,18200000,https://picsum.photos/seed/kitchen1621/600/600,"Dung tích/Công suất: Ép nguyên quả; Tính năng nổi bật: Tốc độ vòng quay 45-60 vòng/phút, Giữ 98% vitamin"
SKU001622,Robot hút bụi lau nhà Dreame (Lực hút 5000-8000Pa) Model 856,Gia dụng,Robot hút bụi lau nhà,Thiết bị nhà bếp thông minh,8200000,https://picsum.photos/seed/kitchen1622/600/600,"Dung tích/Công suất: Lực hút 5000-8000Pa; Tính năng nổi bật: Điều hướng Laser LDS, Tự đổ rác, Tự giặt giẻ"
SKU001623,Nồi chiên không dầu Philips (5.5L - 8L) Model 999,Gia dụng,Nồi chiên không dầu,Thiết bị nhà bếp thông minh,14000000,https://picsum.photos/seed/kitchen1623/600/600,"Dung tích/Công suất: 5.5L - 8L; Tính năng nổi bật: Nhiệt độ 80-200°C, Giảm 80% dầu mỡ"
SKU001624,Lò vi sóng có nướng Panasonic (23L - 30L) Model 836,Gia dụng,Lò vi sóng có nướng,Thiết bị nhà bếp thông minh,11200000,https://picsum.photos/seed/kitchen1624/600/600,"Dung tích/Công suất: 23L - 30L; Tính năng nổi bật: Công suất vi sóng 900W, Nướng 1000W"
SKU001625,Lò vi sóng có nướng Electrolux (23L - 30L) Model 544,Gia dụng,Lò vi sóng có nướng,Thiết bị nhà bếp thông minh,15200000,https://picsum.photos/seed/kitchen1625/600/600,"Dung tích/Công suất: 23L - 30L; Tính năng nổi bật: Công suất vi sóng 900W, Nướng 1000W"
SKU001626,Máy ép chậm Hurom (Ép nguyên quả) Model 740,Gia dụng,Máy ép chậm,Thiết bị nhà bếp thông minh,18200000,https://picsum.photos/seed/kitchen1626/600/600,"Dung tích/Công suất: Ép nguyên quả; Tính năng nổi bật: Tốc độ vòng quay 45-60 vòng/phút, Giữ 98% vitamin"
SKU001627,Robot hút bụi lau nhà Dreame (Lực hút 5000-8000Pa) Model 398,Gia dụng,Robot hút bụi lau nhà,Thiết bị nhà bếp thông minh,10000000,https://picsum.photos/seed/kitchen1627/600/600,"Dung tích/Công suất: Lực hút 5000-8000Pa; Tính năng nổi bật: Điều hướng Laser LDS, Tự đổ rác, Tự giặt giẻ"
SKU001628,Máy ép chậm Hurom (Ép nguyên quả) Model 903,Gia dụng,Máy ép chậm,Thiết bị nhà bếp thông minh,2000000,https://picsum.photos/seed/kitchen1628/600/600,"Dung tích/Công suất: Ép nguyên quả; Tính năng nổi bật: Tốc độ vòng quay 45-60 vòng/phút, Giữ 98% vitamin"
SKU001629,Lò vi sóng có nướng Sharp (23L - 30L) Model 307,Gia dụng,Lò vi sóng có nướng,Thiết bị nhà bếp thông minh,17000000,https://picsum.photos/seed/kitchen1629/600/600,"Dung tích/Công suất: 23L - 30L; Tính năng nổi bật: Công suất vi sóng 900W, Nướng 1000W"
SKU001630,Nồi chiên không dầu Lock&Lock (5.5L - 8L) Model 678,Gia dụng,Nồi chiên không dầu,Thiết bị nhà bếp thông minh,6490000,https://picsum.photos/seed/kitchen1630/600/600,"Dung tích/Công suất: 5.5L - 8L; Tính năng nổi bật: Nhiệt độ 80-200°C, Giảm 80% dầu mỡ"
SKU001631,Nồi chiên không dầu Philips (5.5L - 8L) Model 187,Gia dụng,Nồi chiên không dầu,Thiết bị nhà bếp thông minh,15200000,https://picsum.photos/seed/kitchen1631/600/600,"Dung tích/Công suất: 5.5L - 8L; Tính năng nổi bật: Nhiệt độ 80-200°C, Giảm 80% dầu mỡ"
SKU001632,Nồi chiên không dầu Lock&Lock (5.5L - 8L) Model 461,Gia dụng,Nồi chiên không dầu,Thiết bị nhà bếp thông minh,10000000,https://picsum.photos/seed/kitchen1632/600/600,"Dung tích/Công suất: 5.5L - 8L; Tính năng nổi bật: Nhiệt độ 80-200°C, Giảm 80% dầu mỡ"
SKU001633,Lò vi sóng có nướng Sharp (23L - 30L) Model 667,Gia dụng,Lò vi sóng có nướng,Thiết bị nhà bếp thông minh,17200000,https://picsum.photos/seed/kitchen1633/600/600,"Dung tích/Công suất: 23L - 30L; Tính năng nổi bật: Công suất vi sóng 900W, Nướng 1000W"
SKU001634,Robot hút bụi lau nhà Dreame (Lực hút 5000-8000Pa) Model 279,Gia dụng,Robot hút bụi lau nhà,Thiết bị nhà bếp thông minh,13000000,https://picsum.photos/seed/kitchen1634/600/600,"Dung tích/Công suất: Lực hút 5000-8000Pa; Tính năng nổi bật: Điều hướng Laser LDS, Tự đổ rác, Tự giặt giẻ"
SKU001635,Máy ép chậm Kuvings (Ép nguyên quả) Model 891,Gia dụng,Máy ép chậm,Thiết bị nhà bếp thông minh,18200000,https://picsum.photos/seed/kitchen1635/600/600,"Dung tích/Công suất: Ép nguyên quả; Tính năng nổi bật: Tốc độ vòng quay 45-60 vòng/phút, Giữ 98% vitamin"
SKU001636,Nồi cơm điện cao tần Cuckoo (1.5L - 1.8L) Model 318,Gia dụng,Nồi cơm điện cao tần,Thiết bị nhà bếp thông minh,5200000,https://picsum.photos/seed/kitchen1636/600/600,"Dung tích/Công suất: 1.5L - 1.8L; Tính năng nổi bật: Lòng nồi chống dính kim cương, Giữ ấm 48h"
SKU001637,Máy ép chậm Kalite (Ép nguyên quả) Model 982,Gia dụng,Máy ép chậm,Thiết bị nhà bếp thông minh,15490000,https://picsum.photos/seed/kitchen1637/600/600,"Dung tích/Công suất: Ép nguyên quả; Tính năng nổi bật: Tốc độ vòng quay 45-60 vòng/phút, Giữ 98% vitamin"
SKU001638,Nồi cơm điện cao tần Tiger (1.5L - 1.8L) Model 535,Gia dụng,Nồi cơm điện cao tần,Thiết bị nhà bếp thông minh,14200000,https://picsum.photos/seed/kitchen1638/600/600,"Dung tích/Công suất: 1.5L - 1.8L; Tính năng nổi bật: Lòng nồi chống dính kim cương, Giữ ấm 48h"
SKU001639,Nồi chiên không dầu Tefal (5.5L - 8L) Model 516,Gia dụng,Nồi chiên không dầu,Thiết bị nhà bếp thông minh,15000000,https://picsum.photos/seed/kitchen1639/600/600,"Dung tích/Công suất: 5.5L - 8L; Tính năng nổi bật: Nhiệt độ 80-200°C, Giảm 80% dầu mỡ"
SKU001640,Nồi chiên không dầu Lock&Lock (5.5L - 8L) Model 818,Gia dụng,Nồi chiên không dầu,Thiết bị nhà bếp thông minh,3490000,https://picsum.photos/seed/kitchen1640/600/600,"Dung tích/Công suất: 5.5L - 8L; Tính năng nổi bật: Nhiệt độ 80-200°C, Giảm 80% dầu mỡ"
SKU001641,Robot hút bụi lau nhà Dreame (Lực hút 5000-8000Pa) Model 548,Gia dụng,Robot hút bụi lau nhà,Thiết bị nhà bếp thông minh,8490000,https://picsum.photos/seed/kitchen1641/600/600,"Dung tích/Công suất: Lực hút 5000-8000Pa; Tính năng nổi bật: Điều hướng Laser LDS, Tự đổ rác, Tự giặt giẻ"
SKU001642,Nồi cơm điện cao tần Cuckoo (1.5L - 1.8L) Model 819,Gia dụng,Nồi cơm điện cao tần,Thiết bị nhà bếp thông minh,6200000,https://picsum.photos/seed/kitchen1642/600/600,"Dung tích/Công suất: 1.5L - 1.8L; Tính năng nổi bật: Lòng nồi chống dính kim cương, Giữ ấm 48h"
SKU001643,Máy ép chậm Hurom (Ép nguyên quả) Model 946,Gia dụng,Máy ép chậm,Thiết bị nhà bếp thông minh,13490000,https://picsum.photos/seed/kitchen1643/600/600,"Dung tích/Công suất: Ép nguyên quả; Tính năng nổi bật: Tốc độ vòng quay 45-60 vòng/phút, Giữ 98% vitamin"
SKU001644,Máy ép chậm Kuvings (Ép nguyên quả) Model 917,Gia dụng,Máy ép chậm,Thiết bị nhà bếp thông minh,13200000,https://picsum.photos/seed/kitchen1644/600/600,"Dung tích/Công suất: Ép nguyên quả; Tính năng nổi bật: Tốc độ vòng quay 45-60 vòng/phút, Giữ 98% vitamin"
SKU001645,Nồi chiên không dầu Philips (5.5L - 8L) Model 408,Gia dụng,Nồi chiên không dầu,Thiết bị nhà bếp thông minh,10200000,https://picsum.photos/seed/kitchen1645/600/600,"Dung tích/Công suất: 5.5L - 8L; Tính năng nổi bật: Nhiệt độ 80-200°C, Giảm 80% dầu mỡ"
SKU001646,Lò vi sóng có nướng Electrolux (23L - 30L) Model 662,Gia dụng,Lò vi sóng có nướng,Thiết bị nhà bếp thông minh,16000000,https://picsum.photos/seed/kitchen1646/600/600,"Dung tích/Công suất: 23L - 30L; Tính năng nổi bật: Công suất vi sóng 900W, Nướng 1000W"
SKU001647,Máy ép chậm Kalite (Ép nguyên quả) Model 627,Gia dụng,Máy ép chậm,Thiết bị nhà bếp thông minh,10200000,https://picsum.photos/seed/kitchen1647/600/600,"Dung tích/Công suất: Ép nguyên quả; Tính năng nổi bật: Tốc độ vòng quay 45-60 vòng/phút, Giữ 98% vitamin"
SKU001648,Nồi cơm điện cao tần Tiger (1.5L - 1.8L) Model 779,Gia dụng,Nồi cơm điện cao tần,Thiết bị nhà bếp thông minh,3200000,https://picsum.photos/seed/kitchen1648/600/600,"Dung tích/Công suất: 1.5L - 1.8L; Tính năng nổi bật: Lòng nồi chống dính kim cương, Giữ ấm 48h"
SKU001649,Nồi cơm điện cao tần Toshiba (1.5L - 1.8L) Model 918,Gia dụng,Nồi cơm điện cao tần,Thiết bị nhà bếp thông minh,11200000,https://picsum.photos/seed/kitchen1649/600/600,"Dung tích/Công suất: 1.5L - 1.8L; Tính năng nổi bật: Lòng nồi chống dính kim cương, Giữ ấm 48h"
SKU001650,Robot hút bụi lau nhà Dreame (Lực hút 5000-8000Pa) Model 483,Gia dụng,Robot hút bụi lau nhà,Thiết bị nhà bếp thông minh,13490000,https://picsum.photos/seed/kitchen1650/600/600,"Dung tích/Công suất: Lực hút 5000-8000Pa; Tính năng nổi bật: Điều hướng Laser LDS, Tự đổ rác, Tự giặt giẻ"
SKU001651,Máy ép chậm Hurom (Ép nguyên quả) Model 299,Gia dụng,Máy ép chậm,Thiết bị nhà bếp thông minh,8490000,https://picsum.photos/seed/kitchen1651/600/600,"Dung tích/Công suất: Ép nguyên quả; Tính năng nổi bật: Tốc độ vòng quay 45-60 vòng/phút, Giữ 98% vitamin"
SKU001652,Lò vi sóng có nướng Panasonic (23L - 30L) Model 233,Gia dụng,Lò vi sóng có nướng,Thiết bị nhà bếp thông minh,10000000,https://picsum.photos/seed/kitchen1652/600/600,"Dung tích/Công suất: 23L - 30L; Tính năng nổi bật: Công suất vi sóng 900W, Nướng 1000W"
SKU001653,Máy ép chậm Kuvings (Ép nguyên quả) Model 383,Gia dụng,Máy ép chậm,Thiết bị nhà bếp thông minh,17000000,https://picsum.photos/seed/kitchen1653/600/600,"Dung tích/Công suất: Ép nguyên quả; Tính năng nổi bật: Tốc độ vòng quay 45-60 vòng/phút, Giữ 98% vitamin"
SKU001654,Máy ép chậm Hurom (Ép nguyên quả) Model 176,Gia dụng,Máy ép chậm,Thiết bị nhà bếp thông minh,12200000,https://picsum.photos/seed/kitchen1654/600/600,"Dung tích/Công suất: Ép nguyên quả; Tính năng nổi bật: Tốc độ vòng quay 45-60 vòng/phút, Giữ 98% vitamin"
SKU001655,Robot hút bụi lau nhà Ecovacs (Lực hút 5000-8000Pa) Model 190,Gia dụng,Robot hút bụi lau nhà,Thiết bị nhà bếp thông minh,13200000,https://picsum.photos/seed/kitchen1655/600/600,"Dung tích/Công suất: Lực hút 5000-8000Pa; Tính năng nổi bật: Điều hướng Laser LDS, Tự đổ rác, Tự giặt giẻ"
SKU001656,Robot hút bụi lau nhà Ecovacs (Lực hút 5000-8000Pa) Model 833,Gia dụng,Robot hút bụi lau nhà,Thiết bị nhà bếp thông minh,5200000,https://picsum.photos/seed/kitchen1656/600/600,"Dung tích/Công suất: Lực hút 5000-8000Pa; Tính năng nổi bật: Điều hướng Laser LDS, Tự đổ rác, Tự giặt giẻ"
SKU001657,Lò vi sóng có nướng Sharp (23L - 30L) Model 563,Gia dụng,Lò vi sóng có nướng,Thiết bị nhà bếp thông minh,18490000,https://picsum.photos/seed/kitchen1657/600/600,"Dung tích/Công suất: 23L - 30L; Tính năng nổi bật: Công suất vi sóng 900W, Nướng 1000W"
SKU001658,Máy ép chậm Kuvings (Ép nguyên quả) Model 643,Gia dụng,Máy ép chậm,Thiết bị nhà bếp thông minh,3490000,https://picsum.photos/seed/kitchen1658/600/600,"Dung tích/Công suất: Ép nguyên quả; Tính năng nổi bật: Tốc độ vòng quay 45-60 vòng/phút, Giữ 98% vitamin"
SKU001659,Lò vi sóng có nướng Sharp (23L - 30L) Model 412,Gia dụng,Lò vi sóng có nướng,Thiết bị nhà bếp thông minh,17000000,https://picsum.photos/seed/kitchen1659/600/600,"Dung tích/Công suất: 23L - 30L; Tính năng nổi bật: Công suất vi sóng 900W, Nướng 1000W"
SKU001660,Robot hút bụi lau nhà Roborock (Lực hút 5000-8000Pa) Model 315,Gia dụng,Robot hút bụi lau nhà,Thiết bị nhà bếp thông minh,12490000,https://picsum.photos/seed/kitchen1660/600/600,"Dung tích/Công suất: Lực hút 5000-8000Pa; Tính năng nổi bật: Điều hướng Laser LDS, Tự đổ rác, Tự giặt giẻ"
SKU001661,Máy ép chậm Kalite (Ép nguyên quả) Model 180,Gia dụng,Máy ép chậm,Thiết bị nhà bếp thông minh,4000000,https://picsum.photos/seed/kitchen1661/600/600,"Dung tích/Công suất: Ép nguyên quả; Tính năng nổi bật: Tốc độ vòng quay 45-60 vòng/phút, Giữ 98% vitamin"
SKU001662,Robot hút bụi lau nhà Dreame (Lực hút 5000-8000Pa) Model 666,Gia dụng,Robot hút bụi lau nhà,Thiết bị nhà bếp thông minh,17000000,https://picsum.photos/seed/kitchen1662/600/600,"Dung tích/Công suất: Lực hút 5000-8000Pa; Tính năng nổi bật: Điều hướng Laser LDS, Tự đổ rác, Tự giặt giẻ"
SKU001663,Nồi chiên không dầu Philips (5.5L - 8L) Model 418,Gia dụng,Nồi chiên không dầu,Thiết bị nhà bếp thông minh,6000000,https://picsum.photos/seed/kitchen1663/600/600,"Dung tích/Công suất: 5.5L - 8L; Tính năng nổi bật: Nhiệt độ 80-200°C, Giảm 80% dầu mỡ"
SKU001664,Máy ép chậm Kalite (Ép nguyên quả) Model 122,Gia dụng,Máy ép chậm,Thiết bị nhà bếp thông minh,6490000,https://picsum.photos/seed/kitchen1664/600/600,"Dung tích/Công suất: Ép nguyên quả; Tính năng nổi bật: Tốc độ vòng quay 45-60 vòng/phút, Giữ 98% vitamin"
SKU001665,Nồi cơm điện cao tần Toshiba (1.5L - 1.8L) Model 921,Gia dụng,Nồi cơm điện cao tần,Thiết bị nhà bếp thông minh,13490000,https://picsum.photos/seed/kitchen1665/600/600,"Dung tích/Công suất: 1.5L - 1.8L; Tính năng nổi bật: Lòng nồi chống dính kim cương, Giữ ấm 48h"
SKU001666,Lò vi sóng có nướng Sharp (23L - 30L) Model 329,Gia dụng,Lò vi sóng có nướng,Thiết bị nhà bếp thông minh,10000000,https://picsum.photos/seed/kitchen1666/600/600,"Dung tích/Công suất: 23L - 30L; Tính năng nổi bật: Công suất vi sóng 900W, Nướng 1000W"
SKU001667,Nồi chiên không dầu Philips (5.5L - 8L) Model 189,Gia dụng,Nồi chiên không dầu,Thiết bị nhà bếp thông minh,2490000,https://picsum.photos/seed/kitchen1667/600/600,"Dung tích/Công suất: 5.5L - 8L; Tính năng nổi bật: Nhiệt độ 80-200°C, Giảm 80% dầu mỡ"
SKU001668,Lò vi sóng có nướng Sharp (23L - 30L) Model 173,Gia dụng,Lò vi sóng có nướng,Thiết bị nhà bếp thông minh,3490000,https://picsum.photos/seed/kitchen1668/600/600,"Dung tích/Công suất: 23L - 30L; Tính năng nổi bật: Công suất vi sóng 900W, Nướng 1000W"
SKU001669,Robot hút bụi lau nhà Roborock (Lực hút 5000-8000Pa) Model 977,Gia dụng,Robot hút bụi lau nhà,Thiết bị nhà bếp thông minh,5200000,https://picsum.photos/seed/kitchen1669/600/600,"Dung tích/Công suất: Lực hút 5000-8000Pa; Tính năng nổi bật: Điều hướng Laser LDS, Tự đổ rác, Tự giặt giẻ"
SKU001670,Nồi chiên không dầu Tefal (5.5L - 8L) Model 432,Gia dụng,Nồi chiên không dầu,Thiết bị nhà bếp thông minh,1490000,https://picsum.photos/seed/kitchen1670/600/600,"Dung tích/Công suất: 5.5L - 8L; Tính năng nổi bật: Nhiệt độ 80-200°C, Giảm 80% dầu mỡ"
SKU001671,Nồi chiên không dầu Philips (5.5L - 8L) Model 199,Gia dụng,Nồi chiên không dầu,Thiết bị nhà bếp thông minh,12000000,https://picsum.photos/seed/kitchen1671/600/600,"Dung tích/Công suất: 5.5L - 8L; Tính năng nổi bật: Nhiệt độ 80-200°C, Giảm 80% dầu mỡ"
SKU001672,Lò vi sóng có nướng Sharp (23L - 30L) Model 643,Gia dụng,Lò vi sóng có nướng,Thiết bị nhà bếp thông minh,7200000,https://picsum.photos/seed/kitchen1672/600/600,"Dung tích/Công suất: 23L - 30L; Tính năng nổi bật: Công suất vi sóng 900W, Nướng 1000W"
SKU001673,Lò vi sóng có nướng Electrolux (23L - 30L) Model 456,Gia dụng,Lò vi sóng có nướng,Thiết bị nhà bếp thông minh,16200000,https://picsum.photos/seed/kitchen1673/600/600,"Dung tích/Công suất: 23L - 30L; Tính năng nổi bật: Công suất vi sóng 900W, Nướng 1000W"
SKU001674,Nồi chiên không dầu Philips (5.5L - 8L) Model 350,Gia dụng,Nồi chiên không dầu,Thiết bị nhà bếp thông minh,9490000,https://picsum.photos/seed/kitchen1674/600/600,"Dung tích/Công suất: 5.5L - 8L; Tính năng nổi bật: Nhiệt độ 80-200°C, Giảm 80% dầu mỡ"
SKU001675,Lò vi sóng có nướng Sharp (23L - 30L) Model 239,Gia dụng,Lò vi sóng có nướng,Thiết bị nhà bếp thông minh,15200000,https://picsum.photos/seed/kitchen1675/600/600,"Dung tích/Công suất: 23L - 30L; Tính năng nổi bật: Công suất vi sóng 900W, Nướng 1000W"
SKU001676,Nồi chiên không dầu Philips (5.5L - 8L) Model 966,Gia dụng,Nồi chiên không dầu,Thiết bị nhà bếp thông minh,7200000,https://picsum.photos/seed/kitchen1676/600/600,"Dung tích/Công suất: 5.5L - 8L; Tính năng nổi bật: Nhiệt độ 80-200°C, Giảm 80% dầu mỡ"
SKU001677,Robot hút bụi lau nhà Ecovacs (Lực hút 5000-8000Pa) Model 668,Gia dụng,Robot hút bụi lau nhà,Thiết bị nhà bếp thông minh,17200000,https://picsum.photos/seed/kitchen1677/600/600,"Dung tích/Công suất: Lực hút 5000-8000Pa; Tính năng nổi bật: Điều hướng Laser LDS, Tự đổ rác, Tự giặt giẻ"
SKU001678,Máy ép chậm Kalite (Ép nguyên quả) Model 791,Gia dụng,Máy ép chậm,Thiết bị nhà bếp thông minh,10200000,https://picsum.photos/seed/kitchen1678/600/600,"Dung tích/Công suất: Ép nguyên quả; Tính năng nổi bật: Tốc độ vòng quay 45-60 vòng/phút, Giữ 98% vitamin"
SKU001679,Nồi cơm điện cao tần Toshiba (1.5L - 1.8L) Model 988,Gia dụng,Nồi cơm điện cao tần,Thiết bị nhà bếp thông minh,12000000,https://picsum.photos/seed/kitchen1679/600/600,"Dung tích/Công suất: 1.5L - 1.8L; Tính năng nổi bật: Lòng nồi chống dính kim cương, Giữ ấm 48h"
SKU001680,Robot hút bụi lau nhà Ecovacs (Lực hút 5000-8000Pa) Model 971,Gia dụng,Robot hút bụi lau nhà,Thiết bị nhà bếp thông minh,11490000,https://picsum.photos/seed/kitchen1680/600/600,"Dung tích/Công suất: Lực hút 5000-8000Pa; Tính năng nổi bật: Điều hướng Laser LDS, Tự đổ rác, Tự giặt giẻ"
SKU001681,Máy ép chậm Kuvings (Ép nguyên quả) Model 379,Gia dụng,Máy ép chậm,Thiết bị nhà bếp thông minh,6000000,https://picsum.photos/seed/kitchen1681/600/600,"Dung tích/Công suất: Ép nguyên quả; Tính năng nổi bật: Tốc độ vòng quay 45-60 vòng/phút, Giữ 98% vitamin"
SKU001682,Máy ép chậm Kalite (Ép nguyên quả) Model 669,Gia dụng,Máy ép chậm,Thiết bị nhà bếp thông minh,13000000,https://picsum.photos/seed/kitchen1682/600/600,"Dung tích/Công suất: Ép nguyên quả; Tính năng nổi bật: Tốc độ vòng quay 45-60 vòng/phút, Giữ 98% vitamin"
SKU001683,Lò vi sóng có nướng Panasonic (23L - 30L) Model 569,Gia dụng,Lò vi sóng có nướng,Thiết bị nhà bếp thông minh,8200000,https://picsum.photos/seed/kitchen1683/600/600,"Dung tích/Công suất: 23L - 30L; Tính năng nổi bật: Công suất vi sóng 900W, Nướng 1000W"
SKU001684,Robot hút bụi lau nhà Ecovacs (Lực hút 5000-8000Pa) Model 175,Gia dụng,Robot hút bụi lau nhà,Thiết bị nhà bếp thông minh,6000000,https://picsum.photos/seed/kitchen1684/600/600,"Dung tích/Công suất: Lực hút 5000-8000Pa; Tính năng nổi bật: Điều hướng Laser LDS, Tự đổ rác, Tự giặt giẻ"
SKU001685,Máy ép chậm Kuvings (Ép nguyên quả) Model 128,Gia dụng,Máy ép chậm,Thiết bị nhà bếp thông minh,16200000,https://picsum.photos/seed/kitchen1685/600/600,"Dung tích/Công suất: Ép nguyên quả; Tính năng nổi bật: Tốc độ vòng quay 45-60 vòng/phút, Giữ 98% vitamin"
SKU001686,Nồi chiên không dầu Lock&Lock (5.5L - 8L) Model 104,Gia dụng,Nồi chiên không dầu,Thiết bị nhà bếp thông minh,8000000,https://picsum.photos/seed/kitchen1686/600/600,"Dung tích/Công suất: 5.5L - 8L; Tính năng nổi bật: Nhiệt độ 80-200°C, Giảm 80% dầu mỡ"
SKU001687,Máy ép chậm Kuvings (Ép nguyên quả) Model 739,Gia dụng,Máy ép chậm,Thiết bị nhà bếp thông minh,2200000,https://picsum.photos/seed/kitchen1687/600/600,"Dung tích/Công suất: Ép nguyên quả; Tính năng nổi bật: Tốc độ vòng quay 45-60 vòng/phút, Giữ 98% vitamin"
SKU001688,Nồi cơm điện cao tần Tiger (1.5L - 1.8L) Model 665,Gia dụng,Nồi cơm điện cao tần,Thiết bị nhà bếp thông minh,18200000,https://picsum.photos/seed/kitchen1688/600/600,"Dung tích/Công suất: 1.5L - 1.8L; Tính năng nổi bật: Lòng nồi chống dính kim cương, Giữ ấm 48h"
SKU001689,Lò vi sóng có nướng Sharp (23L - 30L) Model 540,Gia dụng,Lò vi sóng có nướng,Thiết bị nhà bếp thông minh,1000000,https://picsum.photos/seed/kitchen1689/600/600,"Dung tích/Công suất: 23L - 30L; Tính năng nổi bật: Công suất vi sóng 900W, Nướng 1000W"
SKU001690,Nồi cơm điện cao tần Tiger (1.5L - 1.8L) Model 571,Gia dụng,Nồi cơm điện cao tần,Thiết bị nhà bếp thông minh,3200000,https://picsum.photos/seed/kitchen1690/600/600,"Dung tích/Công suất: 1.5L - 1.8L; Tính năng nổi bật: Lòng nồi chống dính kim cương, Giữ ấm 48h"
SKU001691,Nồi chiên không dầu Philips (5.5L - 8L) Model 405,Gia dụng,Nồi chiên không dầu,Thiết bị nhà bếp thông minh,14000000,https://picsum.photos/seed/kitchen1691/600/600,"Dung tích/Công suất: 5.5L - 8L; Tính năng nổi bật: Nhiệt độ 80-200°C, Giảm 80% dầu mỡ"
SKU001692,Nồi cơm điện cao tần Toshiba (1.5L - 1.8L) Model 463,Gia dụng,Nồi cơm điện cao tần,Thiết bị nhà bếp thông minh,10200000,https://picsum.photos/seed/kitchen1692/600/600,"Dung tích/Công suất: 1.5L - 1.8L; Tính năng nổi bật: Lòng nồi chống dính kim cương, Giữ ấm 48h"
SKU001693,Lò vi sóng có nướng Electrolux (23L - 30L) Model 597,Gia dụng,Lò vi sóng có nướng,Thiết bị nhà bếp thông minh,7000000,https://picsum.photos/seed/kitchen1693/600/600,"Dung tích/Công suất: 23L - 30L; Tính năng nổi bật: Công suất vi sóng 900W, Nướng 1000W"
SKU001694,Nồi chiên không dầu Philips (5.5L - 8L) Model 798,Gia dụng,Nồi chiên không dầu,Thiết bị nhà bếp thông minh,14200000,https://picsum.photos/seed/kitchen1694/600/600,"Dung tích/Công suất: 5.5L - 8L; Tính năng nổi bật: Nhiệt độ 80-200°C, Giảm 80% dầu mỡ"
SKU001695,Nồi cơm điện cao tần Tiger (1.5L - 1.8L) Model 889,Gia dụng,Nồi cơm điện cao tần,Thiết bị nhà bếp thông minh,11000000,https://picsum.photos/seed/kitchen1695/600/600,"Dung tích/Công suất: 1.5L - 1.8L; Tính năng nổi bật: Lòng nồi chống dính kim cương, Giữ ấm 48h"
SKU001696,Máy ép chậm Kalite (Ép nguyên quả) Model 334,Gia dụng,Máy ép chậm,Thiết bị nhà bếp thông minh,14000000,https://picsum.photos/seed/kitchen1696/600/600,"Dung tích/Công suất: Ép nguyên quả; Tính năng nổi bật: Tốc độ vòng quay 45-60 vòng/phút, Giữ 98% vitamin"
SKU001697,Máy ép chậm Kalite (Ép nguyên quả) Model 754,Gia dụng,Máy ép chậm,Thiết bị nhà bếp thông minh,16200000,https://picsum.photos/seed/kitchen1697/600/600,"Dung tích/Công suất: Ép nguyên quả; Tính năng nổi bật: Tốc độ vòng quay 45-60 vòng/phút, Giữ 98% vitamin"
SKU001698,Nồi cơm điện cao tần Toshiba (1.5L - 1.8L) Model 985,Gia dụng,Nồi cơm điện cao tần,Thiết bị nhà bếp thông minh,16200000,https://picsum.photos/seed/kitchen1698/600/600,"Dung tích/Công suất: 1.5L - 1.8L; Tính năng nổi bật: Lòng nồi chống dính kim cương, Giữ ấm 48h"
SKU001699,Nồi chiên không dầu Tefal (5.5L - 8L) Model 358,Gia dụng,Nồi chiên không dầu,Thiết bị nhà bếp thông minh,15490000,https://picsum.photos/seed/kitchen1699/600/600,"Dung tích/Công suất: 5.5L - 8L; Tính năng nổi bật: Nhiệt độ 80-200°C, Giảm 80% dầu mỡ"
SKU001700,Robot hút bụi lau nhà Dreame (Lực hút 5000-8000Pa) Model 783,Gia dụng,Robot hút bụi lau nhà,Thiết bị nhà bếp thông minh,6490000,https://picsum.photos/seed/kitchen1700/600/600,"Dung tích/Công suất: Lực hút 5000-8000Pa; Tính năng nổi bật: Điều hướng Laser LDS, Tự đổ rác, Tự giặt giẻ"
SKU001701,Nồi chiên không dầu Lock&Lock (5.5L - 8L) Model 698,Gia dụng,Nồi chiên không dầu,Thiết bị nhà bếp thông minh,17200000,https://picsum.photos/seed/kitchen1701/600/600,"Dung tích/Công suất: 5.5L - 8L; Tính năng nổi bật: Nhiệt độ 80-200°C, Giảm 80% dầu mỡ"
SKU001702,Nồi chiên không dầu Philips (5.5L - 8L) Model 502,Gia dụng,Nồi chiên không dầu,Thiết bị nhà bếp thông minh,13490000,https://picsum.photos/seed/kitchen1702/600/600,"Dung tích/Công suất: 5.5L - 8L; Tính năng nổi bật: Nhiệt độ 80-200°C, Giảm 80% dầu mỡ"
SKU001703,Nồi cơm điện cao tần Tiger (1.5L - 1.8L) Model 768,Gia dụng,Nồi cơm điện cao tần,Thiết bị nhà bếp thông minh,13490000,https://picsum.photos/seed/kitchen1703/600/600,"Dung tích/Công suất: 1.5L - 1.8L; Tính năng nổi bật: Lòng nồi chống dính kim cương, Giữ ấm 48h"
SKU001704,Nồi chiên không dầu Philips (5.5L - 8L) Model 460,Gia dụng,Nồi chiên không dầu,Thiết bị nhà bếp thông minh,18200000,https://picsum.photos/seed/kitchen1704/600/600,"Dung tích/Công suất: 5.5L - 8L; Tính năng nổi bật: Nhiệt độ 80-200°C, Giảm 80% dầu mỡ"
SKU001705,Máy ép chậm Hurom (Ép nguyên quả) Model 314,Gia dụng,Máy ép chậm,Thiết bị nhà bếp thông minh,8200000,https://picsum.photos/seed/kitchen1705/600/600,"Dung tích/Công suất: Ép nguyên quả; Tính năng nổi bật: Tốc độ vòng quay 45-60 vòng/phút, Giữ 98% vitamin"
SKU001706,Robot hút bụi lau nhà Roborock (Lực hút 5000-8000Pa) Model 330,Gia dụng,Robot hút bụi lau nhà,Thiết bị nhà bếp thông minh,14000000,https://picsum.photos/seed/kitchen1706/600/600,"Dung tích/Công suất: Lực hút 5000-8000Pa; Tính năng nổi bật: Điều hướng Laser LDS, Tự đổ rác, Tự giặt giẻ"
SKU001707,Lò vi sóng có nướng Sharp (23L - 30L) Model 914,Gia dụng,Lò vi sóng có nướng,Thiết bị nhà bếp thông minh,14200000,https://picsum.photos/seed/kitchen1707/600/600,"Dung tích/Công suất: 23L - 30L; Tính năng nổi bật: Công suất vi sóng 900W, Nướng 1000W"
SKU001708,Robot hút bụi lau nhà Ecovacs (Lực hút 5000-8000Pa) Model 727,Gia dụng,Robot hút bụi lau nhà,Thiết bị nhà bếp thông minh,12490000,https://picsum.photos/seed/kitchen1708/600/600,"Dung tích/Công suất: Lực hút 5000-8000Pa; Tính năng nổi bật: Điều hướng Laser LDS, Tự đổ rác, Tự giặt giẻ"
SKU001709,Nồi chiên không dầu Philips (5.5L - 8L) Model 811,Gia dụng,Nồi chiên không dầu,Thiết bị nhà bếp thông minh,17000000,https://picsum.photos/seed/kitchen1709/600/600,"Dung tích/Công suất: 5.5L - 8L; Tính năng nổi bật: Nhiệt độ 80-200°C, Giảm 80% dầu mỡ"
SKU001710,Nồi cơm điện cao tần Toshiba (1.5L - 1.8L) Model 367,Gia dụng,Nồi cơm điện cao tần,Thiết bị nhà bếp thông minh,17200000,https://picsum.photos/seed/kitchen1710/600/600,"Dung tích/Công suất: 1.5L - 1.8L; Tính năng nổi bật: Lòng nồi chống dính kim cương, Giữ ấm 48h"
SKU001711,Lò vi sóng có nướng Sharp (23L - 30L) Model 603,Gia dụng,Lò vi sóng có nướng,Thiết bị nhà bếp thông minh,18490000,https://picsum.photos/seed/kitchen1711/600/600,"Dung tích/Công suất: 23L - 30L; Tính năng nổi bật: Công suất vi sóng 900W, Nướng 1000W"
SKU001712,Robot hút bụi lau nhà Ecovacs (Lực hút 5000-8000Pa) Model 708,Gia dụng,Robot hút bụi lau nhà,Thiết bị nhà bếp thông minh,16490000,https://picsum.photos/seed/kitchen1712/600/600,"Dung tích/Công suất: Lực hút 5000-8000Pa; Tính năng nổi bật: Điều hướng Laser LDS, Tự đổ rác, Tự giặt giẻ"
SKU001713,Máy ép chậm Kalite (Ép nguyên quả) Model 281,Gia dụng,Máy ép chậm,Thiết bị nhà bếp thông minh,8490000,https://picsum.photos/seed/kitchen1713/600/600,"Dung tích/Công suất: Ép nguyên quả; Tính năng nổi bật: Tốc độ vòng quay 45-60 vòng/phút, Giữ 98% vitamin"
SKU001714,Lò vi sóng có nướng Panasonic (23L - 30L) Model 717,Gia dụng,Lò vi sóng có nướng,Thiết bị nhà bếp thông minh,16000000,https://picsum.photos/seed/kitchen1714/600/600,"Dung tích/Công suất: 23L - 30L; Tính năng nổi bật: Công suất vi sóng 900W, Nướng 1000W"
SKU001715,Máy ép chậm Kalite (Ép nguyên quả) Model 546,Gia dụng,Máy ép chậm,Thiết bị nhà bếp thông minh,3490000,https://picsum.photos/seed/kitchen1715/600/600,"Dung tích/Công suất: Ép nguyên quả; Tính năng nổi bật: Tốc độ vòng quay 45-60 vòng/phút, Giữ 98% vitamin"
SKU001716,Lò vi sóng có nướng Sharp (23L - 30L) Model 685,Gia dụng,Lò vi sóng có nướng,Thiết bị nhà bếp thông minh,1200000,https://picsum.photos/seed/kitchen1716/600/600,"Dung tích/Công suất: 23L - 30L; Tính năng nổi bật: Công suất vi sóng 900W, Nướng 1000W"
SKU001717,Lò vi sóng có nướng Electrolux (23L - 30L) Model 879,Gia dụng,Lò vi sóng có nướng,Thiết bị nhà bếp thông minh,7200000,https://picsum.photos/seed/kitchen1717/600/600,"Dung tích/Công suất: 23L - 30L; Tính năng nổi bật: Công suất vi sóng 900W, Nướng 1000W"
SKU001718,Nồi chiên không dầu Lock&Lock (5.5L - 8L) Model 111,Gia dụng,Nồi chiên không dầu,Thiết bị nhà bếp thông minh,3000000,https://picsum.photos/seed/kitchen1718/600/600,"Dung tích/Công suất: 5.5L - 8L; Tính năng nổi bật: Nhiệt độ 80-200°C, Giảm 80% dầu mỡ"
SKU001719,Nồi chiên không dầu Lock&Lock (5.5L - 8L) Model 165,Gia dụng,Nồi chiên không dầu,Thiết bị nhà bếp thông minh,17490000,https://picsum.photos/seed/kitchen1719/600/600,"Dung tích/Công suất: 5.5L - 8L; Tính năng nổi bật: Nhiệt độ 80-200°C, Giảm 80% dầu mỡ"
SKU001720,Nồi cơm điện cao tần Toshiba (1.5L - 1.8L) Model 855,Gia dụng,Nồi cơm điện cao tần,Thiết bị nhà bếp thông minh,5200000,https://picsum.photos/seed/kitchen1720/600/600,"Dung tích/Công suất: 1.5L - 1.8L; Tính năng nổi bật: Lòng nồi chống dính kim cương, Giữ ấm 48h"
SKU001721,Nồi cơm điện cao tần Tiger (1.5L - 1.8L) Model 547,Gia dụng,Nồi cơm điện cao tần,Thiết bị nhà bếp thông minh,16490000,https://picsum.photos/seed/kitchen1721/600/600,"Dung tích/Công suất: 1.5L - 1.8L; Tính năng nổi bật: Lòng nồi chống dính kim cương, Giữ ấm 48h"
SKU001722,Lò vi sóng có nướng Panasonic (23L - 30L) Model 575,Gia dụng,Lò vi sóng có nướng,Thiết bị nhà bếp thông minh,6490000,https://picsum.photos/seed/kitchen1722/600/600,"Dung tích/Công suất: 23L - 30L; Tính năng nổi bật: Công suất vi sóng 900W, Nướng 1000W"
SKU001723,Robot hút bụi lau nhà Roborock (Lực hút 5000-8000Pa) Model 337,Gia dụng,Robot hút bụi lau nhà,Thiết bị nhà bếp thông minh,2000000,https://picsum.photos/seed/kitchen1723/600/600,"Dung tích/Công suất: Lực hút 5000-8000Pa; Tính năng nổi bật: Điều hướng Laser LDS, Tự đổ rác, Tự giặt giẻ"
SKU001724,Lò vi sóng có nướng Panasonic (23L - 30L) Model 562,Gia dụng,Lò vi sóng có nướng,Thiết bị nhà bếp thông minh,16200000,https://picsum.photos/seed/kitchen1724/600/600,"Dung tích/Công suất: 23L - 30L; Tính năng nổi bật: Công suất vi sóng 900W, Nướng 1000W"
SKU001725,Nồi cơm điện cao tần Cuckoo (1.5L - 1.8L) Model 567,Gia dụng,Nồi cơm điện cao tần,Thiết bị nhà bếp thông minh,15200000,https://picsum.photos/seed/kitchen1725/600/600,"Dung tích/Công suất: 1.5L - 1.8L; Tính năng nổi bật: Lòng nồi chống dính kim cương, Giữ ấm 48h"
SKU001726,Máy ép chậm Hurom (Ép nguyên quả) Model 842,Gia dụng,Máy ép chậm,Thiết bị nhà bếp thông minh,2490000,https://picsum.photos/seed/kitchen1726/600/600,"Dung tích/Công suất: Ép nguyên quả; Tính năng nổi bật: Tốc độ vòng quay 45-60 vòng/phút, Giữ 98% vitamin"
SKU001727,Nồi cơm điện cao tần Tiger (1.5L - 1.8L) Model 334,Gia dụng,Nồi cơm điện cao tần,Thiết bị nhà bếp thông minh,6200000,https://picsum.photos/seed/kitchen1727/600/600,"Dung tích/Công suất: 1.5L - 1.8L; Tính năng nổi bật: Lòng nồi chống dính kim cương, Giữ ấm 48h"
SKU001728,Máy ép chậm Kalite (Ép nguyên quả) Model 289,Gia dụng,Máy ép chậm,Thiết bị nhà bếp thông minh,3490000,https://picsum.photos/seed/kitchen1728/600/600,"Dung tích/Công suất: Ép nguyên quả; Tính năng nổi bật: Tốc độ vòng quay 45-60 vòng/phút, Giữ 98% vitamin"
SKU001729,Máy ép chậm Hurom (Ép nguyên quả) Model 274,Gia dụng,Máy ép chậm,Thiết bị nhà bếp thông minh,11000000,https://picsum.photos/seed/kitchen1729/600/600,"Dung tích/Công suất: Ép nguyên quả; Tính năng nổi bật: Tốc độ vòng quay 45-60 vòng/phút, Giữ 98% vitamin"
SKU001730,Lò vi sóng có nướng Sharp (23L - 30L) Model 358,Gia dụng,Lò vi sóng có nướng,Thiết bị nhà bếp thông minh,18490000,https://picsum.photos/seed/kitchen1730/600/600,"Dung tích/Công suất: 23L - 30L; Tính năng nổi bật: Công suất vi sóng 900W, Nướng 1000W"
SKU001731,Robot hút bụi lau nhà Ecovacs (Lực hút 5000-8000Pa) Model 437,Gia dụng,Robot hút bụi lau nhà,Thiết bị nhà bếp thông minh,6200000,https://picsum.photos/seed/kitchen1731/600/600,"Dung tích/Công suất: Lực hút 5000-8000Pa; Tính năng nổi bật: Điều hướng Laser LDS, Tự đổ rác, Tự giặt giẻ"
SKU001732,Máy ép chậm Kalite (Ép nguyên quả) Model 482,Gia dụng,Máy ép chậm,Thiết bị nhà bếp thông minh,13000000,https://picsum.photos/seed/kitchen1732/600/600,"Dung tích/Công suất: Ép nguyên quả; Tính năng nổi bật: Tốc độ vòng quay 45-60 vòng/phút, Giữ 98% vitamin"
SKU001733,Nồi cơm điện cao tần Tiger (1.5L - 1.8L) Model 320,Gia dụng,Nồi cơm điện cao tần,Thiết bị nhà bếp thông minh,16000000,https://picsum.photos/seed/kitchen1733/600/600,"Dung tích/Công suất: 1.5L - 1.8L; Tính năng nổi bật: Lòng nồi chống dính kim cương, Giữ ấm 48h"
SKU001734,Robot hút bụi lau nhà Roborock (Lực hút 5000-8000Pa) Model 271,Gia dụng,Robot hút bụi lau nhà,Thiết bị nhà bếp thông minh,18490000,https://picsum.photos/seed/kitchen1734/600/600,"Dung tích/Công suất: Lực hút 5000-8000Pa; Tính năng nổi bật: Điều hướng Laser LDS, Tự đổ rác, Tự giặt giẻ"
SKU001735,Robot hút bụi lau nhà Dreame (Lực hút 5000-8000Pa) Model 327,Gia dụng,Robot hút bụi lau nhà,Thiết bị nhà bếp thông minh,5490000,https://picsum.photos/seed/kitchen1735/600/600,"Dung tích/Công suất: Lực hút 5000-8000Pa; Tính năng nổi bật: Điều hướng Laser LDS, Tự đổ rác, Tự giặt giẻ"
SKU001736,Nồi cơm điện cao tần Cuckoo (1.5L - 1.8L) Model 940,Gia dụng,Nồi cơm điện cao tần,Thiết bị nhà bếp thông minh,6000000,https://picsum.photos/seed/kitchen1736/600/600,"Dung tích/Công suất: 1.5L - 1.8L; Tính năng nổi bật: Lòng nồi chống dính kim cương, Giữ ấm 48h"
SKU001737,Nồi cơm điện cao tần Tiger (1.5L - 1.8L) Model 246,Gia dụng,Nồi cơm điện cao tần,Thiết bị nhà bếp thông minh,12000000,https://picsum.photos/seed/kitchen1737/600/600,"Dung tích/Công suất: 1.5L - 1.8L; Tính năng nổi bật: Lòng nồi chống dính kim cương, Giữ ấm 48h"
SKU001738,Robot hút bụi lau nhà Roborock (Lực hút 5000-8000Pa) Model 225,Gia dụng,Robot hút bụi lau nhà,Thiết bị nhà bếp thông minh,16000000,https://picsum.photos/seed/kitchen1738/600/600,"Dung tích/Công suất: Lực hút 5000-8000Pa; Tính năng nổi bật: Điều hướng Laser LDS, Tự đổ rác, Tự giặt giẻ"
SKU001739,Nồi chiên không dầu Philips (5.5L - 8L) Model 731,Gia dụng,Nồi chiên không dầu,Thiết bị nhà bếp thông minh,11000000,https://picsum.photos/seed/kitchen1739/600/600,"Dung tích/Công suất: 5.5L - 8L; Tính năng nổi bật: Nhiệt độ 80-200°C, Giảm 80% dầu mỡ"
SKU001740,Robot hút bụi lau nhà Dreame (Lực hút 5000-8000Pa) Model 334,Gia dụng,Robot hút bụi lau nhà,Thiết bị nhà bếp thông minh,17490000,https://picsum.photos/seed/kitchen1740/600/600,"Dung tích/Công suất: Lực hút 5000-8000Pa; Tính năng nổi bật: Điều hướng Laser LDS, Tự đổ rác, Tự giặt giẻ"
SKU001741,Nồi chiên không dầu Lock&Lock (5.5L - 8L) Model 796,Gia dụng,Nồi chiên không dầu,Thiết bị nhà bếp thông minh,18000000,https://picsum.photos/seed/kitchen1741/600/600,"Dung tích/Công suất: 5.5L - 8L; Tính năng nổi bật: Nhiệt độ 80-200°C, Giảm 80% dầu mỡ"
SKU001742,Lò vi sóng có nướng Panasonic (23L - 30L) Model 220,Gia dụng,Lò vi sóng có nướng,Thiết bị nhà bếp thông minh,7000000,https://picsum.photos/seed/kitchen1742/600/600,"Dung tích/Công suất: 23L - 30L; Tính năng nổi bật: Công suất vi sóng 900W, Nướng 1000W"
SKU001743,Lò vi sóng có nướng Sharp (23L - 30L) Model 135,Gia dụng,Lò vi sóng có nướng,Thiết bị nhà bếp thông minh,1200000,https://picsum.photos/seed/kitchen1743/600/600,"Dung tích/Công suất: 23L - 30L; Tính năng nổi bật: Công suất vi sóng 900W, Nướng 1000W"
SKU001744,Robot hút bụi lau nhà Ecovacs (Lực hút 5000-8000Pa) Model 134,Gia dụng,Robot hút bụi lau nhà,Thiết bị nhà bếp thông minh,5000000,https://picsum.photos/seed/kitchen1744/600/600,"Dung tích/Công suất: Lực hút 5000-8000Pa; Tính năng nổi bật: Điều hướng Laser LDS, Tự đổ rác, Tự giặt giẻ"
SKU001745,Nồi chiên không dầu Lock&Lock (5.5L - 8L) Model 952,Gia dụng,Nồi chiên không dầu,Thiết bị nhà bếp thông minh,6000000,https://picsum.photos/seed/kitchen1745/600/600,"Dung tích/Công suất: 5.5L - 8L; Tính năng nổi bật: Nhiệt độ 80-200°C, Giảm 80% dầu mỡ"
SKU001746,Nồi cơm điện cao tần Cuckoo (1.5L - 1.8L) Model 729,Gia dụng,Nồi cơm điện cao tần,Thiết bị nhà bếp thông minh,11490000,https://picsum.photos/seed/kitchen1746/600/600,"Dung tích/Công suất: 1.5L - 1.8L; Tính năng nổi bật: Lòng nồi chống dính kim cương, Giữ ấm 48h"
SKU001747,Robot hút bụi lau nhà Ecovacs (Lực hút 5000-8000Pa) Model 514,Gia dụng,Robot hút bụi lau nhà,Thiết bị nhà bếp thông minh,12000000,https://picsum.photos/seed/kitchen1747/600/600,"Dung tích/Công suất: Lực hút 5000-8000Pa; Tính năng nổi bật: Điều hướng Laser LDS, Tự đổ rác, Tự giặt giẻ"
SKU001748,Nồi cơm điện cao tần Toshiba (1.5L - 1.8L) Model 283,Gia dụng,Nồi cơm điện cao tần,Thiết bị nhà bếp thông minh,4200000,https://picsum.photos/seed/kitchen1748/600/600,"Dung tích/Công suất: 1.5L - 1.8L; Tính năng nổi bật: Lòng nồi chống dính kim cương, Giữ ấm 48h"
SKU001749,Máy ép chậm Kalite (Ép nguyên quả) Model 637,Gia dụng,Máy ép chậm,Thiết bị nhà bếp thông minh,11490000,https://picsum.photos/seed/kitchen1749/600/600,"Dung tích/Công suất: Ép nguyên quả; Tính năng nổi bật: Tốc độ vòng quay 45-60 vòng/phút, Giữ 98% vitamin"
SKU001750,Nồi chiên không dầu Lock&Lock (5.5L - 8L) Model 140,Gia dụng,Nồi chiên không dầu,Thiết bị nhà bếp thông minh,15000000,https://picsum.photos/seed/kitchen1750/600/600,"Dung tích/Công suất: 5.5L - 8L; Tính năng nổi bật: Nhiệt độ 80-200°C, Giảm 80% dầu mỡ"
SKU001751,Pin sạc dự phòng - Xiaomi 10000mAh Gen 3,Phụ kiện,Pin sạc dự phòng,Phụ kiện cao cấp,2353000,https://picsum.photos/seed/acc1751/600/600,"Dung tích pin chuẩn; Hỗ trợ sạc nhanh PD 3.0, QC 4.0"
SKU001752,Tai nghe Bluetooth True Wireless - Sony WF-1000XM5,Phụ kiện,Tai nghe Bluetooth True Wireless,Phụ kiện cao cấp,5379000,https://picsum.photos/seed/acc1752/600/600,Chống ồn chủ động ANC; Pin: 24h kèm hộp; Bluetooth 5.3
SKU001753,Tai nghe Bluetooth True Wireless - Sony WF-1000XM5,Phụ kiện,Tai nghe Bluetooth True Wireless,Phụ kiện cao cấp,3492000,https://picsum.photos/seed/acc1753/600/600,Chống ồn chủ động ANC; Pin: 24h kèm hộp; Bluetooth 5.3
SKU001754,Tai nghe Bluetooth True Wireless - Soundpeats Air 4,Phụ kiện,Tai nghe Bluetooth True Wireless,Phụ kiện cao cấp,1485000,https://picsum.photos/seed/acc1754/600/600,Chống ồn chủ động ANC; Pin: 24h kèm hộp; Bluetooth 5.3
SKU001755,Pin sạc dự phòng - Xiaomi 10000mAh Gen 3,Phụ kiện,Pin sạc dự phòng,Phụ kiện cao cấp,2155000,https://picsum.photos/seed/acc1755/600/600,"Dung tích pin chuẩn; Hỗ trợ sạc nhanh PD 3.0, QC 4.0"
SKU001756,Pin sạc dự phòng - Ugreen Nexode 12000mAh,Phụ kiện,Pin sạc dự phòng,Phụ kiện cao cấp,5713000,https://picsum.photos/seed/acc1756/600/600,"Dung tích pin chuẩn; Hỗ trợ sạc nhanh PD 3.0, QC 4.0"
SKU001757,Củ sạc nhanh GaN - Baseus GaN5 Pro 65W,Phụ kiện,Củ sạc nhanh GaN,Phụ kiện cao cấp,5089000,https://picsum.photos/seed/acc1757/600/600,"Công nghệ bán dẫn GaN nhỏ gọn, Tự chia nguồn thông minh"
SKU001758,Pin sạc dự phòng - Anker 20000mAh 65W,Phụ kiện,Pin sạc dự phòng,Phụ kiện cao cấp,2954000,https://picsum.photos/seed/acc1758/600/600,"Dung tích pin chuẩn; Hỗ trợ sạc nhanh PD 3.0, QC 4.0"
SKU001759,Pin sạc dự phòng - Xiaomi 10000mAh Gen 3,Phụ kiện,Pin sạc dự phòng,Phụ kiện cao cấp,2807000,https://picsum.photos/seed/acc1759/600/600,"Dung tích pin chuẩn; Hỗ trợ sạc nhanh PD 3.0, QC 4.0"
SKU001760,Ốp lưng cao cấp - UAG Monarch MagSafe,Phụ kiện,Ốp lưng cao cấp,Phụ kiện cao cấp,883000,https://picsum.photos/seed/acc1760/600/600,"Chống sốc tiêu chuẩn quân đội, Hỗ trợ sạc từ tính MagSafe"
SKU001761,Tai nghe Bluetooth True Wireless - Soundpeats Air 4,Phụ kiện,Tai nghe Bluetooth True Wireless,Phụ kiện cao cấp,1953000,https://picsum.photos/seed/acc1761/600/600,Chống ồn chủ động ANC; Pin: 24h kèm hộp; Bluetooth 5.3
SKU001762,Tai nghe Bluetooth True Wireless - Sony WF-1000XM5,Phụ kiện,Tai nghe Bluetooth True Wireless,Phụ kiện cao cấp,1686000,https://picsum.photos/seed/acc1762/600/600,Chống ồn chủ động ANC; Pin: 24h kèm hộp; Bluetooth 5.3
SKU001763,Củ sạc nhanh GaN - Ugreen Nexode 100W 4 cổng,Phụ kiện,Củ sạc nhanh GaN,Phụ kiện cao cấp,2414000,https://picsum.photos/seed/acc1763/600/600,"Công nghệ bán dẫn GaN nhỏ gọn, Tự chia nguồn thông minh"
SKU001764,Pin sạc dự phòng - Anker 20000mAh 65W,Phụ kiện,Pin sạc dự phòng,Phụ kiện cao cấp,5980000,https://picsum.photos/seed/acc1764/600/600,"Dung tích pin chuẩn; Hỗ trợ sạc nhanh PD 3.0, QC 4.0"
SKU001765,Pin sạc dự phòng - Ugreen Nexode 12000mAh,Phụ kiện,Pin sạc dự phòng,Phụ kiện cao cấp,4425000,https://picsum.photos/seed/acc1765/600/600,"Dung tích pin chuẩn; Hỗ trợ sạc nhanh PD 3.0, QC 4.0"
SKU001766,Pin sạc dự phòng - Ugreen Nexode 12000mAh,Phụ kiện,Pin sạc dự phòng,Phụ kiện cao cấp,2728000,https://picsum.photos/seed/acc1766/600/600,"Dung tích pin chuẩn; Hỗ trợ sạc nhanh PD 3.0, QC 4.0"
SKU001767,Củ sạc nhanh GaN - Baseus GaN5 Pro 65W,Phụ kiện,Củ sạc nhanh GaN,Phụ kiện cao cấp,4591000,https://picsum.photos/seed/acc1767/600/600,"Công nghệ bán dẫn GaN nhỏ gọn, Tự chia nguồn thông minh"
SKU001768,Ốp lưng cao cấp - Nillkin Frosted Shield,Phụ kiện,Ốp lưng cao cấp,Phụ kiện cao cấp,4854000,https://picsum.photos/seed/acc1768/600/600,"Chống sốc tiêu chuẩn quân đội, Hỗ trợ sạc từ tính MagSafe"
SKU001769,Pin sạc dự phòng - Anker 20000mAh 65W,Phụ kiện,Pin sạc dự phòng,Phụ kiện cao cấp,1613000,https://picsum.photos/seed/acc1769/600/600,"Dung tích pin chuẩn; Hỗ trợ sạc nhanh PD 3.0, QC 4.0"
SKU001770,Tai nghe Bluetooth True Wireless - Samsung Galaxy Buds 2 Pro,Phụ kiện,Tai nghe Bluetooth True Wireless,Phụ kiện cao cấp,2193000,https://picsum.photos/seed/acc1770/600/600,Chống ồn chủ động ANC; Pin: 24h kèm hộp; Bluetooth 5.3
SKU001771,Ốp lưng cao cấp - Spigen Ultra Hybrid,Phụ kiện,Ốp lưng cao cấp,Phụ kiện cao cấp,5136000,https://picsum.photos/seed/acc1771/600/600,"Chống sốc tiêu chuẩn quân đội, Hỗ trợ sạc từ tính MagSafe"
SKU001772,Củ sạc nhanh GaN - Anker 65W Nano 3 cổng,Phụ kiện,Củ sạc nhanh GaN,Phụ kiện cao cấp,5684000,https://picsum.photos/seed/acc1772/600/600,"Công nghệ bán dẫn GaN nhỏ gọn, Tự chia nguồn thông minh"
SKU001773,Pin sạc dự phòng - Ugreen Nexode 12000mAh,Phụ kiện,Pin sạc dự phòng,Phụ kiện cao cấp,5834000,https://picsum.photos/seed/acc1773/600/600,"Dung tích pin chuẩn; Hỗ trợ sạc nhanh PD 3.0, QC 4.0"
SKU001774,Pin sạc dự phòng - Baseus Blade 100W 20000mAh,Phụ kiện,Pin sạc dự phòng,Phụ kiện cao cấp,3321000,https://picsum.photos/seed/acc1774/600/600,"Dung tích pin chuẩn; Hỗ trợ sạc nhanh PD 3.0, QC 4.0"
SKU001775,Ốp lưng cao cấp - Spigen Ultra Hybrid,Phụ kiện,Ốp lưng cao cấp,Phụ kiện cao cấp,3018000,https://picsum.photos/seed/acc1775/600/600,"Chống sốc tiêu chuẩn quân đội, Hỗ trợ sạc từ tính MagSafe"
SKU001776,Tai nghe Bluetooth True Wireless - Soundpeats Air 4,Phụ kiện,Tai nghe Bluetooth True Wireless,Phụ kiện cao cấp,3255000,https://picsum.photos/seed/acc1776/600/600,Chống ồn chủ động ANC; Pin: 24h kèm hộp; Bluetooth 5.3
SKU001777,Pin sạc dự phòng - Baseus Blade 100W 20000mAh,Phụ kiện,Pin sạc dự phòng,Phụ kiện cao cấp,3989000,https://picsum.photos/seed/acc1777/600/600,"Dung tích pin chuẩn; Hỗ trợ sạc nhanh PD 3.0, QC 4.0"
SKU001778,Củ sạc nhanh GaN - Anker 65W Nano 3 cổng,Phụ kiện,Củ sạc nhanh GaN,Phụ kiện cao cấp,3965000,https://picsum.photos/seed/acc1778/600/600,"Công nghệ bán dẫn GaN nhỏ gọn, Tự chia nguồn thông minh"
SKU001779,Pin sạc dự phòng - Anker 20000mAh 65W,Phụ kiện,Pin sạc dự phòng,Phụ kiện cao cấp,5046000,https://picsum.photos/seed/acc1779/600/600,"Dung tích pin chuẩn; Hỗ trợ sạc nhanh PD 3.0, QC 4.0"
SKU001780,Củ sạc nhanh GaN - Ugreen Nexode 100W 4 cổng,Phụ kiện,Củ sạc nhanh GaN,Phụ kiện cao cấp,5027000,https://picsum.photos/seed/acc1780/600/600,"Công nghệ bán dẫn GaN nhỏ gọn, Tự chia nguồn thông minh"
SKU001781,Ốp lưng cao cấp - UAG Monarch MagSafe,Phụ kiện,Ốp lưng cao cấp,Phụ kiện cao cấp,5415000,https://picsum.photos/seed/acc1781/600/600,"Chống sốc tiêu chuẩn quân đội, Hỗ trợ sạc từ tính MagSafe"
SKU001782,Ốp lưng cao cấp - Nillkin Frosted Shield,Phụ kiện,Ốp lưng cao cấp,Phụ kiện cao cấp,5048000,https://picsum.photos/seed/acc1782/600/600,"Chống sốc tiêu chuẩn quân đội, Hỗ trợ sạc từ tính MagSafe"
SKU001783,Pin sạc dự phòng - Baseus Blade 100W 20000mAh,Phụ kiện,Pin sạc dự phòng,Phụ kiện cao cấp,1559000,https://picsum.photos/seed/acc1783/600/600,"Dung tích pin chuẩn; Hỗ trợ sạc nhanh PD 3.0, QC 4.0"
SKU001784,Pin sạc dự phòng - Anker 20000mAh 65W,Phụ kiện,Pin sạc dự phòng,Phụ kiện cao cấp,2947000,https://picsum.photos/seed/acc1784/600/600,"Dung tích pin chuẩn; Hỗ trợ sạc nhanh PD 3.0, QC 4.0"
SKU001785,Tai nghe Bluetooth True Wireless - Sony WF-1000XM5,Phụ kiện,Tai nghe Bluetooth True Wireless,Phụ kiện cao cấp,4882000,https://picsum.photos/seed/acc1785/600/600,Chống ồn chủ động ANC; Pin: 24h kèm hộp; Bluetooth 5.3
SKU001786,Củ sạc nhanh GaN - Baseus GaN5 Pro 65W,Phụ kiện,Củ sạc nhanh GaN,Phụ kiện cao cấp,986000,https://picsum.photos/seed/acc1786/600/600,"Công nghệ bán dẫn GaN nhỏ gọn, Tự chia nguồn thông minh"
SKU001787,Pin sạc dự phòng - Xiaomi 10000mAh Gen 3,Phụ kiện,Pin sạc dự phòng,Phụ kiện cao cấp,1433000,https://picsum.photos/seed/acc1787/600/600,"Dung tích pin chuẩn; Hỗ trợ sạc nhanh PD 3.0, QC 4.0"
SKU001788,Ốp lưng cao cấp - Spigen Ultra Hybrid,Phụ kiện,Ốp lưng cao cấp,Phụ kiện cao cấp,2426000,https://picsum.photos/seed/acc1788/600/600,"Chống sốc tiêu chuẩn quân đội, Hỗ trợ sạc từ tính MagSafe"
SKU001789,Tai nghe Bluetooth True Wireless - Samsung Galaxy Buds 2 Pro,Phụ kiện,Tai nghe Bluetooth True Wireless,Phụ kiện cao cấp,1363000,https://picsum.photos/seed/acc1789/600/600,Chống ồn chủ động ANC; Pin: 24h kèm hộp; Bluetooth 5.3
SKU001790,Củ sạc nhanh GaN - Baseus GaN5 Pro 65W,Phụ kiện,Củ sạc nhanh GaN,Phụ kiện cao cấp,2537000,https://picsum.photos/seed/acc1790/600/600,"Công nghệ bán dẫn GaN nhỏ gọn, Tự chia nguồn thông minh"
SKU001791,Tai nghe Bluetooth True Wireless - Samsung Galaxy Buds 2 Pro,Phụ kiện,Tai nghe Bluetooth True Wireless,Phụ kiện cao cấp,864000,https://picsum.photos/seed/acc1791/600/600,Chống ồn chủ động ANC; Pin: 24h kèm hộp; Bluetooth 5.3
SKU001792,Tai nghe Bluetooth True Wireless - Samsung Galaxy Buds 2 Pro,Phụ kiện,Tai nghe Bluetooth True Wireless,Phụ kiện cao cấp,5531000,https://picsum.photos/seed/acc1792/600/600,Chống ồn chủ động ANC; Pin: 24h kèm hộp; Bluetooth 5.3
SKU001793,Củ sạc nhanh GaN - Ugreen Nexode 100W 4 cổng,Phụ kiện,Củ sạc nhanh GaN,Phụ kiện cao cấp,957000,https://picsum.photos/seed/acc1793/600/600,"Công nghệ bán dẫn GaN nhỏ gọn, Tự chia nguồn thông minh"
SKU001794,Củ sạc nhanh GaN - Baseus GaN5 Pro 65W,Phụ kiện,Củ sạc nhanh GaN,Phụ kiện cao cấp,4663000,https://picsum.photos/seed/acc1794/600/600,"Công nghệ bán dẫn GaN nhỏ gọn, Tự chia nguồn thông minh"
SKU001795,Củ sạc nhanh GaN - Anker 65W Nano 3 cổng,Phụ kiện,Củ sạc nhanh GaN,Phụ kiện cao cấp,2509000,https://picsum.photos/seed/acc1795/600/600,"Công nghệ bán dẫn GaN nhỏ gọn, Tự chia nguồn thông minh"
SKU001796,Tai nghe Bluetooth True Wireless - Sony WF-1000XM5,Phụ kiện,Tai nghe Bluetooth True Wireless,Phụ kiện cao cấp,2178000,https://picsum.photos/seed/acc1796/600/600,Chống ồn chủ động ANC; Pin: 24h kèm hộp; Bluetooth 5.3
SKU001797,Ốp lưng cao cấp - UAG Monarch MagSafe,Phụ kiện,Ốp lưng cao cấp,Phụ kiện cao cấp,3268000,https://picsum.photos/seed/acc1797/600/600,"Chống sốc tiêu chuẩn quân đội, Hỗ trợ sạc từ tính MagSafe"
SKU001798,Củ sạc nhanh GaN - Baseus GaN5 Pro 65W,Phụ kiện,Củ sạc nhanh GaN,Phụ kiện cao cấp,2348000,https://picsum.photos/seed/acc1798/600/600,"Công nghệ bán dẫn GaN nhỏ gọn, Tự chia nguồn thông minh"
SKU001799,Tai nghe Bluetooth True Wireless - Sony WF-1000XM5,Phụ kiện,Tai nghe Bluetooth True Wireless,Phụ kiện cao cấp,2714000,https://picsum.photos/seed/acc1799/600/600,Chống ồn chủ động ANC; Pin: 24h kèm hộp; Bluetooth 5.3
SKU001800,Pin sạc dự phòng - Baseus Blade 100W 20000mAh,Phụ kiện,Pin sạc dự phòng,Phụ kiện cao cấp,5471000,https://picsum.photos/seed/acc1800/600/600,"Dung tích pin chuẩn; Hỗ trợ sạc nhanh PD 3.0, QC 4.0"
SKU001801,Tai nghe Bluetooth True Wireless - Samsung Galaxy Buds 2 Pro,Phụ kiện,Tai nghe Bluetooth True Wireless,Phụ kiện cao cấp,3451000,https://picsum.photos/seed/acc1801/600/600,Chống ồn chủ động ANC; Pin: 24h kèm hộp; Bluetooth 5.3
SKU001802,Ốp lưng cao cấp - Spigen Ultra Hybrid,Phụ kiện,Ốp lưng cao cấp,Phụ kiện cao cấp,813000,https://picsum.photos/seed/acc1802/600/600,"Chống sốc tiêu chuẩn quân đội, Hỗ trợ sạc từ tính MagSafe"
SKU001803,Tai nghe Bluetooth True Wireless - Apple AirPods Pro 2,Phụ kiện,Tai nghe Bluetooth True Wireless,Phụ kiện cao cấp,5688000,https://picsum.photos/seed/acc1803/600/600,Chống ồn chủ động ANC; Pin: 24h kèm hộp; Bluetooth 5.3
SKU001804,Tai nghe Bluetooth True Wireless - Sony WF-1000XM5,Phụ kiện,Tai nghe Bluetooth True Wireless,Phụ kiện cao cấp,2422000,https://picsum.photos/seed/acc1804/600/600,Chống ồn chủ động ANC; Pin: 24h kèm hộp; Bluetooth 5.3
SKU001805,Ốp lưng cao cấp - UAG Monarch MagSafe,Phụ kiện,Ốp lưng cao cấp,Phụ kiện cao cấp,4255000,https://picsum.photos/seed/acc1805/600/600,"Chống sốc tiêu chuẩn quân đội, Hỗ trợ sạc từ tính MagSafe"
SKU001806,Tai nghe Bluetooth True Wireless - Sony WF-1000XM5,Phụ kiện,Tai nghe Bluetooth True Wireless,Phụ kiện cao cấp,816000,https://picsum.photos/seed/acc1806/600/600,Chống ồn chủ động ANC; Pin: 24h kèm hộp; Bluetooth 5.3
SKU001807,Củ sạc nhanh GaN - Ugreen Nexode 100W 4 cổng,Phụ kiện,Củ sạc nhanh GaN,Phụ kiện cao cấp,3940000,https://picsum.photos/seed/acc1807/600/600,"Công nghệ bán dẫn GaN nhỏ gọn, Tự chia nguồn thông minh"
SKU001808,Củ sạc nhanh GaN - Anker 65W Nano 3 cổng,Phụ kiện,Củ sạc nhanh GaN,Phụ kiện cao cấp,5269000,https://picsum.photos/seed/acc1808/600/600,"Công nghệ bán dẫn GaN nhỏ gọn, Tự chia nguồn thông minh"
SKU001809,Củ sạc nhanh GaN - Baseus GaN5 Pro 65W,Phụ kiện,Củ sạc nhanh GaN,Phụ kiện cao cấp,5753000,https://picsum.photos/seed/acc1809/600/600,"Công nghệ bán dẫn GaN nhỏ gọn, Tự chia nguồn thông minh"
SKU001810,Tai nghe Bluetooth True Wireless - Soundpeats Air 4,Phụ kiện,Tai nghe Bluetooth True Wireless,Phụ kiện cao cấp,3217000,https://picsum.photos/seed/acc1810/600/600,Chống ồn chủ động ANC; Pin: 24h kèm hộp; Bluetooth 5.3
SKU001811,Ốp lưng cao cấp - Spigen Ultra Hybrid,Phụ kiện,Ốp lưng cao cấp,Phụ kiện cao cấp,1638000,https://picsum.photos/seed/acc1811/600/600,"Chống sốc tiêu chuẩn quân đội, Hỗ trợ sạc từ tính MagSafe"
SKU001812,Ốp lưng cao cấp - UAG Monarch MagSafe,Phụ kiện,Ốp lưng cao cấp,Phụ kiện cao cấp,5940000,https://picsum.photos/seed/acc1812/600/600,"Chống sốc tiêu chuẩn quân đội, Hỗ trợ sạc từ tính MagSafe"
SKU001813,Ốp lưng cao cấp - UAG Monarch MagSafe,Phụ kiện,Ốp lưng cao cấp,Phụ kiện cao cấp,4947000,https://picsum.photos/seed/acc1813/600/600,"Chống sốc tiêu chuẩn quân đội, Hỗ trợ sạc từ tính MagSafe"
SKU001814,Pin sạc dự phòng - Baseus Blade 100W 20000mAh,Phụ kiện,Pin sạc dự phòng,Phụ kiện cao cấp,1856000,https://picsum.photos/seed/acc1814/600/600,"Dung tích pin chuẩn; Hỗ trợ sạc nhanh PD 3.0, QC 4.0"
SKU001815,Pin sạc dự phòng - Baseus Blade 100W 20000mAh,Phụ kiện,Pin sạc dự phòng,Phụ kiện cao cấp,3784000,https://picsum.photos/seed/acc1815/600/600,"Dung tích pin chuẩn; Hỗ trợ sạc nhanh PD 3.0, QC 4.0"
SKU001816,Củ sạc nhanh GaN - Baseus GaN5 Pro 65W,Phụ kiện,Củ sạc nhanh GaN,Phụ kiện cao cấp,5964000,https://picsum.photos/seed/acc1816/600/600,"Công nghệ bán dẫn GaN nhỏ gọn, Tự chia nguồn thông minh"
SKU001817,Pin sạc dự phòng - Anker 20000mAh 65W,Phụ kiện,Pin sạc dự phòng,Phụ kiện cao cấp,4950000,https://picsum.photos/seed/acc1817/600/600,"Dung tích pin chuẩn; Hỗ trợ sạc nhanh PD 3.0, QC 4.0"
SKU001818,Ốp lưng cao cấp - Spigen Ultra Hybrid,Phụ kiện,Ốp lưng cao cấp,Phụ kiện cao cấp,2780000,https://picsum.photos/seed/acc1818/600/600,"Chống sốc tiêu chuẩn quân đội, Hỗ trợ sạc từ tính MagSafe"
SKU001819,Ốp lưng cao cấp - Spigen Ultra Hybrid,Phụ kiện,Ốp lưng cao cấp,Phụ kiện cao cấp,4673000,https://picsum.photos/seed/acc1819/600/600,"Chống sốc tiêu chuẩn quân đội, Hỗ trợ sạc từ tính MagSafe"
SKU001820,Ốp lưng cao cấp - UAG Monarch MagSafe,Phụ kiện,Ốp lưng cao cấp,Phụ kiện cao cấp,3993000,https://picsum.photos/seed/acc1820/600/600,"Chống sốc tiêu chuẩn quân đội, Hỗ trợ sạc từ tính MagSafe"
SKU001821,Ốp lưng cao cấp - UAG Monarch MagSafe,Phụ kiện,Ốp lưng cao cấp,Phụ kiện cao cấp,4901000,https://picsum.photos/seed/acc1821/600/600,"Chống sốc tiêu chuẩn quân đội, Hỗ trợ sạc từ tính MagSafe"
SKU001822,Tai nghe Bluetooth True Wireless - Apple AirPods Pro 2,Phụ kiện,Tai nghe Bluetooth True Wireless,Phụ kiện cao cấp,4292000,https://picsum.photos/seed/acc1822/600/600,Chống ồn chủ động ANC; Pin: 24h kèm hộp; Bluetooth 5.3
SKU001823,Tai nghe Bluetooth True Wireless - Sony WF-1000XM5,Phụ kiện,Tai nghe Bluetooth True Wireless,Phụ kiện cao cấp,2771000,https://picsum.photos/seed/acc1823/600/600,Chống ồn chủ động ANC; Pin: 24h kèm hộp; Bluetooth 5.3
SKU001824,Pin sạc dự phòng - Anker 20000mAh 65W,Phụ kiện,Pin sạc dự phòng,Phụ kiện cao cấp,5927000,https://picsum.photos/seed/acc1824/600/600,"Dung tích pin chuẩn; Hỗ trợ sạc nhanh PD 3.0, QC 4.0"
SKU001825,Củ sạc nhanh GaN - Anker 65W Nano 3 cổng,Phụ kiện,Củ sạc nhanh GaN,Phụ kiện cao cấp,1209000,https://picsum.photos/seed/acc1825/600/600,"Công nghệ bán dẫn GaN nhỏ gọn, Tự chia nguồn thông minh"
SKU001826,Pin sạc dự phòng - Ugreen Nexode 12000mAh,Phụ kiện,Pin sạc dự phòng,Phụ kiện cao cấp,1082000,https://picsum.photos/seed/acc1826/600/600,"Dung tích pin chuẩn; Hỗ trợ sạc nhanh PD 3.0, QC 4.0"
SKU001827,Tai nghe Bluetooth True Wireless - Samsung Galaxy Buds 2 Pro,Phụ kiện,Tai nghe Bluetooth True Wireless,Phụ kiện cao cấp,270000,https://picsum.photos/seed/acc1827/600/600,Chống ồn chủ động ANC; Pin: 24h kèm hộp; Bluetooth 5.3
SKU001828,Củ sạc nhanh GaN - Baseus GaN5 Pro 65W,Phụ kiện,Củ sạc nhanh GaN,Phụ kiện cao cấp,3489000,https://picsum.photos/seed/acc1828/600/600,"Công nghệ bán dẫn GaN nhỏ gọn, Tự chia nguồn thông minh"
SKU001829,Pin sạc dự phòng - Baseus Blade 100W 20000mAh,Phụ kiện,Pin sạc dự phòng,Phụ kiện cao cấp,2641000,https://picsum.photos/seed/acc1829/600/600,"Dung tích pin chuẩn; Hỗ trợ sạc nhanh PD 3.0, QC 4.0"
SKU001830,Củ sạc nhanh GaN - Anker 65W Nano 3 cổng,Phụ kiện,Củ sạc nhanh GaN,Phụ kiện cao cấp,5170000,https://picsum.photos/seed/acc1830/600/600,"Công nghệ bán dẫn GaN nhỏ gọn, Tự chia nguồn thông minh"
SKU001831,Tai nghe Bluetooth True Wireless - Samsung Galaxy Buds 2 Pro,Phụ kiện,Tai nghe Bluetooth True Wireless,Phụ kiện cao cấp,3160000,https://picsum.photos/seed/acc1831/600/600,Chống ồn chủ động ANC; Pin: 24h kèm hộp; Bluetooth 5.3
SKU001832,Tai nghe Bluetooth True Wireless - Samsung Galaxy Buds 2 Pro,Phụ kiện,Tai nghe Bluetooth True Wireless,Phụ kiện cao cấp,2006000,https://picsum.photos/seed/acc1832/600/600,Chống ồn chủ động ANC; Pin: 24h kèm hộp; Bluetooth 5.3
SKU001833,Ốp lưng cao cấp - Spigen Ultra Hybrid,Phụ kiện,Ốp lưng cao cấp,Phụ kiện cao cấp,244000,https://picsum.photos/seed/acc1833/600/600,"Chống sốc tiêu chuẩn quân đội, Hỗ trợ sạc từ tính MagSafe"
SKU001834,Củ sạc nhanh GaN - Ugreen Nexode 100W 4 cổng,Phụ kiện,Củ sạc nhanh GaN,Phụ kiện cao cấp,3101000,https://picsum.photos/seed/acc1834/600/600,"Công nghệ bán dẫn GaN nhỏ gọn, Tự chia nguồn thông minh"
SKU001835,Ốp lưng cao cấp - Spigen Ultra Hybrid,Phụ kiện,Ốp lưng cao cấp,Phụ kiện cao cấp,1844000,https://picsum.photos/seed/acc1835/600/600,"Chống sốc tiêu chuẩn quân đội, Hỗ trợ sạc từ tính MagSafe"
SKU001836,Pin sạc dự phòng - Baseus Blade 100W 20000mAh,Phụ kiện,Pin sạc dự phòng,Phụ kiện cao cấp,5703000,https://picsum.photos/seed/acc1836/600/600,"Dung tích pin chuẩn; Hỗ trợ sạc nhanh PD 3.0, QC 4.0"
SKU001837,Củ sạc nhanh GaN - Ugreen Nexode 100W 4 cổng,Phụ kiện,Củ sạc nhanh GaN,Phụ kiện cao cấp,5329000,https://picsum.photos/seed/acc1837/600/600,"Công nghệ bán dẫn GaN nhỏ gọn, Tự chia nguồn thông minh"
SKU001838,Củ sạc nhanh GaN - Ugreen Nexode 100W 4 cổng,Phụ kiện,Củ sạc nhanh GaN,Phụ kiện cao cấp,2503000,https://picsum.photos/seed/acc1838/600/600,"Công nghệ bán dẫn GaN nhỏ gọn, Tự chia nguồn thông minh"
SKU001839,Ốp lưng cao cấp - Nillkin Frosted Shield,Phụ kiện,Ốp lưng cao cấp,Phụ kiện cao cấp,711000,https://picsum.photos/seed/acc1839/600/600,"Chống sốc tiêu chuẩn quân đội, Hỗ trợ sạc từ tính MagSafe"
SKU001840,Củ sạc nhanh GaN - Baseus GaN5 Pro 65W,Phụ kiện,Củ sạc nhanh GaN,Phụ kiện cao cấp,4827000,https://picsum.photos/seed/acc1840/600/600,"Công nghệ bán dẫn GaN nhỏ gọn, Tự chia nguồn thông minh"
SKU001841,Tai nghe Bluetooth True Wireless - Sony WF-1000XM5,Phụ kiện,Tai nghe Bluetooth True Wireless,Phụ kiện cao cấp,2278000,https://picsum.photos/seed/acc1841/600/600,Chống ồn chủ động ANC; Pin: 24h kèm hộp; Bluetooth 5.3
SKU001842,Ốp lưng cao cấp - Spigen Ultra Hybrid,Phụ kiện,Ốp lưng cao cấp,Phụ kiện cao cấp,5750000,https://picsum.photos/seed/acc1842/600/600,"Chống sốc tiêu chuẩn quân đội, Hỗ trợ sạc từ tính MagSafe"
SKU001843,Củ sạc nhanh GaN - Ugreen Nexode 100W 4 cổng,Phụ kiện,Củ sạc nhanh GaN,Phụ kiện cao cấp,2202000,https://picsum.photos/seed/acc1843/600/600,"Công nghệ bán dẫn GaN nhỏ gọn, Tự chia nguồn thông minh"
SKU001844,Pin sạc dự phòng - Ugreen Nexode 12000mAh,Phụ kiện,Pin sạc dự phòng,Phụ kiện cao cấp,2745000,https://picsum.photos/seed/acc1844/600/600,"Dung tích pin chuẩn; Hỗ trợ sạc nhanh PD 3.0, QC 4.0"
SKU001845,Tai nghe Bluetooth True Wireless - Apple AirPods Pro 2,Phụ kiện,Tai nghe Bluetooth True Wireless,Phụ kiện cao cấp,5507000,https://picsum.photos/seed/acc1845/600/600,Chống ồn chủ động ANC; Pin: 24h kèm hộp; Bluetooth 5.3
SKU001846,Pin sạc dự phòng - Xiaomi 10000mAh Gen 3,Phụ kiện,Pin sạc dự phòng,Phụ kiện cao cấp,842000,https://picsum.photos/seed/acc1846/600/600,"Dung tích pin chuẩn; Hỗ trợ sạc nhanh PD 3.0, QC 4.0"
SKU001847,Pin sạc dự phòng - Xiaomi 10000mAh Gen 3,Phụ kiện,Pin sạc dự phòng,Phụ kiện cao cấp,4029000,https://picsum.photos/seed/acc1847/600/600,"Dung tích pin chuẩn; Hỗ trợ sạc nhanh PD 3.0, QC 4.0"
SKU001848,Củ sạc nhanh GaN - Baseus GaN5 Pro 65W,Phụ kiện,Củ sạc nhanh GaN,Phụ kiện cao cấp,1085000,https://picsum.photos/seed/acc1848/600/600,"Công nghệ bán dẫn GaN nhỏ gọn, Tự chia nguồn thông minh"
SKU001849,Ốp lưng cao cấp - UAG Monarch MagSafe,Phụ kiện,Ốp lưng cao cấp,Phụ kiện cao cấp,1387000,https://picsum.photos/seed/acc1849/600/600,"Chống sốc tiêu chuẩn quân đội, Hỗ trợ sạc từ tính MagSafe"
SKU001850,Tai nghe Bluetooth True Wireless - Samsung Galaxy Buds 2 Pro,Phụ kiện,Tai nghe Bluetooth True Wireless,Phụ kiện cao cấp,2699000,https://picsum.photos/seed/acc1850/600/600,Chống ồn chủ động ANC; Pin: 24h kèm hộp; Bluetooth 5.3
SKU001851,Ốp lưng cao cấp - Spigen Ultra Hybrid,Phụ kiện,Ốp lưng cao cấp,Phụ kiện cao cấp,2696000,https://picsum.photos/seed/acc1851/600/600,"Chống sốc tiêu chuẩn quân đội, Hỗ trợ sạc từ tính MagSafe"
SKU001852,Củ sạc nhanh GaN - Ugreen Nexode 100W 4 cổng,Phụ kiện,Củ sạc nhanh GaN,Phụ kiện cao cấp,481000,https://picsum.photos/seed/acc1852/600/600,"Công nghệ bán dẫn GaN nhỏ gọn, Tự chia nguồn thông minh"
SKU001853,Pin sạc dự phòng - Anker 20000mAh 65W,Phụ kiện,Pin sạc dự phòng,Phụ kiện cao cấp,2757000,https://picsum.photos/seed/acc1853/600/600,"Dung tích pin chuẩn; Hỗ trợ sạc nhanh PD 3.0, QC 4.0"
SKU001854,Pin sạc dự phòng - Anker 20000mAh 65W,Phụ kiện,Pin sạc dự phòng,Phụ kiện cao cấp,3193000,https://picsum.photos/seed/acc1854/600/600,"Dung tích pin chuẩn; Hỗ trợ sạc nhanh PD 3.0, QC 4.0"
SKU001855,Ốp lưng cao cấp - Spigen Ultra Hybrid,Phụ kiện,Ốp lưng cao cấp,Phụ kiện cao cấp,1685000,https://picsum.photos/seed/acc1855/600/600,"Chống sốc tiêu chuẩn quân đội, Hỗ trợ sạc từ tính MagSafe"
SKU001856,Ốp lưng cao cấp - Spigen Ultra Hybrid,Phụ kiện,Ốp lưng cao cấp,Phụ kiện cao cấp,4973000,https://picsum.photos/seed/acc1856/600/600,"Chống sốc tiêu chuẩn quân đội, Hỗ trợ sạc từ tính MagSafe"
SKU001857,Pin sạc dự phòng - Xiaomi 10000mAh Gen 3,Phụ kiện,Pin sạc dự phòng,Phụ kiện cao cấp,4520000,https://picsum.photos/seed/acc1857/600/600,"Dung tích pin chuẩn; Hỗ trợ sạc nhanh PD 3.0, QC 4.0"
SKU001858,Tai nghe Bluetooth True Wireless - Samsung Galaxy Buds 2 Pro,Phụ kiện,Tai nghe Bluetooth True Wireless,Phụ kiện cao cấp,514000,https://picsum.photos/seed/acc1858/600/600,Chống ồn chủ động ANC; Pin: 24h kèm hộp; Bluetooth 5.3
SKU001859,Ốp lưng cao cấp - Spigen Ultra Hybrid,Phụ kiện,Ốp lưng cao cấp,Phụ kiện cao cấp,1021000,https://picsum.photos/seed/acc1859/600/600,"Chống sốc tiêu chuẩn quân đội, Hỗ trợ sạc từ tính MagSafe"
SKU001860,Củ sạc nhanh GaN - Baseus GaN5 Pro 65W,Phụ kiện,Củ sạc nhanh GaN,Phụ kiện cao cấp,540000,https://picsum.photos/seed/acc1860/600/600,"Công nghệ bán dẫn GaN nhỏ gọn, Tự chia nguồn thông minh"
SKU001861,Pin sạc dự phòng - Anker 20000mAh 65W,Phụ kiện,Pin sạc dự phòng,Phụ kiện cao cấp,449000,https://picsum.photos/seed/acc1861/600/600,"Dung tích pin chuẩn; Hỗ trợ sạc nhanh PD 3.0, QC 4.0"
SKU001862,Pin sạc dự phòng - Baseus Blade 100W 20000mAh,Phụ kiện,Pin sạc dự phòng,Phụ kiện cao cấp,1441000,https://picsum.photos/seed/acc1862/600/600,"Dung tích pin chuẩn; Hỗ trợ sạc nhanh PD 3.0, QC 4.0"
SKU001863,Củ sạc nhanh GaN - Ugreen Nexode 100W 4 cổng,Phụ kiện,Củ sạc nhanh GaN,Phụ kiện cao cấp,3957000,https://picsum.photos/seed/acc1863/600/600,"Công nghệ bán dẫn GaN nhỏ gọn, Tự chia nguồn thông minh"
SKU001864,Củ sạc nhanh GaN - Ugreen Nexode 100W 4 cổng,Phụ kiện,Củ sạc nhanh GaN,Phụ kiện cao cấp,4976000,https://picsum.photos/seed/acc1864/600/600,"Công nghệ bán dẫn GaN nhỏ gọn, Tự chia nguồn thông minh"
SKU001865,Củ sạc nhanh GaN - Ugreen Nexode 100W 4 cổng,Phụ kiện,Củ sạc nhanh GaN,Phụ kiện cao cấp,2428000,https://picsum.photos/seed/acc1865/600/600,"Công nghệ bán dẫn GaN nhỏ gọn, Tự chia nguồn thông minh"
SKU001866,Pin sạc dự phòng - Anker 20000mAh 65W,Phụ kiện,Pin sạc dự phòng,Phụ kiện cao cấp,3335000,https://picsum.photos/seed/acc1866/600/600,"Dung tích pin chuẩn; Hỗ trợ sạc nhanh PD 3.0, QC 4.0"
SKU001867,Tai nghe Bluetooth True Wireless - Apple AirPods Pro 2,Phụ kiện,Tai nghe Bluetooth True Wireless,Phụ kiện cao cấp,3600000,https://picsum.photos/seed/acc1867/600/600,Chống ồn chủ động ANC; Pin: 24h kèm hộp; Bluetooth 5.3
SKU001868,Củ sạc nhanh GaN - Baseus GaN5 Pro 65W,Phụ kiện,Củ sạc nhanh GaN,Phụ kiện cao cấp,2781000,https://picsum.photos/seed/acc1868/600/600,"Công nghệ bán dẫn GaN nhỏ gọn, Tự chia nguồn thông minh"
SKU001869,Tai nghe Bluetooth True Wireless - Sony WF-1000XM5,Phụ kiện,Tai nghe Bluetooth True Wireless,Phụ kiện cao cấp,2546000,https://picsum.photos/seed/acc1869/600/600,Chống ồn chủ động ANC; Pin: 24h kèm hộp; Bluetooth 5.3
SKU001870,Ốp lưng cao cấp - UAG Monarch MagSafe,Phụ kiện,Ốp lưng cao cấp,Phụ kiện cao cấp,344000,https://picsum.photos/seed/acc1870/600/600,"Chống sốc tiêu chuẩn quân đội, Hỗ trợ sạc từ tính MagSafe"
SKU001871,Tai nghe Bluetooth True Wireless - Sony WF-1000XM5,Phụ kiện,Tai nghe Bluetooth True Wireless,Phụ kiện cao cấp,322000,https://picsum.photos/seed/acc1871/600/600,Chống ồn chủ động ANC; Pin: 24h kèm hộp; Bluetooth 5.3
SKU001872,Củ sạc nhanh GaN - Baseus GaN5 Pro 65W,Phụ kiện,Củ sạc nhanh GaN,Phụ kiện cao cấp,5784000,https://picsum.photos/seed/acc1872/600/600,"Công nghệ bán dẫn GaN nhỏ gọn, Tự chia nguồn thông minh"
SKU001873,Tai nghe Bluetooth True Wireless - Soundpeats Air 4,Phụ kiện,Tai nghe Bluetooth True Wireless,Phụ kiện cao cấp,4547000,https://picsum.photos/seed/acc1873/600/600,Chống ồn chủ động ANC; Pin: 24h kèm hộp; Bluetooth 5.3
SKU001874,Ốp lưng cao cấp - Spigen Ultra Hybrid,Phụ kiện,Ốp lưng cao cấp,Phụ kiện cao cấp,2575000,https://picsum.photos/seed/acc1874/600/600,"Chống sốc tiêu chuẩn quân đội, Hỗ trợ sạc từ tính MagSafe"
SKU001875,Củ sạc nhanh GaN - Ugreen Nexode 100W 4 cổng,Phụ kiện,Củ sạc nhanh GaN,Phụ kiện cao cấp,1456000,https://picsum.photos/seed/acc1875/600/600,"Công nghệ bán dẫn GaN nhỏ gọn, Tự chia nguồn thông minh"
SKU001876,Pin sạc dự phòng - Baseus Blade 100W 20000mAh,Phụ kiện,Pin sạc dự phòng,Phụ kiện cao cấp,5007000,https://picsum.photos/seed/acc1876/600/600,"Dung tích pin chuẩn; Hỗ trợ sạc nhanh PD 3.0, QC 4.0"
SKU001877,Ốp lưng cao cấp - Spigen Ultra Hybrid,Phụ kiện,Ốp lưng cao cấp,Phụ kiện cao cấp,3979000,https://picsum.photos/seed/acc1877/600/600,"Chống sốc tiêu chuẩn quân đội, Hỗ trợ sạc từ tính MagSafe"
SKU001878,Củ sạc nhanh GaN - Anker 65W Nano 3 cổng,Phụ kiện,Củ sạc nhanh GaN,Phụ kiện cao cấp,3145000,https://picsum.photos/seed/acc1878/600/600,"Công nghệ bán dẫn GaN nhỏ gọn, Tự chia nguồn thông minh"
SKU001879,Củ sạc nhanh GaN - Ugreen Nexode 100W 4 cổng,Phụ kiện,Củ sạc nhanh GaN,Phụ kiện cao cấp,1608000,https://picsum.photos/seed/acc1879/600/600,"Công nghệ bán dẫn GaN nhỏ gọn, Tự chia nguồn thông minh"
SKU001880,Củ sạc nhanh GaN - Baseus GaN5 Pro 65W,Phụ kiện,Củ sạc nhanh GaN,Phụ kiện cao cấp,1502000,https://picsum.photos/seed/acc1880/600/600,"Công nghệ bán dẫn GaN nhỏ gọn, Tự chia nguồn thông minh"
SKU001881,Củ sạc nhanh GaN - Baseus GaN5 Pro 65W,Phụ kiện,Củ sạc nhanh GaN,Phụ kiện cao cấp,2794000,https://picsum.photos/seed/acc1881/600/600,"Công nghệ bán dẫn GaN nhỏ gọn, Tự chia nguồn thông minh"
SKU001882,Ốp lưng cao cấp - Nillkin Frosted Shield,Phụ kiện,Ốp lưng cao cấp,Phụ kiện cao cấp,226000,https://picsum.photos/seed/acc1882/600/600,"Chống sốc tiêu chuẩn quân đội, Hỗ trợ sạc từ tính MagSafe"
SKU001883,Pin sạc dự phòng - Xiaomi 10000mAh Gen 3,Phụ kiện,Pin sạc dự phòng,Phụ kiện cao cấp,561000,https://picsum.photos/seed/acc1883/600/600,"Dung tích pin chuẩn; Hỗ trợ sạc nhanh PD 3.0, QC 4.0"
SKU001884,Củ sạc nhanh GaN - Ugreen Nexode 100W 4 cổng,Phụ kiện,Củ sạc nhanh GaN,Phụ kiện cao cấp,564000,https://picsum.photos/seed/acc1884/600/600,"Công nghệ bán dẫn GaN nhỏ gọn, Tự chia nguồn thông minh"
SKU001885,Củ sạc nhanh GaN - Anker 65W Nano 3 cổng,Phụ kiện,Củ sạc nhanh GaN,Phụ kiện cao cấp,5178000,https://picsum.photos/seed/acc1885/600/600,"Công nghệ bán dẫn GaN nhỏ gọn, Tự chia nguồn thông minh"
SKU001886,Củ sạc nhanh GaN - Ugreen Nexode 100W 4 cổng,Phụ kiện,Củ sạc nhanh GaN,Phụ kiện cao cấp,1359000,https://picsum.photos/seed/acc1886/600/600,"Công nghệ bán dẫn GaN nhỏ gọn, Tự chia nguồn thông minh"
SKU001887,Ốp lưng cao cấp - UAG Monarch MagSafe,Phụ kiện,Ốp lưng cao cấp,Phụ kiện cao cấp,4199000,https://picsum.photos/seed/acc1887/600/600,"Chống sốc tiêu chuẩn quân đội, Hỗ trợ sạc từ tính MagSafe"
SKU001888,Tai nghe Bluetooth True Wireless - Soundpeats Air 4,Phụ kiện,Tai nghe Bluetooth True Wireless,Phụ kiện cao cấp,4247000,https://picsum.photos/seed/acc1888/600/600,Chống ồn chủ động ANC; Pin: 24h kèm hộp; Bluetooth 5.3
SKU001889,Tai nghe Bluetooth True Wireless - Apple AirPods Pro 2,Phụ kiện,Tai nghe Bluetooth True Wireless,Phụ kiện cao cấp,3052000,https://picsum.photos/seed/acc1889/600/600,Chống ồn chủ động ANC; Pin: 24h kèm hộp; Bluetooth 5.3
SKU001890,Pin sạc dự phòng - Baseus Blade 100W 20000mAh,Phụ kiện,Pin sạc dự phòng,Phụ kiện cao cấp,786000,https://picsum.photos/seed/acc1890/600/600,"Dung tích pin chuẩn; Hỗ trợ sạc nhanh PD 3.0, QC 4.0"
SKU001891,Pin sạc dự phòng - Anker 20000mAh 65W,Phụ kiện,Pin sạc dự phòng,Phụ kiện cao cấp,1050000,https://picsum.photos/seed/acc1891/600/600,"Dung tích pin chuẩn; Hỗ trợ sạc nhanh PD 3.0, QC 4.0"
SKU001892,Củ sạc nhanh GaN - Anker 65W Nano 3 cổng,Phụ kiện,Củ sạc nhanh GaN,Phụ kiện cao cấp,2457000,https://picsum.photos/seed/acc1892/600/600,"Công nghệ bán dẫn GaN nhỏ gọn, Tự chia nguồn thông minh"
SKU001893,Pin sạc dự phòng - Anker 20000mAh 65W,Phụ kiện,Pin sạc dự phòng,Phụ kiện cao cấp,2225000,https://picsum.photos/seed/acc1893/600/600,"Dung tích pin chuẩn; Hỗ trợ sạc nhanh PD 3.0, QC 4.0"
SKU001894,Ốp lưng cao cấp - Spigen Ultra Hybrid,Phụ kiện,Ốp lưng cao cấp,Phụ kiện cao cấp,4153000,https://picsum.photos/seed/acc1894/600/600,"Chống sốc tiêu chuẩn quân đội, Hỗ trợ sạc từ tính MagSafe"
SKU001895,Tai nghe Bluetooth True Wireless - Apple AirPods Pro 2,Phụ kiện,Tai nghe Bluetooth True Wireless,Phụ kiện cao cấp,1560000,https://picsum.photos/seed/acc1895/600/600,Chống ồn chủ động ANC; Pin: 24h kèm hộp; Bluetooth 5.3
SKU001896,Củ sạc nhanh GaN - Baseus GaN5 Pro 65W,Phụ kiện,Củ sạc nhanh GaN,Phụ kiện cao cấp,5838000,https://picsum.photos/seed/acc1896/600/600,"Công nghệ bán dẫn GaN nhỏ gọn, Tự chia nguồn thông minh"
SKU001897,Tai nghe Bluetooth True Wireless - Sony WF-1000XM5,Phụ kiện,Tai nghe Bluetooth True Wireless,Phụ kiện cao cấp,2797000,https://picsum.photos/seed/acc1897/600/600,Chống ồn chủ động ANC; Pin: 24h kèm hộp; Bluetooth 5.3
SKU001898,Ốp lưng cao cấp - Nillkin Frosted Shield,Phụ kiện,Ốp lưng cao cấp,Phụ kiện cao cấp,4245000,https://picsum.photos/seed/acc1898/600/600,"Chống sốc tiêu chuẩn quân đội, Hỗ trợ sạc từ tính MagSafe"
SKU001899,Ốp lưng cao cấp - UAG Monarch MagSafe,Phụ kiện,Ốp lưng cao cấp,Phụ kiện cao cấp,4076000,https://picsum.photos/seed/acc1899/600/600,"Chống sốc tiêu chuẩn quân đội, Hỗ trợ sạc từ tính MagSafe"
SKU001900,Củ sạc nhanh GaN - Ugreen Nexode 100W 4 cổng,Phụ kiện,Củ sạc nhanh GaN,Phụ kiện cao cấp,4475000,https://picsum.photos/seed/acc1900/600/600,"Công nghệ bán dẫn GaN nhỏ gọn, Tự chia nguồn thông minh"
SKU001901,Tai nghe Bluetooth True Wireless - Sony WF-1000XM5,Phụ kiện,Tai nghe Bluetooth True Wireless,Phụ kiện cao cấp,3538000,https://picsum.photos/seed/acc1901/600/600,Chống ồn chủ động ANC; Pin: 24h kèm hộp; Bluetooth 5.3
SKU001902,Tai nghe Bluetooth True Wireless - Samsung Galaxy Buds 2 Pro,Phụ kiện,Tai nghe Bluetooth True Wireless,Phụ kiện cao cấp,1671000,https://picsum.photos/seed/acc1902/600/600,Chống ồn chủ động ANC; Pin: 24h kèm hộp; Bluetooth 5.3
SKU001903,Tai nghe Bluetooth True Wireless - Samsung Galaxy Buds 2 Pro,Phụ kiện,Tai nghe Bluetooth True Wireless,Phụ kiện cao cấp,3035000,https://picsum.photos/seed/acc1903/600/600,Chống ồn chủ động ANC; Pin: 24h kèm hộp; Bluetooth 5.3
SKU001904,Tai nghe Bluetooth True Wireless - Sony WF-1000XM5,Phụ kiện,Tai nghe Bluetooth True Wireless,Phụ kiện cao cấp,5074000,https://picsum.photos/seed/acc1904/600/600,Chống ồn chủ động ANC; Pin: 24h kèm hộp; Bluetooth 5.3
SKU001905,Củ sạc nhanh GaN - Ugreen Nexode 100W 4 cổng,Phụ kiện,Củ sạc nhanh GaN,Phụ kiện cao cấp,2440000,https://picsum.photos/seed/acc1905/600/600,"Công nghệ bán dẫn GaN nhỏ gọn, Tự chia nguồn thông minh"
SKU001906,Củ sạc nhanh GaN - Anker 65W Nano 3 cổng,Phụ kiện,Củ sạc nhanh GaN,Phụ kiện cao cấp,2244000,https://picsum.photos/seed/acc1906/600/600,"Công nghệ bán dẫn GaN nhỏ gọn, Tự chia nguồn thông minh"
SKU001907,Ốp lưng cao cấp - Nillkin Frosted Shield,Phụ kiện,Ốp lưng cao cấp,Phụ kiện cao cấp,4525000,https://picsum.photos/seed/acc1907/600/600,"Chống sốc tiêu chuẩn quân đội, Hỗ trợ sạc từ tính MagSafe"
SKU001908,Ốp lưng cao cấp - Nillkin Frosted Shield,Phụ kiện,Ốp lưng cao cấp,Phụ kiện cao cấp,1920000,https://picsum.photos/seed/acc1908/600/600,"Chống sốc tiêu chuẩn quân đội, Hỗ trợ sạc từ tính MagSafe"
SKU001909,Tai nghe Bluetooth True Wireless - Samsung Galaxy Buds 2 Pro,Phụ kiện,Tai nghe Bluetooth True Wireless,Phụ kiện cao cấp,3131000,https://picsum.photos/seed/acc1909/600/600,Chống ồn chủ động ANC; Pin: 24h kèm hộp; Bluetooth 5.3
SKU001910,Tai nghe Bluetooth True Wireless - Sony WF-1000XM5,Phụ kiện,Tai nghe Bluetooth True Wireless,Phụ kiện cao cấp,2685000,https://picsum.photos/seed/acc1910/600/600,Chống ồn chủ động ANC; Pin: 24h kèm hộp; Bluetooth 5.3
SKU001911,Ốp lưng cao cấp - Spigen Ultra Hybrid,Phụ kiện,Ốp lưng cao cấp,Phụ kiện cao cấp,5755000,https://picsum.photos/seed/acc1911/600/600,"Chống sốc tiêu chuẩn quân đội, Hỗ trợ sạc từ tính MagSafe"
SKU001912,Củ sạc nhanh GaN - Ugreen Nexode 100W 4 cổng,Phụ kiện,Củ sạc nhanh GaN,Phụ kiện cao cấp,3725000,https://picsum.photos/seed/acc1912/600/600,"Công nghệ bán dẫn GaN nhỏ gọn, Tự chia nguồn thông minh"
SKU001913,Ốp lưng cao cấp - UAG Monarch MagSafe,Phụ kiện,Ốp lưng cao cấp,Phụ kiện cao cấp,5569000,https://picsum.photos/seed/acc1913/600/600,"Chống sốc tiêu chuẩn quân đội, Hỗ trợ sạc từ tính MagSafe"
SKU001914,Tai nghe Bluetooth True Wireless - Sony WF-1000XM5,Phụ kiện,Tai nghe Bluetooth True Wireless,Phụ kiện cao cấp,5753000,https://picsum.photos/seed/acc1914/600/600,Chống ồn chủ động ANC; Pin: 24h kèm hộp; Bluetooth 5.3
SKU001915,Ốp lưng cao cấp - Spigen Ultra Hybrid,Phụ kiện,Ốp lưng cao cấp,Phụ kiện cao cấp,3709000,https://picsum.photos/seed/acc1915/600/600,"Chống sốc tiêu chuẩn quân đội, Hỗ trợ sạc từ tính MagSafe"
SKU001916,Tai nghe Bluetooth True Wireless - Sony WF-1000XM5,Phụ kiện,Tai nghe Bluetooth True Wireless,Phụ kiện cao cấp,2771000,https://picsum.photos/seed/acc1916/600/600,Chống ồn chủ động ANC; Pin: 24h kèm hộp; Bluetooth 5.3
SKU001917,Ốp lưng cao cấp - Spigen Ultra Hybrid,Phụ kiện,Ốp lưng cao cấp,Phụ kiện cao cấp,5033000,https://picsum.photos/seed/acc1917/600/600,"Chống sốc tiêu chuẩn quân đội, Hỗ trợ sạc từ tính MagSafe"
SKU001918,Củ sạc nhanh GaN - Anker 65W Nano 3 cổng,Phụ kiện,Củ sạc nhanh GaN,Phụ kiện cao cấp,4150000,https://picsum.photos/seed/acc1918/600/600,"Công nghệ bán dẫn GaN nhỏ gọn, Tự chia nguồn thông minh"
SKU001919,Tai nghe Bluetooth True Wireless - Apple AirPods Pro 2,Phụ kiện,Tai nghe Bluetooth True Wireless,Phụ kiện cao cấp,2413000,https://picsum.photos/seed/acc1919/600/600,Chống ồn chủ động ANC; Pin: 24h kèm hộp; Bluetooth 5.3
SKU001920,Tai nghe Bluetooth True Wireless - Apple AirPods Pro 2,Phụ kiện,Tai nghe Bluetooth True Wireless,Phụ kiện cao cấp,4738000,https://picsum.photos/seed/acc1920/600/600,Chống ồn chủ động ANC; Pin: 24h kèm hộp; Bluetooth 5.3
SKU001921,Tai nghe Bluetooth True Wireless - Apple AirPods Pro 2,Phụ kiện,Tai nghe Bluetooth True Wireless,Phụ kiện cao cấp,3877000,https://picsum.photos/seed/acc1921/600/600,Chống ồn chủ động ANC; Pin: 24h kèm hộp; Bluetooth 5.3
SKU001922,Củ sạc nhanh GaN - Anker 65W Nano 3 cổng,Phụ kiện,Củ sạc nhanh GaN,Phụ kiện cao cấp,4773000,https://picsum.photos/seed/acc1922/600/600,"Công nghệ bán dẫn GaN nhỏ gọn, Tự chia nguồn thông minh"
SKU001923,Củ sạc nhanh GaN - Baseus GaN5 Pro 65W,Phụ kiện,Củ sạc nhanh GaN,Phụ kiện cao cấp,5766000,https://picsum.photos/seed/acc1923/600/600,"Công nghệ bán dẫn GaN nhỏ gọn, Tự chia nguồn thông minh"
SKU001924,Củ sạc nhanh GaN - Anker 65W Nano 3 cổng,Phụ kiện,Củ sạc nhanh GaN,Phụ kiện cao cấp,5786000,https://picsum.photos/seed/acc1924/600/600,"Công nghệ bán dẫn GaN nhỏ gọn, Tự chia nguồn thông minh"
SKU001925,Củ sạc nhanh GaN - Anker 65W Nano 3 cổng,Phụ kiện,Củ sạc nhanh GaN,Phụ kiện cao cấp,1660000,https://picsum.photos/seed/acc1925/600/600,"Công nghệ bán dẫn GaN nhỏ gọn, Tự chia nguồn thông minh"
SKU001926,Tai nghe Bluetooth True Wireless - Soundpeats Air 4,Phụ kiện,Tai nghe Bluetooth True Wireless,Phụ kiện cao cấp,1558000,https://picsum.photos/seed/acc1926/600/600,Chống ồn chủ động ANC; Pin: 24h kèm hộp; Bluetooth 5.3
SKU001927,Ốp lưng cao cấp - Spigen Ultra Hybrid,Phụ kiện,Ốp lưng cao cấp,Phụ kiện cao cấp,4849000,https://picsum.photos/seed/acc1927/600/600,"Chống sốc tiêu chuẩn quân đội, Hỗ trợ sạc từ tính MagSafe"
SKU001928,Tai nghe Bluetooth True Wireless - Soundpeats Air 4,Phụ kiện,Tai nghe Bluetooth True Wireless,Phụ kiện cao cấp,950000,https://picsum.photos/seed/acc1928/600/600,Chống ồn chủ động ANC; Pin: 24h kèm hộp; Bluetooth 5.3
SKU001929,Pin sạc dự phòng - Baseus Blade 100W 20000mAh,Phụ kiện,Pin sạc dự phòng,Phụ kiện cao cấp,3212000,https://picsum.photos/seed/acc1929/600/600,"Dung tích pin chuẩn; Hỗ trợ sạc nhanh PD 3.0, QC 4.0"
SKU001930,Tai nghe Bluetooth True Wireless - Samsung Galaxy Buds 2 Pro,Phụ kiện,Tai nghe Bluetooth True Wireless,Phụ kiện cao cấp,4178000,https://picsum.photos/seed/acc1930/600/600,Chống ồn chủ động ANC; Pin: 24h kèm hộp; Bluetooth 5.3
SKU001931,Tai nghe Bluetooth True Wireless - Sony WF-1000XM5,Phụ kiện,Tai nghe Bluetooth True Wireless,Phụ kiện cao cấp,1633000,https://picsum.photos/seed/acc1931/600/600,Chống ồn chủ động ANC; Pin: 24h kèm hộp; Bluetooth 5.3
SKU001932,Ốp lưng cao cấp - Nillkin Frosted Shield,Phụ kiện,Ốp lưng cao cấp,Phụ kiện cao cấp,4589000,https://picsum.photos/seed/acc1932/600/600,"Chống sốc tiêu chuẩn quân đội, Hỗ trợ sạc từ tính MagSafe"
SKU001933,Củ sạc nhanh GaN - Ugreen Nexode 100W 4 cổng,Phụ kiện,Củ sạc nhanh GaN,Phụ kiện cao cấp,2489000,https://picsum.photos/seed/acc1933/600/600,"Công nghệ bán dẫn GaN nhỏ gọn, Tự chia nguồn thông minh"
SKU001934,Pin sạc dự phòng - Ugreen Nexode 12000mAh,Phụ kiện,Pin sạc dự phòng,Phụ kiện cao cấp,816000,https://picsum.photos/seed/acc1934/600/600,"Dung tích pin chuẩn; Hỗ trợ sạc nhanh PD 3.0, QC 4.0"
SKU001935,Củ sạc nhanh GaN - Baseus GaN5 Pro 65W,Phụ kiện,Củ sạc nhanh GaN,Phụ kiện cao cấp,3810000,https://picsum.photos/seed/acc1935/600/600,"Công nghệ bán dẫn GaN nhỏ gọn, Tự chia nguồn thông minh"
SKU001936,Củ sạc nhanh GaN - Ugreen Nexode 100W 4 cổng,Phụ kiện,Củ sạc nhanh GaN,Phụ kiện cao cấp,1747000,https://picsum.photos/seed/acc1936/600/600,"Công nghệ bán dẫn GaN nhỏ gọn, Tự chia nguồn thông minh"
SKU001937,Ốp lưng cao cấp - Spigen Ultra Hybrid,Phụ kiện,Ốp lưng cao cấp,Phụ kiện cao cấp,2456000,https://picsum.photos/seed/acc1937/600/600,"Chống sốc tiêu chuẩn quân đội, Hỗ trợ sạc từ tính MagSafe"
SKU001938,Tai nghe Bluetooth True Wireless - Sony WF-1000XM5,Phụ kiện,Tai nghe Bluetooth True Wireless,Phụ kiện cao cấp,4481000,https://picsum.photos/seed/acc1938/600/600,Chống ồn chủ động ANC; Pin: 24h kèm hộp; Bluetooth 5.3
SKU001939,Củ sạc nhanh GaN - Baseus GaN5 Pro 65W,Phụ kiện,Củ sạc nhanh GaN,Phụ kiện cao cấp,1055000,https://picsum.photos/seed/acc1939/600/600,"Công nghệ bán dẫn GaN nhỏ gọn, Tự chia nguồn thông minh"
SKU001940,Ốp lưng cao cấp - Spigen Ultra Hybrid,Phụ kiện,Ốp lưng cao cấp,Phụ kiện cao cấp,5372000,https://picsum.photos/seed/acc1940/600/600,"Chống sốc tiêu chuẩn quân đội, Hỗ trợ sạc từ tính MagSafe"
SKU001941,Pin sạc dự phòng - Ugreen Nexode 12000mAh,Phụ kiện,Pin sạc dự phòng,Phụ kiện cao cấp,4303000,https://picsum.photos/seed/acc1941/600/600,"Dung tích pin chuẩn; Hỗ trợ sạc nhanh PD 3.0, QC 4.0"
SKU001942,Tai nghe Bluetooth True Wireless - Soundpeats Air 4,Phụ kiện,Tai nghe Bluetooth True Wireless,Phụ kiện cao cấp,352000,https://picsum.photos/seed/acc1942/600/600,Chống ồn chủ động ANC; Pin: 24h kèm hộp; Bluetooth 5.3
SKU001943,Tai nghe Bluetooth True Wireless - Soundpeats Air 4,Phụ kiện,Tai nghe Bluetooth True Wireless,Phụ kiện cao cấp,1563000,https://picsum.photos/seed/acc1943/600/600,Chống ồn chủ động ANC; Pin: 24h kèm hộp; Bluetooth 5.3
SKU001944,Pin sạc dự phòng - Anker 20000mAh 65W,Phụ kiện,Pin sạc dự phòng,Phụ kiện cao cấp,2611000,https://picsum.photos/seed/acc1944/600/600,"Dung tích pin chuẩn; Hỗ trợ sạc nhanh PD 3.0, QC 4.0"
SKU001945,Củ sạc nhanh GaN - Anker 65W Nano 3 cổng,Phụ kiện,Củ sạc nhanh GaN,Phụ kiện cao cấp,1191000,https://picsum.photos/seed/acc1945/600/600,"Công nghệ bán dẫn GaN nhỏ gọn, Tự chia nguồn thông minh"
SKU001946,Củ sạc nhanh GaN - Baseus GaN5 Pro 65W,Phụ kiện,Củ sạc nhanh GaN,Phụ kiện cao cấp,5564000,https://picsum.photos/seed/acc1946/600/600,"Công nghệ bán dẫn GaN nhỏ gọn, Tự chia nguồn thông minh"
SKU001947,Tai nghe Bluetooth True Wireless - Samsung Galaxy Buds 2 Pro,Phụ kiện,Tai nghe Bluetooth True Wireless,Phụ kiện cao cấp,4832000,https://picsum.photos/seed/acc1947/600/600,Chống ồn chủ động ANC; Pin: 24h kèm hộp; Bluetooth 5.3
SKU001948,Pin sạc dự phòng - Baseus Blade 100W 20000mAh,Phụ kiện,Pin sạc dự phòng,Phụ kiện cao cấp,2961000,https://picsum.photos/seed/acc1948/600/600,"Dung tích pin chuẩn; Hỗ trợ sạc nhanh PD 3.0, QC 4.0"
SKU001949,Củ sạc nhanh GaN - Anker 65W Nano 3 cổng,Phụ kiện,Củ sạc nhanh GaN,Phụ kiện cao cấp,4359000,https://picsum.photos/seed/acc1949/600/600,"Công nghệ bán dẫn GaN nhỏ gọn, Tự chia nguồn thông minh"
SKU001950,Tai nghe Bluetooth True Wireless - Samsung Galaxy Buds 2 Pro,Phụ kiện,Tai nghe Bluetooth True Wireless,Phụ kiện cao cấp,4350000,https://picsum.photos/seed/acc1950/600/600,Chống ồn chủ động ANC; Pin: 24h kèm hộp; Bluetooth 5.3
SKU001951,Củ sạc nhanh GaN - Ugreen Nexode 100W 4 cổng,Phụ kiện,Củ sạc nhanh GaN,Phụ kiện cao cấp,203000,https://picsum.photos/seed/acc1951/600/600,"Công nghệ bán dẫn GaN nhỏ gọn, Tự chia nguồn thông minh"
SKU001952,Tai nghe Bluetooth True Wireless - Apple AirPods Pro 2,Phụ kiện,Tai nghe Bluetooth True Wireless,Phụ kiện cao cấp,2099000,https://picsum.photos/seed/acc1952/600/600,Chống ồn chủ động ANC; Pin: 24h kèm hộp; Bluetooth 5.3
SKU001953,Củ sạc nhanh GaN - Anker 65W Nano 3 cổng,Phụ kiện,Củ sạc nhanh GaN,Phụ kiện cao cấp,5146000,https://picsum.photos/seed/acc1953/600/600,"Công nghệ bán dẫn GaN nhỏ gọn, Tự chia nguồn thông minh"
SKU001954,Tai nghe Bluetooth True Wireless - Sony WF-1000XM5,Phụ kiện,Tai nghe Bluetooth True Wireless,Phụ kiện cao cấp,4854000,https://picsum.photos/seed/acc1954/600/600,Chống ồn chủ động ANC; Pin: 24h kèm hộp; Bluetooth 5.3
SKU001955,Pin sạc dự phòng - Baseus Blade 100W 20000mAh,Phụ kiện,Pin sạc dự phòng,Phụ kiện cao cấp,958000,https://picsum.photos/seed/acc1955/600/600,"Dung tích pin chuẩn; Hỗ trợ sạc nhanh PD 3.0, QC 4.0"
SKU001956,Củ sạc nhanh GaN - Ugreen Nexode 100W 4 cổng,Phụ kiện,Củ sạc nhanh GaN,Phụ kiện cao cấp,719000,https://picsum.photos/seed/acc1956/600/600,"Công nghệ bán dẫn GaN nhỏ gọn, Tự chia nguồn thông minh"
SKU001957,Tai nghe Bluetooth True Wireless - Samsung Galaxy Buds 2 Pro,Phụ kiện,Tai nghe Bluetooth True Wireless,Phụ kiện cao cấp,452000,https://picsum.photos/seed/acc1957/600/600,Chống ồn chủ động ANC; Pin: 24h kèm hộp; Bluetooth 5.3
SKU001958,Tai nghe Bluetooth True Wireless - Sony WF-1000XM5,Phụ kiện,Tai nghe Bluetooth True Wireless,Phụ kiện cao cấp,503000,https://picsum.photos/seed/acc1958/600/600,Chống ồn chủ động ANC; Pin: 24h kèm hộp; Bluetooth 5.3
SKU001959,Ốp lưng cao cấp - Nillkin Frosted Shield,Phụ kiện,Ốp lưng cao cấp,Phụ kiện cao cấp,4712000,https://picsum.photos/seed/acc1959/600/600,"Chống sốc tiêu chuẩn quân đội, Hỗ trợ sạc từ tính MagSafe"
SKU001960,Pin sạc dự phòng - Xiaomi 10000mAh Gen 3,Phụ kiện,Pin sạc dự phòng,Phụ kiện cao cấp,438000,https://picsum.photos/seed/acc1960/600/600,"Dung tích pin chuẩn; Hỗ trợ sạc nhanh PD 3.0, QC 4.0"
SKU001961,Pin sạc dự phòng - Ugreen Nexode 12000mAh,Phụ kiện,Pin sạc dự phòng,Phụ kiện cao cấp,1404000,https://picsum.photos/seed/acc1961/600/600,"Dung tích pin chuẩn; Hỗ trợ sạc nhanh PD 3.0, QC 4.0"
SKU001962,Ốp lưng cao cấp - UAG Monarch MagSafe,Phụ kiện,Ốp lưng cao cấp,Phụ kiện cao cấp,1319000,https://picsum.photos/seed/acc1962/600/600,"Chống sốc tiêu chuẩn quân đội, Hỗ trợ sạc từ tính MagSafe"
SKU001963,Củ sạc nhanh GaN - Anker 65W Nano 3 cổng,Phụ kiện,Củ sạc nhanh GaN,Phụ kiện cao cấp,999000,https://picsum.photos/seed/acc1963/600/600,"Công nghệ bán dẫn GaN nhỏ gọn, Tự chia nguồn thông minh"
SKU001964,Pin sạc dự phòng - Anker 20000mAh 65W,Phụ kiện,Pin sạc dự phòng,Phụ kiện cao cấp,5783000,https://picsum.photos/seed/acc1964/600/600,"Dung tích pin chuẩn; Hỗ trợ sạc nhanh PD 3.0, QC 4.0"
SKU001965,Củ sạc nhanh GaN - Baseus GaN5 Pro 65W,Phụ kiện,Củ sạc nhanh GaN,Phụ kiện cao cấp,3613000,https://picsum.photos/seed/acc1965/600/600,"Công nghệ bán dẫn GaN nhỏ gọn, Tự chia nguồn thông minh"
SKU001966,Ốp lưng cao cấp - Nillkin Frosted Shield,Phụ kiện,Ốp lưng cao cấp,Phụ kiện cao cấp,3088000,https://picsum.photos/seed/acc1966/600/600,"Chống sốc tiêu chuẩn quân đội, Hỗ trợ sạc từ tính MagSafe"
SKU001967,Ốp lưng cao cấp - Spigen Ultra Hybrid,Phụ kiện,Ốp lưng cao cấp,Phụ kiện cao cấp,2295000,https://picsum.photos/seed/acc1967/600/600,"Chống sốc tiêu chuẩn quân đội, Hỗ trợ sạc từ tính MagSafe"
SKU001968,Ốp lưng cao cấp - Spigen Ultra Hybrid,Phụ kiện,Ốp lưng cao cấp,Phụ kiện cao cấp,785000,https://picsum.photos/seed/acc1968/600/600,"Chống sốc tiêu chuẩn quân đội, Hỗ trợ sạc từ tính MagSafe"
SKU001969,Củ sạc nhanh GaN - Baseus GaN5 Pro 65W,Phụ kiện,Củ sạc nhanh GaN,Phụ kiện cao cấp,1511000,https://picsum.photos/seed/acc1969/600/600,"Công nghệ bán dẫn GaN nhỏ gọn, Tự chia nguồn thông minh"
SKU001970,Pin sạc dự phòng - Ugreen Nexode 12000mAh,Phụ kiện,Pin sạc dự phòng,Phụ kiện cao cấp,2565000,https://picsum.photos/seed/acc1970/600/600,"Dung tích pin chuẩn; Hỗ trợ sạc nhanh PD 3.0, QC 4.0"
SKU001971,Pin sạc dự phòng - Baseus Blade 100W 20000mAh,Phụ kiện,Pin sạc dự phòng,Phụ kiện cao cấp,1331000,https://picsum.photos/seed/acc1971/600/600,"Dung tích pin chuẩn; Hỗ trợ sạc nhanh PD 3.0, QC 4.0"
SKU001972,Củ sạc nhanh GaN - Anker 65W Nano 3 cổng,Phụ kiện,Củ sạc nhanh GaN,Phụ kiện cao cấp,1993000,https://picsum.photos/seed/acc1972/600/600,"Công nghệ bán dẫn GaN nhỏ gọn, Tự chia nguồn thông minh"
SKU001973,Ốp lưng cao cấp - Nillkin Frosted Shield,Phụ kiện,Ốp lưng cao cấp,Phụ kiện cao cấp,1494000,https://picsum.photos/seed/acc1973/600/600,"Chống sốc tiêu chuẩn quân đội, Hỗ trợ sạc từ tính MagSafe"
SKU001974,Pin sạc dự phòng - Baseus Blade 100W 20000mAh,Phụ kiện,Pin sạc dự phòng,Phụ kiện cao cấp,1049000,https://picsum.photos/seed/acc1974/600/600,"Dung tích pin chuẩn; Hỗ trợ sạc nhanh PD 3.0, QC 4.0"
SKU001975,Củ sạc nhanh GaN - Ugreen Nexode 100W 4 cổng,Phụ kiện,Củ sạc nhanh GaN,Phụ kiện cao cấp,5117000,https://picsum.photos/seed/acc1975/600/600,"Công nghệ bán dẫn GaN nhỏ gọn, Tự chia nguồn thông minh"
SKU001976,Củ sạc nhanh GaN - Baseus GaN5 Pro 65W,Phụ kiện,Củ sạc nhanh GaN,Phụ kiện cao cấp,2763000,https://picsum.photos/seed/acc1976/600/600,"Công nghệ bán dẫn GaN nhỏ gọn, Tự chia nguồn thông minh"
SKU001977,Ốp lưng cao cấp - UAG Monarch MagSafe,Phụ kiện,Ốp lưng cao cấp,Phụ kiện cao cấp,2829000,https://picsum.photos/seed/acc1977/600/600,"Chống sốc tiêu chuẩn quân đội, Hỗ trợ sạc từ tính MagSafe"
SKU001978,Pin sạc dự phòng - Xiaomi 10000mAh Gen 3,Phụ kiện,Pin sạc dự phòng,Phụ kiện cao cấp,1706000,https://picsum.photos/seed/acc1978/600/600,"Dung tích pin chuẩn; Hỗ trợ sạc nhanh PD 3.0, QC 4.0"
SKU001979,Tai nghe Bluetooth True Wireless - Samsung Galaxy Buds 2 Pro,Phụ kiện,Tai nghe Bluetooth True Wireless,Phụ kiện cao cấp,4075000,https://picsum.photos/seed/acc1979/600/600,Chống ồn chủ động ANC; Pin: 24h kèm hộp; Bluetooth 5.3
SKU001980,Ốp lưng cao cấp - Nillkin Frosted Shield,Phụ kiện,Ốp lưng cao cấp,Phụ kiện cao cấp,3655000,https://picsum.photos/seed/acc1980/600/600,"Chống sốc tiêu chuẩn quân đội, Hỗ trợ sạc từ tính MagSafe"
SKU001981,Tai nghe Bluetooth True Wireless - Sony WF-1000XM5,Phụ kiện,Tai nghe Bluetooth True Wireless,Phụ kiện cao cấp,2318000,https://picsum.photos/seed/acc1981/600/600,Chống ồn chủ động ANC; Pin: 24h kèm hộp; Bluetooth 5.3
SKU001982,Tai nghe Bluetooth True Wireless - Apple AirPods Pro 2,Phụ kiện,Tai nghe Bluetooth True Wireless,Phụ kiện cao cấp,5877000,https://picsum.photos/seed/acc1982/600/600,Chống ồn chủ động ANC; Pin: 24h kèm hộp; Bluetooth 5.3
SKU001983,Pin sạc dự phòng - Baseus Blade 100W 20000mAh,Phụ kiện,Pin sạc dự phòng,Phụ kiện cao cấp,1067000,https://picsum.photos/seed/acc1983/600/600,"Dung tích pin chuẩn; Hỗ trợ sạc nhanh PD 3.0, QC 4.0"
SKU001984,Củ sạc nhanh GaN - Anker 65W Nano 3 cổng,Phụ kiện,Củ sạc nhanh GaN,Phụ kiện cao cấp,3209000,https://picsum.photos/seed/acc1984/600/600,"Công nghệ bán dẫn GaN nhỏ gọn, Tự chia nguồn thông minh"
SKU001985,Ốp lưng cao cấp - Nillkin Frosted Shield,Phụ kiện,Ốp lưng cao cấp,Phụ kiện cao cấp,5295000,https://picsum.photos/seed/acc1985/600/600,"Chống sốc tiêu chuẩn quân đội, Hỗ trợ sạc từ tính MagSafe"
SKU001986,Pin sạc dự phòng - Ugreen Nexode 12000mAh,Phụ kiện,Pin sạc dự phòng,Phụ kiện cao cấp,2669000,https://picsum.photos/seed/acc1986/600/600,"Dung tích pin chuẩn; Hỗ trợ sạc nhanh PD 3.0, QC 4.0"
SKU001987,Ốp lưng cao cấp - Spigen Ultra Hybrid,Phụ kiện,Ốp lưng cao cấp,Phụ kiện cao cấp,2151000,https://picsum.photos/seed/acc1987/600/600,"Chống sốc tiêu chuẩn quân đội, Hỗ trợ sạc từ tính MagSafe"
SKU001988,Củ sạc nhanh GaN - Baseus GaN5 Pro 65W,Phụ kiện,Củ sạc nhanh GaN,Phụ kiện cao cấp,702000,https://picsum.photos/seed/acc1988/600/600,"Công nghệ bán dẫn GaN nhỏ gọn, Tự chia nguồn thông minh"
SKU001989,Tai nghe Bluetooth True Wireless - Apple AirPods Pro 2,Phụ kiện,Tai nghe Bluetooth True Wireless,Phụ kiện cao cấp,882000,https://picsum.photos/seed/acc1989/600/600,Chống ồn chủ động ANC; Pin: 24h kèm hộp; Bluetooth 5.3
SKU001990,Tai nghe Bluetooth True Wireless - Samsung Galaxy Buds 2 Pro,Phụ kiện,Tai nghe Bluetooth True Wireless,Phụ kiện cao cấp,5813000,https://picsum.photos/seed/acc1990/600/600,Chống ồn chủ động ANC; Pin: 24h kèm hộp; Bluetooth 5.3
SKU001991,Tai nghe Bluetooth True Wireless - Samsung Galaxy Buds 2 Pro,Phụ kiện,Tai nghe Bluetooth True Wireless,Phụ kiện cao cấp,1096000,https://picsum.photos/seed/acc1991/600/600,Chống ồn chủ động ANC; Pin: 24h kèm hộp; Bluetooth 5.3
SKU001992,Pin sạc dự phòng - Anker 20000mAh 65W,Phụ kiện,Pin sạc dự phòng,Phụ kiện cao cấp,3578000,https://picsum.photos/seed/acc1992/600/600,"Dung tích pin chuẩn; Hỗ trợ sạc nhanh PD 3.0, QC 4.0"
SKU001993,Pin sạc dự phòng - Baseus Blade 100W 20000mAh,Phụ kiện,Pin sạc dự phòng,Phụ kiện cao cấp,2096000,https://picsum.photos/seed/acc1993/600/600,"Dung tích pin chuẩn; Hỗ trợ sạc nhanh PD 3.0, QC 4.0"
SKU001994,Pin sạc dự phòng - Anker 20000mAh 65W,Phụ kiện,Pin sạc dự phòng,Phụ kiện cao cấp,4905000,https://picsum.photos/seed/acc1994/600/600,"Dung tích pin chuẩn; Hỗ trợ sạc nhanh PD 3.0, QC 4.0"
SKU001995,Củ sạc nhanh GaN - Anker 65W Nano 3 cổng,Phụ kiện,Củ sạc nhanh GaN,Phụ kiện cao cấp,2994000,https://picsum.photos/seed/acc1995/600/600,"Công nghệ bán dẫn GaN nhỏ gọn, Tự chia nguồn thông minh"
SKU001996,Tai nghe Bluetooth True Wireless - Sony WF-1000XM5,Phụ kiện,Tai nghe Bluetooth True Wireless,Phụ kiện cao cấp,621000,https://picsum.photos/seed/acc1996/600/600,Chống ồn chủ động ANC; Pin: 24h kèm hộp; Bluetooth 5.3
SKU001997,Củ sạc nhanh GaN - Ugreen Nexode 100W 4 cổng,Phụ kiện,Củ sạc nhanh GaN,Phụ kiện cao cấp,250000,https://picsum.photos/seed/acc1997/600/600,"Công nghệ bán dẫn GaN nhỏ gọn, Tự chia nguồn thông minh"
SKU001998,Ốp lưng cao cấp - UAG Monarch MagSafe,Phụ kiện,Ốp lưng cao cấp,Phụ kiện cao cấp,2603000,https://picsum.photos/seed/acc1998/600/600,"Chống sốc tiêu chuẩn quân đội, Hỗ trợ sạc từ tính MagSafe"
SKU001999,Củ sạc nhanh GaN - Ugreen Nexode 100W 4 cổng,Phụ kiện,Củ sạc nhanh GaN,Phụ kiện cao cấp,1551000,https://picsum.photos/seed/acc1999/600/600,"Công nghệ bán dẫn GaN nhỏ gọn, Tự chia nguồn thông minh"
SKU002000,Pin sạc dự phòng - Baseus Blade 100W 20000mAh,Phụ kiện,Pin sạc dự phòng,Phụ kiện cao cấp,5914000,https://picsum.photos/seed/acc2000/600/600,"Dung tích pin chuẩn; Hỗ trợ sạc nhanh PD 3.0, QC 4.0"
